scheme_id,season,scheme_name,district,region,capacity_class,season_capacity_mcm,live_capacity_class,season_live_capacity_mcm,live_values,live_change_dates,n_dates,n_values,n_days_majority,n_days_minority,runs,values,first_date,last_date,change_dates
1,2022,Khambhada,Botad,Sau,clean,4.41,clean,3.48,3.48,,153,1,153,0,4.41@2022-06-01..2022-10-31(153),4.41,2022-06-01,2022-10-31,
1,2023,Khambhada,Botad,Sau,clean,4.41,clean,3.48,3.48,,153,1,153,0,4.41@2023-06-01..2023-10-31(153),4.41,2023-06-01,2023-10-31,
1,2024,Khambhada,Botad,Sau,clean,4.41,clean,3.48,3.48,,153,1,153,0,4.41@2024-06-01..2024-10-31(153),4.41,2024-06-01,2024-10-31,
1,2025,Khambhada,Botad,Sau,clean,4.41,clean,3.48,3.48,,152,1,152,0,4.41@2025-06-01..2025-10-31(152),4.41,2025-06-01,2025-10-31,
1,2026,Khambhada,Botad,Sau,clean,4.41,clean,3.48,3.48,,112,1,112,0,4.41@2026-06-01..2026-09-22(112),4.41,2026-06-01,2026-09-22,
2,2022,Utavali,Botad,Sau,clean,9.01,clean,6.91,6.91,,153,1,153,0,9.01@2022-06-01..2022-10-31(153),9.01,2022-06-01,2022-10-31,
2,2023,Utavali,Botad,Sau,clean,9.01,clean,6.91,6.91,,153,1,153,0,9.01@2023-06-01..2023-10-31(153),9.01,2023-06-01,2023-10-31,
2,2024,Utavali,Botad,Sau,clean,9.01,clean,6.91,6.91,,153,1,153,0,9.01@2024-06-01..2024-10-31(153),9.01,2024-06-01,2024-10-31,
2,2025,Utavali,Botad,Sau,clean,9.01,clean,6.91,6.91,,152,1,152,0,9.01@2025-06-01..2025-10-31(152),9.01,2025-06-01,2025-10-31,
2,2026,Utavali,Botad,Sau,clean,9.01,clean,6.91,6.91,,112,1,112,0,9.01@2026-06-01..2026-09-22(112),9.01,2026-06-01,2026-09-22,
3,2022,Mukteshwar,Banaskantha,NG,clean,31.46,clean,26.3,26.3,,153,1,153,0,31.46@2022-06-01..2022-10-31(153),31.46,2022-06-01,2022-10-31,
3,2023,Mukteshwar,Banaskantha,NG,clean,31.46,clean,26.3,26.3,,153,1,153,0,31.46@2023-06-01..2023-10-31(153),31.46,2023-06-01,2023-10-31,
3,2024,Mukteshwar,Banaskantha,NG,clean,31.46,clean,26.3,26.3,,153,1,153,0,31.46@2024-06-01..2024-10-31(153),31.46,2024-06-01,2024-10-31,
3,2025,Mukteshwar,Banaskantha,NG,clean,31.46,clean,26.3,26.3,,152,1,152,0,31.46@2025-06-01..2025-10-31(152),31.46,2025-06-01,2025-10-31,
3,2026,Mukteshwar,Banaskantha,NG,clean,31.46,clean,26.3,26.3,,112,1,112,0,31.46@2026-06-01..2026-09-22(112),31.46,2026-06-01,2026-09-22,
4,2022,Dantiwada,Banaskantha,NG,clean,393.62,clean,387.41,387.41,,153,1,153,0,393.62@2022-06-01..2022-10-31(153),393.62,2022-06-01,2022-10-31,
4,2023,Dantiwada,Banaskantha,NG,clean,397.12,clean,392.01,392.01,,153,1,153,0,397.12@2023-06-01..2023-10-31(153),397.12,2023-06-01,2023-10-31,
4,2024,Dantiwada,Banaskantha,NG,clean,393.62,clean,387.41,387.41,,153,1,153,0,393.62@2024-06-01..2024-10-31(153),393.62,2024-06-01,2024-10-31,
4,2025,Dantiwada,Banaskantha,NG,clean,397.12,clean,392.01,392.01,,152,1,152,0,397.12@2025-06-01..2025-10-31(152),397.12,2025-06-01,2025-10-31,
4,2026,Dantiwada,Banaskantha,NG,clean,397.12,clean,392.01,392.01,,112,1,112,0,397.12@2026-06-01..2026-09-22(112),397.12,2026-06-01,2026-09-22,
5,2022,Sipu,Banaskantha,NG,clean,161.43,clean,145.37,145.37,,153,1,153,0,161.43@2022-06-01..2022-10-31(153),161.43,2022-06-01,2022-10-31,
5,2023,Sipu,Banaskantha,NG,clean,161.43,clean,145.37,145.37,,153,1,153,0,161.43@2023-06-01..2023-10-31(153),161.43,2023-06-01,2023-10-31,
5,2024,Sipu,Banaskantha,NG,clean,161.43,clean,145.37,145.37,,153,1,153,0,161.43@2024-06-01..2024-10-31(153),161.43,2024-06-01,2024-10-31,
5,2025,Sipu,Banaskantha,NG,clean,161.43,clean,145.37,145.37,,152,1,152,0,161.43@2025-06-01..2025-10-31(152),161.43,2025-06-01,2025-10-31,
5,2026,Sipu,Banaskantha,NG,clean,161.43,clean,145.37,145.37,,112,1,112,0,161.43@2026-06-01..2026-09-22(112),161.43,2026-06-01,2026-09-22,
6,2022,Karjan,Narmada,SG,clean,538.75,clean,514.65,514.65,,153,1,153,0,538.75@2022-06-01..2022-10-31(153),538.75,2022-06-01,2022-10-31,
6,2023,Karjan,Narmada,SG,clean,538.75,clean,514.65,514.65,,153,1,153,0,538.75@2023-06-01..2023-10-31(153),538.75,2023-06-01,2023-10-31,
6,2024,Karjan,Narmada,SG,clean,538.75,clean,514.65,514.65,,153,1,153,0,538.75@2024-06-01..2024-10-31(153),538.75,2024-06-01,2024-10-31,
6,2025,Karjan,Narmada,SG,clean,538.75,clean,514.65,514.65,,152,1,152,0,538.75@2025-06-01..2025-10-31(152),538.75,2025-06-01,2025-10-31,
6,2026,Karjan,Narmada,SG,clean,538.75,clean,514.65,514.65,,112,1,112,0,538.75@2026-06-01..2026-09-22(112),538.75,2026-06-01,2026-09-22,
7,2022,Dholi,Bharuch,SG,clean,14.17,clean,12.56,12.56,,153,1,153,0,14.17@2022-06-01..2022-10-31(153),14.17,2022-06-01,2022-10-31,
7,2023,Dholi,Bharuch,SG,clean,14.17,clean,12.56,12.56,,153,1,153,0,14.17@2023-06-01..2023-10-31(153),14.17,2023-06-01,2023-10-31,
7,2024,Dholi,Bharuch,SG,clean,14.17,clean,12.56,12.56,,153,1,153,0,14.17@2024-06-01..2024-10-31(153),14.17,2024-06-01,2024-10-31,
7,2025,Dholi,Bharuch,SG,clean,14.17,clean,12.56,12.56,,152,1,152,0,14.17@2025-06-01..2025-10-31(152),14.17,2025-06-01,2025-10-31,
7,2026,Dholi,Bharuch,SG,clean,14.17,clean,12.56,12.56,,112,1,112,0,14.17@2026-06-01..2026-09-22(112),14.17,2026-06-01,2026-09-22,
8,2022,Chopadvav,Narmada,SG,clean,12.05,clean,11.3,11.3,,153,1,153,0,12.05@2022-06-01..2022-10-31(153),12.05,2022-06-01,2022-10-31,
8,2023,Chopadvav,Narmada,SG,clean,12.05,clean,11.3,11.3,,153,1,153,0,12.05@2023-06-01..2023-10-31(153),12.05,2023-06-01,2023-10-31,
8,2024,Chopadvav,Narmada,SG,clean,7.18,clean,7.18,7.18,,153,1,153,0,7.18@2024-06-01..2024-10-31(153),7.18,2024-06-01,2024-10-31,
8,2025,Chopadvav,Narmada,SG,clean,7.18,clean,7.18,7.18,,152,1,152,0,7.18@2025-06-01..2025-10-31(152),7.18,2025-06-01,2025-10-31,
8,2026,Chopadvav,Narmada,SG,clean,7.18,clean,7.18,7.18,,112,1,112,0,7.18@2026-06-01..2026-09-22(112),7.18,2026-06-01,2026-09-22,
9,2022,Baldeva,Bharuch,SG,clean,8.15,clean,7.84,7.84,,153,1,153,0,8.15@2022-06-01..2022-10-31(153),8.15,2022-06-01,2022-10-31,
9,2023,Baldeva,Bharuch,SG,clean,8.15,clean,7.84,7.84,,153,1,153,0,8.15@2023-06-01..2023-10-31(153),8.15,2023-06-01,2023-10-31,
9,2024,Baldeva,Bharuch,SG,clean,8.15,clean,7.84,7.84,,153,1,153,0,8.15@2024-06-01..2024-10-31(153),8.15,2024-06-01,2024-10-31,
9,2025,Baldeva,Bharuch,SG,clean,8.15,clean,7.84,7.84,,152,1,152,0,8.15@2025-06-01..2025-10-31(152),8.15,2025-06-01,2025-10-31,
9,2026,Baldeva,Bharuch,SG,clean,8.15,clean,7.84,7.84,,112,1,112,0,8.15@2026-06-01..2026-09-22(112),8.15,2026-06-01,2026-09-22,
10,2022,Pigut,Bharuch,SG,clean,7.52,clean,7.27,7.27,,153,1,153,0,7.52@2022-06-01..2022-10-31(153),7.52,2022-06-01,2022-10-31,
10,2023,Pigut,Bharuch,SG,clean,7.52,clean,7.27,7.27,,153,1,153,0,7.52@2023-06-01..2023-10-31(153),7.52,2023-06-01,2023-10-31,
10,2024,Pigut,Bharuch,SG,clean,7.52,clean,7.27,7.27,,153,1,153,0,7.52@2024-06-01..2024-10-31(153),7.52,2024-06-01,2024-10-31,
10,2025,Pigut,Bharuch,SG,clean,7.52,clean,7.27,7.27,,152,1,152,0,7.52@2025-06-01..2025-10-31(152),7.52,2025-06-01,2025-10-31,
10,2026,Pigut,Bharuch,SG,clean,7.52,clean,7.27,7.27,,112,1,112,0,7.52@2026-06-01..2026-09-22(112),7.52,2026-06-01,2026-09-22,
11,2022,Kakdi-Amba,Narmada,SG,clean,9.37,clean,8.72,8.72,,153,1,153,0,9.37@2022-06-01..2022-10-31(153),9.37,2022-06-01,2022-10-31,
11,2023,Kakdi-Amba,Narmada,SG,clean,9.37,clean,8.72,8.72,,153,1,153,0,9.37@2023-06-01..2023-10-31(153),9.37,2023-06-01,2023-10-31,
11,2024,Kakdi-Amba,Narmada,SG,clean,7.31,clean,7.29,7.29,,153,1,153,0,7.31@2024-06-01..2024-10-31(153),7.31,2024-06-01,2024-10-31,
11,2025,Kakdi-Amba,Narmada,SG,clean,7.31,clean,7.29,7.29,,152,1,152,0,7.31@2025-06-01..2025-10-31(152),7.31,2025-06-01,2025-10-31,
11,2026,Kakdi-Amba,Narmada,SG,clean,7.31,clean,7.29,7.29,,112,1,112,0,7.31@2026-06-01..2026-09-22(112),7.31,2026-06-01,2026-09-22,
12,2022,Wanakbori,Mahisagar,CG,clean,41.88,clean,36.22,36.22,,153,1,153,0,41.88@2022-06-01..2022-10-31(153),41.88,2022-06-01,2022-10-31,
12,2023,Wanakbori,Mahisagar,CG,clean,41.88,clean,36.22,36.22,,153,1,153,0,41.88@2023-06-01..2023-10-31(153),41.88,2023-06-01,2023-10-31,
12,2024,Wanakbori,Mahisagar,CG,clean,41.88,clean,36.22,36.22,,153,1,153,0,41.88@2024-06-01..2024-10-31(153),41.88,2024-06-01,2024-10-31,
12,2025,Wanakbori,Mahisagar,CG,clean,41.88,clean,36.22,36.22,,152,1,152,0,41.88@2025-06-01..2025-10-31(152),41.88,2025-06-01,2025-10-31,
12,2026,Wanakbori,Mahisagar,CG,clean,41.88,clean,36.22,36.22,,112,1,112,0,41.88@2026-06-01..2026-09-22(112),41.88,2026-06-01,2026-09-22,
13,2022,Dharoi,Mahesana,NG,clean,813.14,clean,745.63,745.63,,153,1,153,0,813.14@2022-06-01..2022-10-31(153),813.14,2022-06-01,2022-10-31,
13,2023,Dharoi,Mahesana,NG,clean,813.14,clean,745.63,745.63,,153,1,153,0,813.14@2023-06-01..2023-10-31(153),813.14,2023-06-01,2023-10-31,
13,2024,Dharoi,Mahesana,NG,clean,813.14,clean,745.63,745.63,,153,1,153,0,813.14@2024-06-01..2024-10-31(153),813.14,2024-06-01,2024-10-31,
13,2025,Dharoi,Mahesana,NG,clean,813.14,clean,745.63,745.63,,152,1,152,0,813.14@2025-06-01..2025-10-31(152),813.14,2025-06-01,2025-10-31,
13,2026,Dharoi,Mahesana,NG,clean,813.14,clean,745.63,745.63,,112,1,112,0,813.14@2026-06-01..2026-09-22(112),813.14,2026-06-01,2026-09-22,
14,2022,Panam,Panchmahal,CG,clean,578.19,clean,552.97,552.97,,153,1,153,0,578.19@2022-06-01..2022-10-31(153),578.19,2022-06-01,2022-10-31,
14,2023,Panam,Mahisagar,CG,clean,578.19,clean,552.97,552.97,,153,1,153,0,578.19@2023-06-01..2023-10-31(153),578.19,2023-06-01,2023-10-31,
14,2024,Panam,Mahisagar,CG,clean,578.19,clean,552.97,552.97,,153,1,153,0,578.19@2024-06-01..2024-10-31(153),578.19,2024-06-01,2024-10-31,
14,2025,Panam,Mahisagar,CG,clean,578.19,clean,552.97,552.97,,152,1,152,0,578.19@2025-06-01..2025-10-31(152),578.19,2025-06-01,2025-10-31,
14,2026,Panam,Mahisagar,CG,clean,578.19,clean,552.97,552.97,,112,1,112,0,578.19@2026-06-01..2026-09-22(112),578.19,2026-06-01,2026-09-22,
15,2022,Deo,Panchmahal,CG,clean,67.95,clean,61.35,61.35,,153,1,153,0,67.95@2022-06-01..2022-10-31(153),67.95,2022-06-01,2022-10-31,
15,2023,Deo,Panchmahal,CG,clean,67.95,clean,61.35,61.35,,153,1,153,0,67.95@2023-06-01..2023-10-31(153),67.95,2023-06-01,2023-10-31,
15,2024,Deo,Panchmahal,CG,clean,67.95,clean,61.35,61.35,,153,1,153,0,67.95@2024-06-01..2024-10-31(153),67.95,2024-06-01,2024-10-31,
15,2025,Deo,Panchmahal,CG,clean,67.95,clean,61.35,61.35,,152,1,152,0,67.95@2025-06-01..2025-10-31(152),67.95,2025-06-01,2025-10-31,
15,2026,Deo,Panchmahal,CG,clean,67.95,clean,61.35,61.35,,112,1,112,0,67.95@2026-06-01..2026-09-22(112),67.95,2026-06-01,2026-09-22,
16,2022,Hadaf,Panchmahal,CG,clean,22.09,clean,17.27,17.27,,153,1,153,0,22.09@2022-06-01..2022-10-31(153),22.09,2022-06-01,2022-10-31,
16,2023,Hadaf,Dahod,CG,clean,22.09,clean,17.27,17.27,,153,1,153,0,22.09@2023-06-01..2023-10-31(153),22.09,2023-06-01,2023-10-31,
16,2024,Hadaf,Dahod,CG,clean,22.09,clean,17.27,17.27,,153,1,153,0,22.09@2024-06-01..2024-10-31(153),22.09,2024-06-01,2024-10-31,
16,2025,Hadaf,Dahod,CG,clean,22.09,clean,17.27,17.27,,152,1,152,0,22.09@2025-06-01..2025-10-31(152),22.09,2025-06-01,2025-10-31,
16,2026,Hadaf,Dahod,CG,clean,22.09,clean,17.27,17.27,,112,1,112,0,22.09@2026-06-01..2026-09-22(112),22.09,2026-06-01,2026-09-22,
17,2022,Kadana,Mahisagar,CG,clean,1249.3,clean,1191.7,1191.7,,153,1,153,0,1249.3@2022-06-01..2022-10-31(153),1249.3,2022-06-01,2022-10-31,
17,2023,Kadana,Mahisagar,CG,clean,1249.3,clean,1191.7,1191.7,,153,1,153,0,1249.3@2023-06-01..2023-10-31(153),1249.3,2023-06-01,2023-10-31,
17,2024,Kadana,Mahisagar,CG,clean,1249.3,clean,1191.7,1191.7,,153,1,153,0,1249.3@2024-06-01..2024-10-31(153),1249.3,2024-06-01,2024-10-31,
17,2025,Kadana,Mahisagar,CG,clean,1249.3,clean,1191.7,1191.7,,152,1,152,0,1249.3@2025-06-01..2025-10-31(152),1249.3,2025-06-01,2025-10-31,
17,2026,Kadana,Mahisagar,CG,clean,1249.3,clean,1191.7,1191.7,,112,1,112,0,1249.3@2026-06-01..2026-09-22(112),1249.3,2026-06-01,2026-09-22,
18,2022,Patadungari,Dahod,CG,clean,33.03,clean,32.85,32.85,,153,1,153,0,33.03@2022-06-01..2022-10-31(153),33.03,2022-06-01,2022-10-31,
18,2023,Patadungari,Dahod,CG,clean,33.03,clean,32.85,32.85,,153,1,153,0,33.03@2023-06-01..2023-10-31(153),33.03,2023-06-01,2023-10-31,
18,2024,Patadungari,Dahod,CG,clean,41.05,clean,39.62,39.62,,153,1,153,0,41.05@2024-06-01..2024-10-31(153),41.05,2024-06-01,2024-10-31,
18,2025,Patadungari,Dahod,CG,clean,41.05,clean,39.64,39.64,,152,1,152,0,41.05@2025-06-01..2025-10-31(152),41.05,2025-06-01,2025-10-31,
18,2026,Patadungari,Dahod,CG,clean,41.05,clean,39.64,39.64,,112,1,112,0,41.05@2026-06-01..2026-09-22(112),41.05,2026-06-01,2026-09-22,
19,2022,Bhadar (P),Mahisagar,CG,clean,30.95,clean,29.23,29.23,,153,1,153,0,30.95@2022-06-01..2022-10-31(153),30.95,2022-06-01,2022-10-31,
19,2023,Bhadar (P),Mahisagar,CG,clean,30.95,clean,29.23,29.23,,153,1,153,0,30.95@2023-06-01..2023-10-31(153),30.95,2023-06-01,2023-10-31,
19,2024,Bhadar (P),Mahisagar,CG,clean,30.95,clean,29.23,29.23,,153,1,153,0,30.95@2024-06-01..2024-10-31(153),30.95,2024-06-01,2024-10-31,
19,2025,Bhadar (P),Mahisagar,CG,clean,30.95,clean,29.23,29.23,,152,1,152,0,30.95@2025-06-01..2025-10-31(152),30.95,2025-06-01,2025-10-31,
19,2026,Bhadar (P),Mahisagar,CG,clean,30.95,clean,29.23,29.23,,112,1,112,0,30.95@2026-06-01..2026-09-22(112),30.95,2026-06-01,2026-09-22,
20,2022,Karad,Panchmahal,CG,clean,42.45,clean,40.06,40.06,,153,1,153,0,42.45@2022-06-01..2022-10-31(153),42.45,2022-06-01,2022-10-31,
20,2023,Karad,Panchmahal,CG,clean,42.45,clean,40.06,40.06,,153,1,153,0,42.45@2023-06-01..2023-10-31(153),42.45,2023-06-01,2023-10-31,
20,2024,Karad,Panchmahal,CG,clean,42.45,clean,40.06,40.06,,153,1,153,0,42.45@2024-06-01..2024-10-31(153),42.45,2024-06-01,2024-10-31,
20,2025,Karad,Panchmahal,CG,clean,42.45,clean,40.06,40.06,,152,1,152,0,42.45@2025-06-01..2025-10-31(152),42.45,2025-06-01,2025-10-31,
20,2026,Karad,Panchmahal,CG,clean,42.45,clean,40.06,40.06,,112,1,112,0,42.45@2026-06-01..2026-09-22(112),42.45,2026-06-01,2026-09-22,
21,2022,Machchhanala,Dahod,CG,clean,27.75,clean,21.82,21.82,,153,1,153,0,27.75@2022-06-01..2022-10-31(153),27.75,2022-06-01,2022-10-31,
21,2023,Machchhanala,Dahod,CG,clean,27.75,clean,21.82,21.82,,153,1,153,0,27.75@2023-06-01..2023-10-31(153),27.75,2023-06-01,2023-10-31,
21,2024,Machchhanala,Dahod,CG,clean,27.75,clean,21.82,21.82,,153,1,153,0,27.75@2024-06-01..2024-10-31(153),27.75,2024-06-01,2024-10-31,
21,2025,Machchhanala,Dahod,CG,clean,27.75,clean,21.82,21.82,,152,1,152,0,27.75@2025-06-01..2025-10-31(152),27.75,2025-06-01,2025-10-31,
21,2026,Machchhanala,Dahod,CG,clean,27.75,clean,21.82,21.82,,112,1,112,0,27.75@2026-06-01..2026-09-22(112),27.75,2026-06-01,2026-09-22,
22,2022,Kabutari,Dahod,CG,clean,9.58,clean,8.07,8.07,,153,1,153,0,9.58@2022-06-01..2022-10-31(153),9.58,2022-06-01,2022-10-31,
22,2023,Kabutari,Dahod,CG,clean,9.58,clean,8.07,8.07,,153,1,153,0,9.58@2023-06-01..2023-10-31(153),9.58,2023-06-01,2023-10-31,
22,2024,Kabutari,Dahod,CG,clean,9.58,clean,8.07,8.07,,153,1,153,0,9.58@2024-06-01..2024-10-31(153),9.58,2024-06-01,2024-10-31,
22,2025,Kabutari,Dahod,CG,clean,9.58,clean,8.07,8.07,,152,1,152,0,9.58@2025-06-01..2025-10-31(152),9.58,2025-06-01,2025-10-31,
22,2026,Kabutari,Dahod,CG,clean,9.58,clean,8.07,8.07,,112,1,112,0,9.58@2026-06-01..2026-09-22(112),9.58,2026-06-01,2026-09-22,
23,2022,WNKL.-BHEY,Dahod,CG,clean,12.62,clean,11.14,11.14,,153,1,153,0,12.62@2022-06-01..2022-10-31(153),12.62,2022-06-01,2022-10-31,
23,2023,WNKL.-BHEY,Dahod,CG,clean,12.62,clean,11.14,11.14,,153,1,153,0,12.62@2023-06-01..2023-10-31(153),12.62,2023-06-01,2023-10-31,
23,2024,WNKL.-BHEY,Dahod,CG,clean,13.3,clean,11.69,11.69,,153,1,153,0,13.3@2024-06-01..2024-10-31(153),13.3,2024-06-01,2024-10-31,
23,2025,WNKL.-BHEY,Dahod,CG,clean,13.3,clean,11.69,11.69,,152,1,152,0,13.3@2025-06-01..2025-10-31(152),13.3,2025-06-01,2025-10-31,
23,2026,WNKL.-BHEY,Dahod,CG,clean,13.3,clean,11.69,11.69,,112,1,112,0,13.3@2026-06-01..2026-09-22(112),13.3,2026-06-01,2026-09-22,
24,2022,Umaria,Dahod,CG,clean,13.54,clean,11.67,11.67,,153,1,153,0,13.54@2022-06-01..2022-10-31(153),13.54,2022-06-01,2022-10-31,
24,2023,Umaria,Dahod,CG,clean,13.54,clean,11.67,11.67,,153,1,153,0,13.54@2023-06-01..2023-10-31(153),13.54,2023-06-01,2023-10-31,
24,2024,Umaria,Dahod,CG,clean,13.54,clean,11.67,11.67,,153,1,153,0,13.54@2024-06-01..2024-10-31(153),13.54,2024-06-01,2024-10-31,
24,2025,Umaria,Dahod,CG,clean,13.54,clean,11.67,11.67,,152,1,152,0,13.54@2025-06-01..2025-10-31(152),13.54,2025-06-01,2025-10-31,
24,2026,Umaria,Dahod,CG,clean,13.54,clean,11.67,11.67,,112,1,112,0,13.54@2026-06-01..2026-09-22(112),13.54,2026-06-01,2026-09-22,
25,2022,Edalwada,Dahod,CG,clean,6.42,clean,6.06,6.06,,153,1,153,0,6.42@2022-06-01..2022-10-31(153),6.42,2022-06-01,2022-10-31,
25,2023,Edalwada,Dahod,CG,clean,6.42,clean,6.06,6.06,,153,1,153,0,6.42@2023-06-01..2023-10-31(153),6.42,2023-06-01,2023-10-31,
25,2024,Edalwada,Dahod,CG,clean,14.08,clean,13.28,13.28,,153,1,153,0,14.08@2024-06-01..2024-10-31(153),14.08,2024-06-01,2024-10-31,
25,2025,Edalwada,Dahod,CG,clean,14.08,clean,13.28,13.28,,152,1,152,0,14.08@2025-06-01..2025-10-31(152),14.08,2025-06-01,2025-10-31,
25,2026,Edalwada,Dahod,CG,clean,14.08,clean,13.28,13.28,,112,1,112,0,14.08@2026-06-01..2026-09-22(112),14.08,2026-06-01,2026-09-22,
26,2022,Kali - II,Dahod,CG,clean,14.52,clean,10.91,10.91,,153,1,153,0,14.52@2022-06-01..2022-10-31(153),14.52,2022-06-01,2022-10-31,
26,2023,Kali - II,Dahod,CG,clean,14.52,clean,10.91,10.91,,153,1,153,0,14.52@2023-06-01..2023-10-31(153),14.52,2023-06-01,2023-10-31,
26,2024,Kali - II,Dahod,CG,clean,14.52,clean,10.91,10.91,,153,1,153,0,14.52@2024-06-01..2024-10-31(153),14.52,2024-06-01,2024-10-31,
26,2025,Kali - II,Dahod,CG,clean,14.52,clean,10.91,10.91,,152,1,152,0,14.52@2025-06-01..2025-10-31(152),14.52,2025-06-01,2025-10-31,
26,2026,Kali - II,Dahod,CG,clean,14.52,clean,10.91,10.91,,112,1,112,0,14.52@2026-06-01..2026-09-22(112),14.52,2026-06-01,2026-09-22,
27,2022,Watrak,Arvalli,NG,clean,158.2,clean,134.79,134.79,,153,1,153,0,158.2@2022-06-01..2022-10-31(153),158.2,2022-06-01,2022-10-31,
27,2023,Watrak,Arvalli,NG,clean,158.2,clean,134.79,134.79,,153,1,153,0,158.2@2023-06-01..2023-10-31(153),158.2,2023-06-01,2023-10-31,
27,2024,Watrak,Arvalli,NG,clean,158.2,clean,134.79,134.79,,153,1,153,0,158.2@2024-06-01..2024-10-31(153),158.2,2024-06-01,2024-10-31,
27,2025,Watrak,Arvalli,NG,clean,158.2,clean,134.79,134.79,,152,1,152,0,158.2@2025-06-01..2025-10-31(152),158.2,2025-06-01,2025-10-31,
27,2026,Watrak,Arvalli,NG,clean,158.2,clean,134.79,134.79,,112,1,112,0,158.2@2026-06-01..2026-09-22(112),158.2,2026-06-01,2026-09-22,
28,2022,Guhai,Sabarkantha,NG,clean,68.75,clean,61.22,61.22,,153,1,153,0,68.75@2022-06-01..2022-10-31(153),68.75,2022-06-01,2022-10-31,
28,2023,Guhai,Sabarkantha,NG,clean,68.75,clean,61.22,61.22,,153,1,153,0,68.75@2023-06-01..2023-10-31(153),68.75,2023-06-01,2023-10-31,
28,2024,Guhai,Sabarkantha,NG,clean,68.75,clean,61.22,61.22,,153,1,153,0,68.75@2024-06-01..2024-10-31(153),68.75,2024-06-01,2024-10-31,
28,2025,Guhai,Sabarkantha,NG,clean,68.75,clean,61.22,61.22,,152,1,152,0,68.75@2025-06-01..2025-10-31(152),68.75,2025-06-01,2025-10-31,
28,2026,Guhai,Sabarkantha,NG,clean,68.75,clean,61.22,61.22,,112,1,112,0,68.75@2026-06-01..2026-09-22(112),68.75,2026-06-01,2026-09-22,
29,2022,Mazam,Arvalli,NG,clean,43.86,clean,36.58,36.58,,153,1,153,0,43.86@2022-06-01..2022-10-31(153),43.86,2022-06-01,2022-10-31,
29,2023,Mazam,Arvalli,NG,clean,43.86,clean,36.58,36.58,,153,1,153,0,43.86@2023-06-01..2023-10-31(153),43.86,2023-06-01,2023-10-31,
29,2024,Mazam,Arvalli,NG,clean,43.86,clean,36.58,36.58,,153,1,153,0,43.86@2024-06-01..2024-10-31(153),43.86,2024-06-01,2024-10-31,
29,2025,Mazam,Arvalli,NG,clean,43.86,clean,36.58,36.58,,152,1,152,0,43.86@2025-06-01..2025-10-31(152),43.86,2025-06-01,2025-10-31,
29,2026,Mazam,Arvalli,NG,clean,43.86,clean,36.58,36.58,,112,1,112,0,43.86@2026-06-01..2026-09-22(112),43.86,2026-06-01,2026-09-22,
30,2022,Hathmati,Arvalli,NG,clean,152.93,clean,149.39,149.39,,153,1,153,0,152.93@2022-06-01..2022-10-31(153),152.93,2022-06-01,2022-10-31,
30,2023,Hathmati,Sabarkantha,NG,clean,152.93,clean,149.39,149.39,,153,1,153,0,152.93@2023-06-01..2023-10-31(153),152.93,2023-06-01,2023-10-31,
30,2024,Hathmati,Arvalli,NG,clean,152.84,clean,149.39,149.39,,153,1,153,0,152.84@2024-06-01..2024-10-31(153),152.84,2024-06-01,2024-10-31,
30,2025,Hathmati,Arvalli,NG,clean,152.84,clean,149.39,149.39,,152,1,152,0,152.84@2025-06-01..2025-10-31(152),152.84,2025-06-01,2025-10-31,
30,2026,Hathmati,Arvalli,NG,clean,152.83,clean,148.93,148.93,,112,1,112,0,152.83@2026-06-01..2026-09-22(112),152.83,2026-06-01,2026-09-22,
31,2022,Lank,Arvalli,NG,clean,7.54,clean,7.22,7.22,,153,1,153,0,7.54@2022-06-01..2022-10-31(153),7.54,2022-06-01,2022-10-31,
31,2023,Lank,Arvalli,NG,clean,7.54,clean,7.22,7.22,,153,1,153,0,7.54@2023-06-01..2023-10-31(153),7.54,2023-06-01,2023-10-31,
31,2024,Lank,Arvalli,NG,clean,7.54,clean,7.22,7.22,,153,1,153,0,7.54@2024-06-01..2024-10-31(153),7.54,2024-06-01,2024-10-31,
31,2025,Lank,Arvalli,NG,clean,7.54,clean,7.22,7.22,,152,1,152,0,7.54@2025-06-01..2025-10-31(152),7.54,2025-06-01,2025-10-31,
31,2026,Lank,Arvalli,NG,clean,7.54,clean,7.22,7.22,,112,1,112,0,7.54@2026-06-01..2026-09-22(112),7.54,2026-06-01,2026-09-22,
32,2022,Javanpura,Sabarkantha,NG,clean,2.5,clean,2.35,2.35,,153,1,153,0,2.5@2022-06-01..2022-10-31(153),2.5,2022-06-01,2022-10-31,
32,2023,Javanpura,Sabarkantha,NG,clean,2.5,clean,2.35,2.35,,153,1,153,0,2.5@2023-06-01..2023-10-31(153),2.5,2023-06-01,2023-10-31,
32,2024,Javanpura,Sabarkantha,NG,clean,2.5,clean,2.35,2.35,,153,1,153,0,2.5@2024-06-01..2024-10-31(153),2.5,2024-06-01,2024-10-31,
32,2025,Javanpura,Sabarkantha,NG,clean,2.5,clean,2.35,2.35,,152,1,152,0,2.5@2025-06-01..2025-10-31(152),2.5,2025-06-01,2025-10-31,
32,2026,Javanpura,Sabarkantha,NG,clean,2.5,clean,2.35,2.35,,112,1,112,0,2.5@2026-06-01..2026-09-22(112),2.5,2026-06-01,2026-09-22,
33,2022,Harnav-II,Sabarkantha,NG,clean,21.67,clean,19.97,19.97,,153,1,153,0,21.67@2022-06-01..2022-10-31(153),21.67,2022-06-01,2022-10-31,
33,2023,Harnav-II,Sabarkantha,NG,clean,21.67,clean,19.97,19.97,,153,1,153,0,21.67@2023-06-01..2023-10-31(153),21.67,2023-06-01,2023-10-31,
33,2024,Harnav-II,Sabarkantha,NG,clean,21.67,clean,19.97,19.97,,153,1,153,0,21.67@2024-06-01..2024-10-31(153),21.67,2024-06-01,2024-10-31,
33,2025,Harnav-II,Sabarkantha,NG,clean,21.67,clean,19.97,19.97,,152,1,152,0,21.67@2025-06-01..2025-10-31(152),21.67,2025-06-01,2025-10-31,
33,2026,Harnav-II,Sabarkantha,NG,clean,21.67,clean,19.97,19.97,,112,1,112,0,21.67@2026-06-01..2026-09-22(112),21.67,2026-06-01,2026-09-22,
34,2022,Meshwo,Arvalli,NG,clean,53.13,clean,49.97,49.97,,153,1,153,0,53.13@2022-06-01..2022-10-31(153),53.13,2022-06-01,2022-10-31,
34,2023,Meshwo,Arvalli,NG,clean,53.13,clean,49.97,49.97,,153,1,153,0,53.13@2023-06-01..2023-10-31(153),53.13,2023-06-01,2023-10-31,
34,2024,Meshwo,Arvalli,NG,clean,53.13,clean,49.97,49.97,,153,1,153,0,53.13@2024-06-01..2024-10-31(153),53.13,2024-06-01,2024-10-31,
34,2025,Meshwo,Arvalli,NG,clean,53.13,clean,49.97,49.97,,152,1,152,0,53.13@2025-06-01..2025-10-31(152),53.13,2025-06-01,2025-10-31,
34,2026,Meshwo,Arvalli,NG,clean,53.13,clean,49.97,49.97,,112,1,112,0,53.13@2026-06-01..2026-09-22(112),53.13,2026-06-01,2026-09-22,
35,2022,Waidy,Arvalli,NG,clean,9.28,clean,8.7,8.7,,153,1,153,0,9.28@2022-06-01..2022-10-31(153),9.28,2022-06-01,2022-10-31,
35,2023,Waidy,Arvalli,NG,clean,9.28,clean,8.7,8.7,,153,1,153,0,9.28@2023-06-01..2023-10-31(153),9.28,2023-06-01,2023-10-31,
35,2024,Waidy,Arvalli,NG,clean,9.28,clean,8.7,8.7,,153,1,153,0,9.28@2024-06-01..2024-10-31(153),9.28,2024-06-01,2024-10-31,
35,2025,Waidy,Arvalli,NG,clean,9.28,clean,8.7,8.7,,152,1,152,0,9.28@2025-06-01..2025-10-31(152),9.28,2025-06-01,2025-10-31,
35,2026,Waidy,Arvalli,NG,clean,9.28,clean,8.7,8.7,,112,1,112,0,9.28@2026-06-01..2026-09-22(112),9.28,2026-06-01,2026-09-22,
36,2022,Ukai,Tapi,SG,clean,7414.29,clean,6729.9,6729.9,,153,1,153,0,7414.29@2022-06-01..2022-10-31(153),7414.29,2022-06-01,2022-10-31,
36,2023,Ukai,Tapi,SG,clean,7414.29,clean,6729.9,6729.9,,153,1,153,0,7414.29@2023-06-01..2023-10-31(153),7414.29,2023-06-01,2023-10-31,
36,2024,Ukai,Tapi,SG,clean,7414.29,clean,6729.9,6729.9,,153,1,153,0,7414.29@2024-06-01..2024-10-31(153),7414.29,2024-06-01,2024-10-31,
36,2025,Ukai,Tapi,SG,clean,7414.29,clean,6729.9,6729.9,,152,1,152,0,7414.29@2025-06-01..2025-10-31(152),7414.29,2025-06-01,2025-10-31,
36,2026,Ukai,Tapi,SG,clean,7414.29,clean,6729.9,6729.9,,112,1,112,0,7414.29@2026-06-01..2026-09-22(112),7414.29,2026-06-01,2026-09-22,
37,2022,Doswada,Tapi,SG,clean,3.8,clean,3.8,3.8,,153,1,153,0,3.8@2022-06-01..2022-10-31(153),3.8,2022-06-01,2022-10-31,
37,2023,Doswada,Tapi,SG,clean,3.8,clean,3.8,3.8,,153,1,153,0,3.8@2023-06-01..2023-10-31(153),3.8,2023-06-01,2023-10-31,
37,2024,Doswada,Tapi,SG,clean,3.43,clean,3.3,3.3,,153,1,153,0,3.43@2024-06-01..2024-10-31(153),3.43,2024-06-01,2024-10-31,
37,2025,Doswada,Tapi,SG,clean,3.43,clean,3.33,3.33,,152,1,152,0,3.43@2025-06-01..2025-10-31(152),3.43,2025-06-01,2025-10-31,
37,2026,Doswada,Tapi,SG,clean,3.43,clean,3.33,3.33,,112,1,112,0,3.43@2026-06-01..2026-09-22(112),3.43,2026-06-01,2026-09-22,
38,2022,Ver-II,Surat,SG,clean,38.3,clean,37.05,37.05,,153,1,153,0,38.3@2022-06-01..2022-10-31(153),38.3,2022-06-01,2022-10-31,
38,2023,Ver-II,Surat,SG,clean,31.88,clean,0.16,0.16,,153,1,153,0,31.88@2023-06-01..2023-10-31(153),31.88,2023-06-01,2023-10-31,
38,2024,Ver-II,Surat,SG,clean,31.88,clean,31.72,31.72,,153,1,153,0,31.88@2024-06-01..2024-10-31(153),31.88,2024-06-01,2024-10-31,
38,2025,Ver-II,Surat,SG,clean,31.88,clean,31.72,31.72,,152,1,152,0,31.88@2025-06-01..2025-10-31(152),31.88,2025-06-01,2025-10-31,
38,2026,Ver-II,Surat,SG,clean,31.88,clean,31.72,31.72,,112,1,112,0,31.88@2026-06-01..2026-09-22(112),31.88,2026-06-01,2026-09-22,
39,2022,Lakhigam,Surat,SG,clean,4.89,clean,4.68,4.68,,153,1,153,0,4.89@2022-06-01..2022-10-31(153),4.89,2022-06-01,2022-10-31,
39,2023,Lakhigam,Surat,SG,clean,4.26,clean,0.2,0.2,,153,1,153,0,4.26@2023-06-01..2023-10-31(153),4.26,2023-06-01,2023-10-31,
39,2024,Lakhigam,Surat,SG,clean,4.26,clean,4.06,4.06,,153,1,153,0,4.26@2024-06-01..2024-10-31(153),4.26,2024-06-01,2024-10-31,
39,2025,Lakhigam,Surat,SG,clean,4.26,clean,4.06,4.06,,152,1,152,0,4.26@2025-06-01..2025-10-31(152),4.26,2025-06-01,2025-10-31,
39,2026,Lakhigam,Surat,SG,clean,4.26,clean,4.06,4.06,,112,1,112,0,4.26@2026-06-01..2026-09-22(112),4.26,2026-06-01,2026-09-22,
40,2022,Sukhi,Chhotaudepur,CG,clean,173.01,clean,163.22,163.22,,153,1,153,0,173.01@2022-06-01..2022-10-31(153),173.01,2022-06-01,2022-10-31,
40,2023,Sukhi,Chhotaudepur,CG,clean,173.01,clean,163.22,163.22,,153,1,153,0,173.01@2023-06-01..2023-10-31(153),173.01,2023-06-01,2023-10-31,
40,2024,Sukhi,Chhotaudepur,CG,clean,173.01,clean,163.22,163.22,,153,1,153,0,173.01@2024-06-01..2024-10-31(153),173.01,2024-06-01,2024-10-31,
40,2025,Sukhi,Chhotaudepur,CG,clean,173.01,clean,163.22,163.22,,152,1,152,0,173.01@2025-06-01..2025-10-31(152),173.01,2025-06-01,2025-10-31,
40,2026,Sukhi,Chhotaudepur,CG,clean,173.01,clean,163.22,163.22,,112,1,112,0,173.01@2026-06-01..2026-09-22(112),173.01,2026-06-01,2026-09-22,
41,2022,Rami,Chhotaudepur,CG,clean,4.55,clean,4.49,4.49,,153,1,153,0,4.55@2022-06-01..2022-10-31(153),4.55,2022-06-01,2022-10-31,
41,2023,Rami,Chhotaudepur,CG,clean,4.55,clean,4.49,4.49,,153,1,153,0,4.55@2023-06-01..2023-10-31(153),4.55,2023-06-01,2023-10-31,
41,2024,Rami,Chhotaudepur,CG,clean,4.55,clean,4.49,4.49,,153,1,153,0,4.55@2024-06-01..2024-10-31(153),4.55,2024-06-01,2024-10-31,
41,2025,Rami,Chhotaudepur,CG,clean,4.55,clean,4.49,4.49,,152,1,152,0,4.55@2025-06-01..2025-10-31(152),4.55,2025-06-01,2025-10-31,
41,2026,Rami,Chhotaudepur,CG,clean,4.55,clean,4.49,4.49,,112,1,112,0,4.55@2026-06-01..2026-09-22(112),4.55,2026-06-01,2026-09-22,
42,2022,Damanganga,Valsad,SG,clean,524.86,clean,478.09,478.09,,153,1,153,0,524.86@2022-06-01..2022-10-31(153),524.86,2022-06-01,2022-10-31,
42,2023,Damanganga,Valsad,SG,clean,524.86,clean,478.09,478.09,,153,1,153,0,524.86@2023-06-01..2023-10-31(153),524.86,2023-06-01,2023-10-31,
42,2024,Damanganga,Valsad,SG,clean,524.86,clean,478.09,478.09,,153,1,153,0,524.86@2024-06-01..2024-10-31(153),524.86,2024-06-01,2024-10-31,
42,2025,Damanganga,Valsad,SG,clean,524.86,clean,478.09,478.09,,152,1,152,0,524.86@2025-06-01..2025-10-31(152),524.86,2025-06-01,2025-10-31,
42,2026,Damanganga,Valsad,SG,clean,524.86,clean,478.09,478.09,,112,1,112,0,524.86@2026-06-01..2026-09-22(112),524.86,2026-06-01,2026-09-22,
43,2022,Jhuj,Navsari,SG,clean,28.65,clean,27.58,27.58,,153,1,153,0,28.65@2022-06-01..2022-10-31(153),28.65,2022-06-01,2022-10-31,
43,2023,Jhuj,Navsari,SG,clean,28.65,clean,27.58,27.58,,153,1,153,0,28.65@2023-06-01..2023-10-31(153),28.65,2023-06-01,2023-10-31,
43,2024,Jhuj,Navsari,SG,edge_exception,24.45,edge_exception,24.17,24.17/24.5,2024-06-02,153,2,152,1,24.84@2024-06-01..2024-06-01(1); 24.45@2024-06-02..2024-10-31(152),24.45/24.84,2024-06-01,2024-10-31,2024-06-02
43,2025,Jhuj,Navsari,SG,mid_season,,mid_season,,24.17/27.58,2025-08-07,152,2,85,67,28.65@2025-06-01..2025-08-06(67); 24.45@2025-08-07..2025-10-31(85),24.45/28.65,2025-06-01,2025-10-31,2025-08-07
43,2026,Jhuj,Navsari,SG,clean,24.45,clean,24.17,24.17,,112,1,112,0,24.45@2026-06-01..2026-09-22(112),24.45,2026-06-01,2026-09-22,
44,2022,Kelia,Navsari,SG,clean,19.98,clean,19.23,19.23,,153,1,153,0,19.98@2022-06-01..2022-10-31(153),19.98,2022-06-01,2022-10-31,
44,2023,Kelia,Navsari,SG,clean,19.98,clean,19.23,19.23,,153,1,153,0,19.98@2023-06-01..2023-10-31(153),19.98,2023-06-01,2023-10-31,
44,2024,Kelia,Navsari,SG,edge_exception,17.46,edge_exception,17.36,17.36/17.46,2024-06-02,153,2,152,1,17.57@2024-06-01..2024-06-01(1); 17.46@2024-06-02..2024-10-31(152),17.46/17.57,2024-06-01,2024-10-31,2024-06-02
44,2025,Kelia,Navsari,SG,mid_season,,mid_season,,17.36/19.23,2025-08-07,152,2,85,67,19.98@2025-06-01..2025-08-06(67); 17.46@2025-08-07..2025-10-31(85),17.46/19.98,2025-06-01,2025-10-31,2025-08-07
44,2026,Kelia,Navsari,SG,clean,17.46,clean,17.36,17.36,,112,1,112,0,17.46@2026-06-01..2026-09-22(112),17.46,2026-06-01,2026-09-22,
45,2022,Tappar,Kachchh,Kutch,clean,49.03,clean,48.79,48.79,,153,1,153,0,49.03@2022-06-01..2022-10-31(153),49.03,2022-06-01,2022-10-31,
45,2023,Tappar,Kachchh,Kutch,clean,49.03,clean,48.79,48.79,,153,1,153,0,49.03@2023-06-01..2023-10-31(153),49.03,2023-06-01,2023-10-31,
45,2024,Tappar,Kachchh,Kutch,clean,49.03,clean,48.79,48.79,,153,1,153,0,49.03@2024-06-01..2024-10-31(153),49.03,2024-06-01,2024-10-31,
45,2025,Tappar,Kachchh,Kutch,clean,49.03,clean,48.79,48.79,,152,1,152,0,49.03@2025-06-01..2025-10-31(152),49.03,2025-06-01,2025-10-31,
45,2026,Tappar,Kachchh,Kutch,clean,49.03,clean,48.79,48.79,,112,1,112,0,49.03@2026-06-01..2026-09-22(112),49.03,2026-06-01,2026-09-22,
46,2022,Godhatad,Kachchh,Kutch,clean,13.99,clean,12.69,12.69,,153,1,153,0,13.99@2022-06-01..2022-10-31(153),13.99,2022-06-01,2022-10-31,
46,2023,Godhatad,Kachchh,Kutch,clean,13.99,clean,12.69,12.69,,153,1,153,0,13.99@2023-06-01..2023-10-31(153),13.99,2023-06-01,2023-10-31,
46,2024,Godhatad,Kachchh,Kutch,clean,13.99,clean,12.69,12.69,,153,1,153,0,13.99@2024-06-01..2024-10-31(153),13.99,2024-06-01,2024-10-31,
46,2025,Godhatad,Kachchh,Kutch,clean,13.99,clean,12.69,12.69,,152,1,152,0,13.99@2025-06-01..2025-10-31(152),13.99,2025-06-01,2025-10-31,
46,2026,Godhatad,Kachchh,Kutch,clean,13.99,clean,12.69,12.69,,112,1,112,0,13.99@2026-06-01..2026-09-22(112),13.99,2026-06-01,2026-09-22,
47,2022,Sanandro,Kachchh,Kutch,clean,10.35,clean,10.1,10.1,,153,1,153,0,10.35@2022-06-01..2022-10-31(153),10.35,2022-06-01,2022-10-31,
47,2023,Sanandro,Kachchh,Kutch,clean,10.35,clean,10.1,10.1,,153,1,153,0,10.35@2023-06-01..2023-10-31(153),10.35,2023-06-01,2023-10-31,
47,2024,Sanandro,Kachchh,Kutch,clean,10.35,clean,10.1,10.1,,153,1,153,0,10.35@2024-06-01..2024-10-31(153),10.35,2024-06-01,2024-10-31,
47,2025,Sanandro,Kachchh,Kutch,clean,10.35,clean,10.1,10.1,,152,1,152,0,10.35@2025-06-01..2025-10-31(152),10.35,2025-06-01,2025-10-31,
47,2026,Sanandro,Kachchh,Kutch,clean,10.35,clean,10.1,10.1,,112,1,112,0,10.35@2026-06-01..2026-09-22(112),10.35,2026-06-01,2026-09-22,
48,2022,Rudramata,Kachchh,Kutch,clean,61.53,clean,55.02,55.02,,153,1,153,0,61.53@2022-06-01..2022-10-31(153),61.53,2022-06-01,2022-10-31,
48,2023,Rudramata,Kachchh,Kutch,clean,61.53,clean,55.02,55.02,,153,1,153,0,61.53@2023-06-01..2023-10-31(153),61.53,2023-06-01,2023-10-31,
48,2024,Rudramata,Kachchh,Kutch,edge_exception,59.92,clean,55.02,55.02,,153,2,152,1,61.53@2024-06-01..2024-06-01(1); 59.92@2024-06-02..2024-10-31(152),59.92/61.53,2024-06-01,2024-10-31,2024-06-02
48,2025,Rudramata,Kachchh,Kutch,clean,59.92,clean,54.97,54.97,,152,1,152,0,59.92@2025-06-01..2025-10-31(152),59.92,2025-06-01,2025-10-31,
48,2026,Rudramata,Kachchh,Kutch,clean,59.92,clean,54.97,54.97,,112,1,112,0,59.92@2026-06-01..2026-09-22(112),59.92,2026-06-01,2026-09-22,
49,2022,Nara,Kachchh,Kutch,clean,39.7,clean,38.21,38.21,,153,1,153,0,39.7@2022-06-01..2022-10-31(153),39.7,2022-06-01,2022-10-31,
49,2023,Nara,Kachchh,Kutch,clean,39.7,clean,38.21,38.21,,153,1,153,0,39.7@2023-06-01..2023-10-31(153),39.7,2023-06-01,2023-10-31,
49,2024,Nara,Kachchh,Kutch,clean,39.7,clean,38.21,38.21,,153,1,153,0,39.7@2024-06-01..2024-10-31(153),39.7,2024-06-01,2024-10-31,
49,2025,Nara,Kachchh,Kutch,clean,39.7,clean,38.21,38.21,,152,1,152,0,39.7@2025-06-01..2025-10-31(152),39.7,2025-06-01,2025-10-31,
49,2026,Nara,Kachchh,Kutch,clean,39.7,clean,38.21,38.21,,112,1,112,0,39.7@2026-06-01..2026-09-22(112),39.7,2026-06-01,2026-09-22,
50,2022,Niruna,Kachchh,Kutch,clean,27.17,clean,22.98,22.98,,153,1,153,0,27.17@2022-06-01..2022-10-31(153),27.17,2022-06-01,2022-10-31,
50,2023,Niruna,Kachchh,Kutch,clean,27.17,clean,22.98,22.98,,153,1,153,0,27.17@2023-06-01..2023-10-31(153),27.17,2023-06-01,2023-10-31,
50,2024,Niruna,Kachchh,Kutch,clean,27.17,clean,22.98,22.98,,153,1,153,0,27.17@2024-06-01..2024-10-31(153),27.17,2024-06-01,2024-10-31,
50,2025,Niruna,Kachchh,Kutch,clean,27.17,clean,22.98,22.98,,152,1,152,0,27.17@2025-06-01..2025-10-31(152),27.17,2025-06-01,2025-10-31,
50,2026,Niruna,Kachchh,Kutch,clean,27.17,clean,22.98,22.98,,112,1,112,0,27.17@2026-06-01..2026-09-22(112),27.17,2026-06-01,2026-09-22,
51,2022,Bhukhi,Kachchh,Kutch,clean,15.58,clean,14.58,14.58,,153,1,153,0,15.58@2022-06-01..2022-10-31(153),15.58,2022-06-01,2022-10-31,
51,2023,Bhukhi,Kachchh,Kutch,clean,15.58,clean,14.58,14.58,,153,1,153,0,15.58@2023-06-01..2023-10-31(153),15.58,2023-06-01,2023-10-31,
51,2024,Bhukhi,Kachchh,Kutch,clean,15.58,clean,14.58,14.58,,153,1,153,0,15.58@2024-06-01..2024-10-31(153),15.58,2024-06-01,2024-10-31,
51,2025,Bhukhi,Kachchh,Kutch,clean,15.58,clean,14.58,14.58,,152,1,152,0,15.58@2025-06-01..2025-10-31(152),15.58,2025-06-01,2025-10-31,
51,2026,Bhukhi,Kachchh,Kutch,clean,15.58,clean,14.58,14.58,,112,1,112,0,15.58@2026-06-01..2026-09-22(112),15.58,2026-06-01,2026-09-22,
52,2022,Kankawati,Kachchh,Kutch,clean,10.5,clean,9.82,9.82,,153,1,153,0,10.5@2022-06-01..2022-10-31(153),10.5,2022-06-01,2022-10-31,
52,2023,Kankawati,Kachchh,Kutch,clean,10.5,clean,9.82,9.82,,153,1,153,0,10.5@2023-06-01..2023-10-31(153),10.5,2023-06-01,2023-10-31,
52,2024,Kankawati,Kachchh,Kutch,clean,10.5,clean,9.82,9.82,,153,1,153,0,10.5@2024-06-01..2024-10-31(153),10.5,2024-06-01,2024-10-31,
52,2025,Kankawati,Kachchh,Kutch,clean,10.51,clean,9.83,9.83,,152,1,152,0,10.51@2025-06-01..2025-10-31(152),10.51,2025-06-01,2025-10-31,
52,2026,Kankawati,Kachchh,Kutch,clean,10.51,clean,9.83,9.83,,112,1,112,0,10.51@2026-06-01..2026-09-22(112),10.51,2026-06-01,2026-09-22,
53,2022,Mathal,Kachchh,Kutch,clean,12.29,clean,11.19,11.19,,153,1,153,0,12.29@2022-06-01..2022-10-31(153),12.29,2022-06-01,2022-10-31,
53,2023,Mathal,Kachchh,Kutch,clean,12.29,clean,11.19,11.19,,153,1,153,0,12.29@2023-06-01..2023-10-31(153),12.29,2023-06-01,2023-10-31,
53,2024,Mathal,Kachchh,Kutch,clean,12.29,clean,11.19,11.19,,153,1,153,0,12.29@2024-06-01..2024-10-31(153),12.29,2024-06-01,2024-10-31,
53,2025,Mathal,Kachchh,Kutch,clean,12.29,clean,11.19,11.19,,152,1,152,0,12.29@2025-06-01..2025-10-31(152),12.29,2025-06-01,2025-10-31,
53,2026,Mathal,Kachchh,Kutch,clean,12.29,clean,11.19,11.19,,112,1,112,0,12.29@2026-06-01..2026-09-22(112),12.29,2026-06-01,2026-09-22,
54,2022,Kaila,Kachchh,Kutch,clean,8.95,clean,8.95,8.95,,153,1,153,0,8.95@2022-06-01..2022-10-31(153),8.95,2022-06-01,2022-10-31,
54,2023,Kaila,Kachchh,Kutch,clean,8.95,clean,8.95,8.95,,153,1,153,0,8.95@2023-06-01..2023-10-31(153),8.95,2023-06-01,2023-10-31,
54,2024,Kaila,Kachchh,Kutch,edge_exception,8.54,edge_exception,8.54,8.54/8.95,2024-06-02,153,2,152,1,8.95@2024-06-01..2024-06-01(1); 8.54@2024-06-02..2024-10-31(152),8.54/8.95,2024-06-01,2024-10-31,2024-06-02
54,2025,Kaila,Kachchh,Kutch,clean,8.54,clean,8.54,8.54,,152,1,152,0,8.54@2025-06-01..2025-10-31(152),8.54,2025-06-01,2025-10-31,
54,2026,Kaila,Kachchh,Kutch,clean,8.54,clean,8.54,8.54,,112,1,112,0,8.54@2026-06-01..2026-09-22(112),8.54,2026-06-01,2026-09-22,
55,2022,Suvi,Kachchh,Kutch,clean,10.46,clean,8.42,8.42,,153,1,153,0,10.46@2022-06-01..2022-10-31(153),10.46,2022-06-01,2022-10-31,
55,2023,Suvi,Kachchh,Kutch,clean,10.46,clean,8.42,8.42,,153,1,153,0,10.46@2023-06-01..2023-10-31(153),10.46,2023-06-01,2023-10-31,
55,2024,Suvi,Kachchh,Kutch,edge_exception,8.85,edge_exception,8.13,8.13/8.42,2024-06-02,153,2,152,1,10.46@2024-06-01..2024-06-01(1); 8.85@2024-06-02..2024-10-31(152),8.85/10.46,2024-06-01,2024-10-31,2024-06-02
55,2025,Suvi,Kachchh,Kutch,clean,8.85,clean,8.13,8.13,,152,1,152,0,8.85@2025-06-01..2025-10-31(152),8.85,2025-06-01,2025-10-31,
55,2026,Suvi,Kachchh,Kutch,clean,8.85,clean,8.13,8.13,,112,1,112,0,8.85@2026-06-01..2026-09-22(112),8.85,2026-06-01,2026-09-22,
56,2022,Kaswati,Kachchh,Kutch,clean,8.2,clean,7.96,7.96,,153,1,153,0,8.2@2022-06-01..2022-10-31(153),8.2,2022-06-01,2022-10-31,
56,2023,Kaswati,Kachchh,Kutch,clean,8.2,clean,7.96,7.96,,153,1,153,0,8.2@2023-06-01..2023-10-31(153),8.2,2023-06-01,2023-10-31,
56,2024,Kaswati,Kachchh,Kutch,clean,8.2,clean,7.96,7.96,,153,1,153,0,8.2@2024-06-01..2024-10-31(153),8.2,2024-06-01,2024-10-31,
56,2025,Kaswati,Kachchh,Kutch,clean,8.2,clean,7.96,7.96,,152,1,152,0,8.2@2025-06-01..2025-10-31(152),8.2,2025-06-01,2025-10-31,
56,2026,Kaswati,Kachchh,Kutch,clean,8.2,clean,7.96,7.96,,112,1,112,0,8.2@2026-06-01..2026-09-22(112),8.2,2026-06-01,2026-09-22,
57,2022,Gajod,Kachchh,Kutch,clean,7.71,clean,7.37,7.37,,153,1,153,0,7.71@2022-06-01..2022-10-31(153),7.71,2022-06-01,2022-10-31,
57,2023,Gajod,Kachchh,Kutch,clean,7.71,clean,7.37,7.37,,153,1,153,0,7.71@2023-06-01..2023-10-31(153),7.71,2023-06-01,2023-10-31,
57,2024,Gajod,Kachchh,Kutch,clean,7.71,clean,7.37,7.37,,153,1,153,0,7.71@2024-06-01..2024-10-31(153),7.71,2024-06-01,2024-10-31,
57,2025,Gajod,Kachchh,Kutch,clean,7.71,clean,7.37,7.37,,152,1,152,0,7.71@2025-06-01..2025-10-31(152),7.71,2025-06-01,2025-10-31,
57,2026,Gajod,Kachchh,Kutch,clean,7.71,clean,7.37,7.37,,112,1,112,0,7.71@2026-06-01..2026-09-22(112),7.71,2026-06-01,2026-09-22,
58,2022,Jangdia,Kachchh,Kutch,clean,9.04,clean,6.85,6.85,,153,1,153,0,9.04@2022-06-01..2022-10-31(153),9.04,2022-06-01,2022-10-31,
58,2023,Jangdia,Kachchh,Kutch,clean,9.04,clean,6.85,6.85,,153,1,153,0,9.04@2023-06-01..2023-10-31(153),9.04,2023-06-01,2023-10-31,
58,2024,Jangdia,Kachchh,Kutch,clean,9.04,clean,6.85,6.85,,153,1,153,0,9.04@2024-06-01..2024-10-31(153),9.04,2024-06-01,2024-10-31,
58,2025,Jangdia,Kachchh,Kutch,clean,9.04,clean,6.85,6.85,,152,1,152,0,9.04@2025-06-01..2025-10-31(152),9.04,2025-06-01,2025-10-31,
58,2026,Jangdia,Kachchh,Kutch,clean,9.04,clean,6.85,6.85,,112,1,112,0,9.04@2026-06-01..2026-09-22(112),9.04,2026-06-01,2026-09-22,
59,2022,Fatehgadh,Kachchh,Kutch,clean,7.44,clean,6.62,6.62,,153,1,153,0,7.44@2022-06-01..2022-10-31(153),7.44,2022-06-01,2022-10-31,
59,2023,Fatehgadh,Kachchh,Kutch,clean,7.44,clean,6.62,6.62,,153,1,153,0,7.44@2023-06-01..2023-10-31(153),7.44,2023-06-01,2023-10-31,
59,2024,Fatehgadh,Kachchh,Kutch,edge_exception,4.04,edge_exception,3.99,3.99/6.62,2024-06-02,153,2,152,1,7.44@2024-06-01..2024-06-01(1); 4.04@2024-06-02..2024-10-31(152),4.04/7.44,2024-06-01,2024-10-31,2024-06-02
59,2025,Fatehgadh,Kachchh,Kutch,clean,4.04,clean,3.99,3.99,,152,1,152,0,4.04@2025-06-01..2025-10-31(152),4.04,2025-06-01,2025-10-31,
59,2026,Fatehgadh,Kachchh,Kutch,clean,4.04,clean,3.99,3.99,,112,1,112,0,4.04@2026-06-01..2026-09-22(112),4.04,2026-06-01,2026-09-22,
60,2022,Berachia,Kachchh,Kutch,clean,6.85,clean,5.5,5.5,,153,1,153,0,6.85@2022-06-01..2022-10-31(153),6.85,2022-06-01,2022-10-31,
60,2023,Berachia,Kachchh,Kutch,clean,6.85,clean,5.5,5.5,,153,1,153,0,6.85@2023-06-01..2023-10-31(153),6.85,2023-06-01,2023-10-31,
60,2024,Berachia,Kachchh,Kutch,clean,6.85,clean,5.5,5.5,,153,1,153,0,6.85@2024-06-01..2024-10-31(153),6.85,2024-06-01,2024-10-31,
60,2025,Berachia,Kachchh,Kutch,clean,6.86,clean,5.51,5.51,,152,1,152,0,6.86@2025-06-01..2025-10-31(152),6.86,2025-06-01,2025-10-31,
60,2026,Berachia,Kachchh,Kutch,clean,6.86,clean,5.51,5.51,,112,1,112,0,6.86@2026-06-01..2026-09-22(112),6.86,2026-06-01,2026-09-22,
61,2022,Gajansar,Kachchh,Kutch,clean,5.98,clean,3.9,3.9,,153,1,153,0,5.98@2022-06-01..2022-10-31(153),5.98,2022-06-01,2022-10-31,
61,2023,Gajansar,Kachchh,Kutch,clean,5.98,clean,3.9,3.9,,153,1,153,0,5.98@2023-06-01..2023-10-31(153),5.98,2023-06-01,2023-10-31,
61,2024,Gajansar,Kachchh,Kutch,clean,5.98,clean,3.9,3.9,,153,1,153,0,5.98@2024-06-01..2024-10-31(153),5.98,2024-06-01,2024-10-31,
61,2025,Gajansar,Kachchh,Kutch,clean,5.98,clean,3.9,3.9,,152,1,152,0,5.98@2025-06-01..2025-10-31(152),5.98,2025-06-01,2025-10-31,
61,2026,Gajansar,Kachchh,Kutch,clean,5.98,clean,3.9,3.9,,112,1,112,0,5.98@2026-06-01..2026-09-22(112),5.98,2026-06-01,2026-09-22,
62,2022,Kalaghogha,Kachchh,Kutch,clean,4.98,clean,4.26,4.26,,153,1,153,0,4.98@2022-06-01..2022-10-31(153),4.98,2022-06-01,2022-10-31,
62,2023,Kalaghogha,Kachchh,Kutch,clean,4.98,clean,4.26,4.26,,153,1,153,0,4.98@2023-06-01..2023-10-31(153),4.98,2023-06-01,2023-10-31,
62,2024,Kalaghogha,Kachchh,Kutch,clean,4.98,clean,4.26,4.26,,153,1,153,0,4.98@2024-06-01..2024-10-31(153),4.98,2024-06-01,2024-10-31,
62,2025,Kalaghogha,Kachchh,Kutch,clean,4.98,clean,4.26,4.26,,152,1,152,0,4.98@2025-06-01..2025-10-31(152),4.98,2025-06-01,2025-10-31,
62,2026,Kalaghogha,Kachchh,Kutch,clean,4.98,clean,4.26,4.26,,112,1,112,0,4.98@2026-06-01..2026-09-22(112),4.98,2026-06-01,2026-09-22,
63,2022,Don,Kachchh,Kutch,clean,2.28,clean,1.39,1.39,,153,1,153,0,2.28@2022-06-01..2022-10-31(153),2.28,2022-06-01,2022-10-31,
63,2023,Don,Kachchh,Kutch,clean,2.28,clean,1.39,1.39,,153,1,153,0,2.28@2023-06-01..2023-10-31(153),2.28,2023-06-01,2023-10-31,
63,2024,Don,Kachchh,Kutch,clean,2.28,clean,1.39,1.39,,153,1,153,0,2.28@2024-06-01..2024-10-31(153),2.28,2024-06-01,2024-10-31,
63,2025,Don,Kachchh,Kutch,clean,2.28,clean,1.39,1.39,,152,1,152,0,2.28@2025-06-01..2025-10-31(152),2.28,2025-06-01,2025-10-31,
63,2026,Don,Kachchh,Kutch,clean,2.28,clean,1.39,1.39,,112,1,112,0,2.28@2026-06-01..2026-09-22(112),2.28,2026-06-01,2026-09-22,
64,2022,Mitti,Kachchh,Kutch,clean,20.24,clean,16.28,16.28,,153,1,153,0,20.24@2022-06-01..2022-10-31(153),20.24,2022-06-01,2022-10-31,
64,2023,Mitti,Kachchh,Kutch,clean,20.24,clean,16.28,16.28,,153,1,153,0,20.24@2023-06-01..2023-10-31(153),20.24,2023-06-01,2023-10-31,
64,2024,Mitti,Kachchh,Kutch,clean,20.24,clean,16.28,16.28,,153,1,153,0,20.24@2024-06-01..2024-10-31(153),20.24,2024-06-01,2024-10-31,
64,2025,Mitti,Kachchh,Kutch,clean,20.24,clean,16.27,16.27,,152,1,152,0,20.24@2025-06-01..2025-10-31(152),20.24,2025-06-01,2025-10-31,
64,2026,Mitti,Kachchh,Kutch,clean,20.24,clean,16.27,16.27,,112,1,112,0,20.24@2026-06-01..2026-09-22(112),20.24,2026-06-01,2026-09-22,
65,2022,Khodiyar,Amreli,Sau,clean,29.94,clean,29.94,29.94,,153,1,153,0,29.94@2022-06-01..2022-10-31(153),29.94,2022-06-01,2022-10-31,
65,2023,Khodiyar,Amreli,Sau,clean,29.94,clean,29.94,29.94,,153,1,153,0,29.94@2023-06-01..2023-10-31(153),29.94,2023-06-01,2023-10-31,
65,2024,Khodiyar,Amreli,Sau,clean,29.94,clean,29.94,29.94,,153,1,153,0,29.94@2024-06-01..2024-10-31(153),29.94,2024-06-01,2024-10-31,
65,2025,Khodiyar,Amreli,Sau,clean,29.94,clean,29.94,29.94,,152,1,152,0,29.94@2025-06-01..2025-10-31(152),29.94,2025-06-01,2025-10-31,
65,2026,Khodiyar,Amreli,Sau,clean,29.94,clean,29.94,29.94,,112,1,112,0,29.94@2026-06-01..2026-09-22(112),29.94,2026-06-01,2026-09-22,
66,2022,Thebi,Amreli,Sau,clean,10.65,clean,9.98,9.98,,153,1,153,0,10.65@2022-06-01..2022-10-31(153),10.65,2022-06-01,2022-10-31,
66,2023,Thebi,Amreli,Sau,clean,10.65,clean,9.98,9.98,,153,1,153,0,10.65@2023-06-01..2023-10-31(153),10.65,2023-06-01,2023-10-31,
66,2024,Thebi,Amreli,Sau,clean,10.65,clean,9.98,9.98,,153,1,153,0,10.65@2024-06-01..2024-10-31(153),10.65,2024-06-01,2024-10-31,
66,2025,Thebi,Amreli,Sau,clean,10.65,clean,9.98,9.98,,152,1,152,0,10.65@2025-06-01..2025-10-31(152),10.65,2025-06-01,2025-10-31,
66,2026,Thebi,Amreli,Sau,clean,10.65,clean,9.98,9.98,,112,1,112,0,10.65@2026-06-01..2026-09-22(112),10.65,2026-06-01,2026-09-22,
67,2022,Dhatarvadi,Amreli,Sau,clean,26.92,clean,24.63,24.63,,153,1,153,0,26.92@2022-06-01..2022-10-31(153),26.92,2022-06-01,2022-10-31,
67,2023,Dhatarvadi,Amreli,Sau,clean,26.92,clean,24.63,24.63,,153,1,153,0,26.92@2023-06-01..2023-10-31(153),26.92,2023-06-01,2023-10-31,
67,2024,Dhatarvadi,Amreli,Sau,clean,26.92,clean,24.63,24.63,,153,1,153,0,26.92@2024-06-01..2024-10-31(153),26.92,2024-06-01,2024-10-31,
67,2025,Dhatarvadi,Amreli,Sau,clean,26.92,clean,24.63,24.63,,152,1,152,0,26.92@2025-06-01..2025-10-31(152),26.92,2025-06-01,2025-10-31,
67,2026,Dhatarvadi,Amreli,Sau,clean,26.92,clean,24.63,24.63,,112,1,112,0,26.92@2026-06-01..2026-09-22(112),26.92,2026-06-01,2026-09-22,
68,2022,Raidy,Amreli,Sau,clean,6.93,clean,6.38,6.38,,153,1,153,0,6.93@2022-06-01..2022-10-31(153),6.93,2022-06-01,2022-10-31,
68,2023,Raidy,Amreli,Sau,clean,6.93,clean,6.38,6.38,,153,1,153,0,6.93@2023-06-01..2023-10-31(153),6.93,2023-06-01,2023-10-31,
68,2024,Raidy,Amreli,Sau,clean,6.93,clean,6.38,6.38,,153,1,153,0,6.93@2024-06-01..2024-10-31(153),6.93,2024-06-01,2024-10-31,
68,2025,Raidy,Amreli,Sau,clean,6.93,clean,6.38,6.38,,152,1,152,0,6.93@2025-06-01..2025-10-31(152),6.93,2025-06-01,2025-10-31,
68,2026,Raidy,Amreli,Sau,clean,6.93,clean,6.38,6.38,,112,1,112,0,6.93@2026-06-01..2026-09-22(112),6.93,2026-06-01,2026-09-22,
69,2022,Vadiya,Amreli,Sau,clean,5.36,clean,5.09,5.09,,153,1,153,0,5.36@2022-06-01..2022-10-31(153),5.36,2022-06-01,2022-10-31,
69,2023,Vadiya,Amreli,Sau,clean,5.36,clean,5.09,5.09,,153,1,153,0,5.36@2023-06-01..2023-10-31(153),5.36,2023-06-01,2023-10-31,
69,2024,Vadiya,Amreli,Sau,clean,5.36,clean,5.09,5.09,,153,1,153,0,5.36@2024-06-01..2024-10-31(153),5.36,2024-06-01,2024-10-31,
69,2025,Vadiya,Amreli,Sau,clean,5.36,clean,5.09,5.09,,152,1,152,0,5.36@2025-06-01..2025-10-31(152),5.36,2025-06-01,2025-10-31,
69,2026,Vadiya,Amreli,Sau,clean,5.36,clean,5.09,5.09,,112,1,112,0,5.36@2026-06-01..2026-09-22(112),5.36,2026-06-01,2026-09-22,
70,2022,Vadi,Amreli,Sau,clean,10.62,clean,10.2,10.2,,153,1,153,0,10.62@2022-06-01..2022-10-31(153),10.62,2022-06-01,2022-10-31,
70,2023,Vadi,Amreli,Sau,clean,10.62,clean,10.2,10.2,,153,1,153,0,10.62@2023-06-01..2023-10-31(153),10.62,2023-06-01,2023-10-31,
70,2024,Vadi,Amreli,Sau,clean,10.62,clean,10.2,10.2,,153,1,153,0,10.62@2024-06-01..2024-10-31(153),10.62,2024-06-01,2024-10-31,
70,2025,Vadi,Amreli,Sau,clean,10.62,clean,10.2,10.2,,152,1,152,0,10.62@2025-06-01..2025-10-31(152),10.62,2025-06-01,2025-10-31,
70,2026,Vadi,Amreli,Sau,clean,10.62,clean,10.2,10.2,,112,1,112,0,10.62@2026-06-01..2026-09-22(112),10.62,2026-06-01,2026-09-22,
71,2022,Shell-Dedumal,Amreli,Sau,clean,7.81,clean,7.34,7.34,,153,1,153,0,7.81@2022-06-01..2022-10-31(153),7.81,2022-06-01,2022-10-31,
71,2023,Shell-Dedumal,Amreli,Sau,clean,7.81,clean,7.34,7.34,,153,1,153,0,7.81@2023-06-01..2023-10-31(153),7.81,2023-06-01,2023-10-31,
71,2024,Shell-Dedumal,Amreli,Sau,clean,7.81,clean,7.34,7.34,,153,1,153,0,7.81@2024-06-01..2024-10-31(153),7.81,2024-06-01,2024-10-31,
71,2025,Shell-Dedumal,Amreli,Sau,clean,7.81,clean,7.34,7.34,,152,1,152,0,7.81@2025-06-01..2025-10-31(152),7.81,2025-06-01,2025-10-31,
71,2026,Shell-Dedumal,Amreli,Sau,clean,7.81,clean,7.34,7.34,,112,1,112,0,7.81@2026-06-01..2026-09-22(112),7.81,2026-06-01,2026-09-22,
72,2022,Munjiasar,Amreli,Sau,clean,13.64,clean,13.63,13.63,,153,1,153,0,13.64@2022-06-01..2022-10-31(153),13.64,2022-06-01,2022-10-31,
72,2023,Munjiasar,Amreli,Sau,clean,13.64,clean,13.63,13.63,,153,1,153,0,13.64@2023-06-01..2023-10-31(153),13.64,2023-06-01,2023-10-31,
72,2024,Munjiasar,Amreli,Sau,clean,13.64,clean,13.63,13.63,,153,1,153,0,13.64@2024-06-01..2024-10-31(153),13.64,2024-06-01,2024-10-31,
72,2025,Munjiasar,Amreli,Sau,clean,13.64,clean,13.63,13.63,,152,1,152,0,13.64@2025-06-01..2025-10-31(152),13.64,2025-06-01,2025-10-31,
72,2026,Munjiasar,Amreli,Sau,clean,13.64,clean,13.63,13.63,,112,1,112,0,13.64@2026-06-01..2026-09-22(112),13.64,2026-06-01,2026-09-22,
73,2022,Sankroli,Amreli,Sau,clean,7.87,clean,7.87,7.87,,153,1,153,0,7.87@2022-06-01..2022-10-31(153),7.87,2022-06-01,2022-10-31,
73,2023,Sankroli,Amreli,Sau,clean,7.87,clean,7.87,7.87,,153,1,153,0,7.87@2023-06-01..2023-10-31(153),7.87,2023-06-01,2023-10-31,
73,2024,Sankroli,Amreli,Sau,clean,7.87,clean,7.87,7.87,,153,1,153,0,7.87@2024-06-01..2024-10-31(153),7.87,2024-06-01,2024-10-31,
73,2025,Sankroli,Amreli,Sau,clean,7.87,clean,7.87,7.87,,152,1,152,0,7.87@2025-06-01..2025-10-31(152),7.87,2025-06-01,2025-10-31,
73,2026,Sankroli,Amreli,Sau,clean,7.87,clean,7.87,7.87,,112,1,112,0,7.87@2026-06-01..2026-09-22(112),7.87,2026-06-01,2026-09-22,
74,2022,Surajwadi,Amreli,Sau,clean,6.37,clean,6.37,6.37,,153,1,153,0,6.37@2022-06-01..2022-10-31(153),6.37,2022-06-01,2022-10-31,
74,2023,Surajwadi,Amreli,Sau,clean,6.37,clean,6.37,6.37,,153,1,153,0,6.37@2023-06-01..2023-10-31(153),6.37,2023-06-01,2023-10-31,
74,2024,Surajwadi,Amreli,Sau,clean,6.37,clean,6.37,6.37,,153,1,153,0,6.37@2024-06-01..2024-10-31(153),6.37,2024-06-01,2024-10-31,
74,2025,Surajwadi,Amreli,Sau,clean,6.37,clean,6.37,6.37,,152,1,152,0,6.37@2025-06-01..2025-10-31(152),6.37,2025-06-01,2025-10-31,
74,2026,Surajwadi,Amreli,Sau,clean,6.37,clean,6.37,6.37,,112,1,112,0,6.37@2026-06-01..2026-09-22(112),6.37,2026-06-01,2026-09-22,
75,2022,Dhatarwadi-II,Amreli,Sau,clean,10.19,clean,7.44,7.44,,153,1,153,0,10.19@2022-06-01..2022-10-31(153),10.19,2022-06-01,2022-10-31,
75,2023,Dhatarwadi-II,Amreli,Sau,clean,10.19,clean,7.44,7.44,,153,1,153,0,10.19@2023-06-01..2023-10-31(153),10.19,2023-06-01,2023-10-31,
75,2024,Dhatarwadi-II,Amreli,Sau,clean,10.19,clean,7.44,7.44,,153,1,153,0,10.19@2024-06-01..2024-10-31(153),10.19,2024-06-01,2024-10-31,
75,2025,Dhatarwadi-II,Amreli,Sau,clean,10.19,clean,7.44,7.44,,152,1,152,0,10.19@2025-06-01..2025-10-31(152),10.19,2025-06-01,2025-10-31,
75,2026,Dhatarwadi-II,Amreli,Sau,clean,10.19,clean,7.44,7.44,,112,1,112,0,10.19@2026-06-01..2026-09-22(112),10.19,2026-06-01,2026-09-22,
76,2022,Shetrunji,Bhavnagar,Sau,clean,346.48,clean,341.45,341.45,,153,1,153,0,346.48@2022-06-01..2022-10-31(153),346.48,2022-06-01,2022-10-31,
76,2023,Shetrunji,Bhavnagar,Sau,clean,346.48,clean,341.45,341.45,,153,1,153,0,346.48@2023-06-01..2023-10-31(153),346.48,2023-06-01,2023-10-31,
76,2024,Shetrunji,Bhavnagar,Sau,mid_season,,mid_season,,341.45/374.41,2024-09-03,153,2,94,59,415.44@2024-06-01..2024-09-02(94); 346.48@2024-09-03..2024-10-31(59),346.48/415.44,2024-06-01,2024-10-31,2024-09-03
76,2025,Shetrunji,Bhavnagar,Sau,clean,346.48,clean,341.45,341.45,,152,1,152,0,346.48@2025-06-01..2025-10-31(152),346.48,2025-06-01,2025-10-31,
76,2026,Shetrunji,Bhavnagar,Sau,clean,346.48,clean,341.45,341.45,,112,1,112,0,346.48@2026-06-01..2026-09-22(112),346.48,2026-06-01,2026-09-22,
77,2022,Rajawal,Bhavnagar,Sau,clean,28.21,clean,25.84,25.84,,153,1,153,0,28.21@2022-06-01..2022-10-31(153),28.21,2022-06-01,2022-10-31,
77,2023,Rajawal,Bhavnagar,Sau,clean,28.21,clean,25.84,25.84,,153,1,153,0,28.21@2023-06-01..2023-10-31(153),28.21,2023-06-01,2023-10-31,
77,2024,Rajawal,Bhavnagar,Sau,clean,28.21,clean,25.84,25.84,,153,1,153,0,28.21@2024-06-01..2024-10-31(153),28.21,2024-06-01,2024-10-31,
77,2025,Rajawal,Bhavnagar,Sau,clean,28.21,clean,25.84,25.84,,152,1,152,0,28.21@2025-06-01..2025-10-31(152),28.21,2025-06-01,2025-10-31,
77,2026,Rajawal,Bhavnagar,Sau,clean,28.21,clean,25.84,25.84,,112,1,112,0,28.21@2026-06-01..2026-09-22(112),28.21,2026-06-01,2026-09-22,
78,2022,Kalubhar,Botad,Sau,clean,18.14,clean,16.62,16.62,,153,1,153,0,18.14@2022-06-01..2022-10-31(153),18.14,2022-06-01,2022-10-31,
78,2023,Kalubhar,Botad,Sau,clean,18.14,clean,16.62,16.62,,153,1,153,0,18.14@2023-06-01..2023-10-31(153),18.14,2023-06-01,2023-10-31,
78,2024,Kalubhar,Botad,Sau,clean,18.14,clean,16.62,16.62,,153,1,153,0,18.14@2024-06-01..2024-10-31(153),18.14,2024-06-01,2024-10-31,
78,2025,Kalubhar,Botad,Sau,clean,18.14,clean,16.62,16.62,,152,1,152,0,18.14@2025-06-01..2025-10-31(152),18.14,2025-06-01,2025-10-31,
78,2026,Kalubhar,Botad,Sau,clean,18.14,clean,16.62,16.62,,112,1,112,0,18.14@2026-06-01..2026-09-22(112),18.14,2026-06-01,2026-09-22,
79,2022,Malpara,Botad,Sau,clean,6.9,clean,6.4,6.4,,153,1,153,0,6.9@2022-06-01..2022-10-31(153),6.9,2022-06-01,2022-10-31,
79,2023,Malpara,Botad,Sau,clean,6.9,clean,6.4,6.4,,153,1,153,0,6.9@2023-06-01..2023-10-31(153),6.9,2023-06-01,2023-10-31,
79,2024,Malpara,Botad,Sau,clean,6.9,clean,6.4,6.4,,153,1,153,0,6.9@2024-06-01..2024-10-31(153),6.9,2024-06-01,2024-10-31,
79,2025,Malpara,Botad,Sau,clean,6.9,clean,6.4,6.4,,152,1,152,0,6.9@2025-06-01..2025-10-31(152),6.9,2025-06-01,2025-10-31,
79,2026,Malpara,Botad,Sau,clean,6.9,clean,6.4,6.4,,112,1,112,0,6.9@2026-06-01..2026-09-22(112),6.9,2026-06-01,2026-09-22,
80,2022,Kharo,Bhavnagar,Sau,clean,12.24,clean,11.84,11.84,,153,1,153,0,12.24@2022-06-01..2022-10-31(153),12.24,2022-06-01,2022-10-31,
80,2023,Kharo,Bhavnagar,Sau,clean,12.24,clean,11.84,11.84,,153,1,153,0,12.24@2023-06-01..2023-10-31(153),12.24,2023-06-01,2023-10-31,
80,2024,Kharo,Bhavnagar,Sau,clean,12.24,clean,11.84,11.84,,153,1,153,0,12.24@2024-06-01..2024-10-31(153),12.24,2024-06-01,2024-10-31,
80,2025,Kharo,Bhavnagar,Sau,clean,12.24,clean,11.84,11.84,,152,1,152,0,12.24@2025-06-01..2025-10-31(152),12.24,2025-06-01,2025-10-31,
80,2026,Kharo,Bhavnagar,Sau,clean,12.24,clean,11.84,11.84,,112,1,112,0,12.24@2026-06-01..2026-09-22(112),12.24,2026-06-01,2026-09-22,
81,2022,Malan,Bhavnagar,Sau,clean,11.44,clean,11.44,11.44,,153,1,153,0,11.44@2022-06-01..2022-10-31(153),11.44,2022-06-01,2022-10-31,
81,2023,Malan,Bhavnagar,Sau,clean,11.44,clean,11.44,11.44,,153,1,153,0,11.44@2023-06-01..2023-10-31(153),11.44,2023-06-01,2023-10-31,
81,2024,Malan,Bhavnagar,Sau,clean,11.44,clean,11.44,11.44,,153,1,153,0,11.44@2024-06-01..2024-10-31(153),11.44,2024-06-01,2024-10-31,
81,2025,Malan,Bhavnagar,Sau,clean,11.44,clean,11.44,11.44,,152,1,152,0,11.44@2025-06-01..2025-10-31(152),11.44,2025-06-01,2025-10-31,
81,2026,Malan,Bhavnagar,Sau,clean,11.44,clean,11.44,11.44,,112,1,112,0,11.44@2026-06-01..2026-09-22(112),11.44,2026-06-01,2026-09-22,
82,2022,Ranghola,Bhavnagar,Sau,clean,36.81,clean,36.81,36.81,,153,1,153,0,36.81@2022-06-01..2022-10-31(153),36.81,2022-06-01,2022-10-31,
82,2023,Ranghola,Bhavnagar,Sau,clean,36.81,clean,36.81,36.81,,153,1,153,0,36.81@2023-06-01..2023-10-31(153),36.81,2023-06-01,2023-10-31,
82,2024,Ranghola,Bhavnagar,Sau,clean,36.81,clean,36.81,36.81,,153,1,153,0,36.81@2024-06-01..2024-10-31(153),36.81,2024-06-01,2024-10-31,
82,2025,Ranghola,Bhavnagar,Sau,clean,36.81,clean,36.81,36.81,,152,1,152,0,36.81@2025-06-01..2025-10-31(152),36.81,2025-06-01,2025-10-31,
82,2026,Ranghola,Bhavnagar,Sau,clean,36.81,clean,36.81,36.81,,112,1,112,0,36.81@2026-06-01..2026-09-22(112),36.81,2026-06-01,2026-09-22,
83,2022,Limbali,Botad,Sau,clean,8.48,clean,6.94,6.94,,153,1,153,0,8.48@2022-06-01..2022-10-31(153),8.48,2022-06-01,2022-10-31,
83,2023,Limbali,Botad,Sau,clean,8.48,clean,6.94,6.94,,153,1,153,0,8.48@2023-06-01..2023-10-31(153),8.48,2023-06-01,2023-10-31,
83,2024,Limbali,Botad,Sau,clean,8.48,clean,6.94,6.94,,153,1,153,0,8.48@2024-06-01..2024-10-31(153),8.48,2024-06-01,2024-10-31,
83,2025,Limbali,Botad,Sau,clean,8.48,clean,6.94,6.94,,152,1,152,0,8.48@2025-06-01..2025-10-31(152),8.48,2025-06-01,2025-10-31,
83,2026,Limbali,Botad,Sau,clean,8.48,clean,6.94,6.94,,112,1,112,0,8.48@2026-06-01..2026-09-22(112),8.48,2026-06-01,2026-09-22,
84,2022,Lakhanka,Bhavnagar,Sau,clean,3.68,clean,3.68,3.68,,153,1,153,0,3.68@2022-06-01..2022-10-31(153),3.68,2022-06-01,2022-10-31,
84,2023,Lakhanka,Bhavnagar,Sau,clean,3.68,clean,3.68,3.68,,153,1,153,0,3.68@2023-06-01..2023-10-31(153),3.68,2023-06-01,2023-10-31,
84,2024,Lakhanka,Bhavnagar,Sau,clean,3.68,clean,3.68,3.68,,153,1,153,0,3.68@2024-06-01..2024-10-31(153),3.68,2024-06-01,2024-10-31,
84,2025,Lakhanka,Bhavnagar,Sau,clean,3.68,clean,3.68,3.68,,152,1,152,0,3.68@2025-06-01..2025-10-31(152),3.68,2025-06-01,2025-10-31,
84,2026,Lakhanka,Bhavnagar,Sau,clean,3.68,clean,3.68,3.68,,112,1,112,0,3.68@2026-06-01..2026-09-22(112),3.68,2026-06-01,2026-09-22,
85,2022,Hamirpara,Bhavnagar,Sau,clean,2.02,clean,1.93,1.93,,153,1,153,0,2.02@2022-06-01..2022-10-31(153),2.02,2022-06-01,2022-10-31,
85,2023,Hamirpara,Bhavnagar,Sau,clean,2.02,clean,1.93,1.93,,153,1,153,0,2.02@2023-06-01..2023-10-31(153),2.02,2023-06-01,2023-10-31,
85,2024,Hamirpara,Bhavnagar,Sau,clean,2.02,clean,1.93,1.93,,153,1,153,0,2.02@2024-06-01..2024-10-31(153),2.02,2024-06-01,2024-10-31,
85,2025,Hamirpara,Bhavnagar,Sau,clean,2.02,clean,1.93,1.93,,152,1,152,0,2.02@2025-06-01..2025-10-31(152),2.02,2025-06-01,2025-10-31,
85,2026,Hamirpara,Bhavnagar,Sau,clean,2.02,clean,1.93,1.93,,112,1,112,0,2.02@2026-06-01..2026-09-22(112),2.02,2026-06-01,2026-09-22,
86,2022,Hanol,Bhavnagar,Sau,clean,5.6,clean,5.43,5.43,,153,1,153,0,5.6@2022-06-01..2022-10-31(153),5.6,2022-06-01,2022-10-31,
86,2023,Hanol,Bhavnagar,Sau,clean,5.6,clean,5.43,5.43,,153,1,153,0,5.6@2023-06-01..2023-10-31(153),5.6,2023-06-01,2023-10-31,
86,2024,Hanol,Bhavnagar,Sau,clean,5.6,clean,5.43,5.43,,153,1,153,0,5.6@2024-06-01..2024-10-31(153),5.6,2024-06-01,2024-10-31,
86,2025,Hanol,Bhavnagar,Sau,clean,5.6,clean,5.43,5.43,,152,1,152,0,5.6@2025-06-01..2025-10-31(152),5.6,2025-06-01,2025-10-31,
86,2026,Hanol,Bhavnagar,Sau,clean,5.6,clean,5.43,5.43,,112,1,112,0,5.6@2026-06-01..2026-09-22(112),5.6,2026-06-01,2026-09-22,
87,2022,Kaniyad,Botad,Sau,clean,2.93,clean,2.64,2.64,,153,1,153,0,2.93@2022-06-01..2022-10-31(153),2.93,2022-06-01,2022-10-31,
87,2023,Kaniyad,Botad,Sau,clean,2.93,clean,2.64,2.64,,153,1,153,0,2.93@2023-06-01..2023-10-31(153),2.93,2023-06-01,2023-10-31,
87,2024,Kaniyad,Botad,Sau,clean,2.93,clean,2.64,2.64,,153,1,153,0,2.93@2024-06-01..2024-10-31(153),2.93,2024-06-01,2024-10-31,
87,2025,Kaniyad,Botad,Sau,clean,2.93,clean,2.64,2.64,,152,1,152,0,2.93@2025-06-01..2025-10-31(152),2.93,2025-06-01,2025-10-31,
87,2026,Kaniyad,Botad,Sau,clean,2.93,clean,2.64,2.64,,112,1,112,0,2.93@2026-06-01..2026-09-22(112),2.93,2026-06-01,2026-09-22,
88,2022,Pingli,Bhavnagar,Sau,clean,2.11,clean,1.84,1.84,,153,1,153,0,2.11@2022-06-01..2022-10-31(153),2.11,2022-06-01,2022-10-31,
88,2023,Pingli,Bhavnagar,Sau,clean,2.11,clean,1.84,1.84,,153,1,153,0,2.11@2023-06-01..2023-10-31(153),2.11,2023-06-01,2023-10-31,
88,2024,Pingli,Bhavnagar,Sau,clean,2.11,clean,1.84,1.84,,153,1,153,0,2.11@2024-06-01..2024-10-31(153),2.11,2024-06-01,2024-10-31,
88,2025,Pingli,Bhavnagar,Sau,clean,2.11,clean,1.84,1.84,,152,1,152,0,2.11@2025-06-01..2025-10-31(152),2.11,2025-06-01,2025-10-31,
88,2026,Pingli,Bhavnagar,Sau,clean,2.11,clean,1.84,1.84,,112,1,112,0,2.11@2026-06-01..2026-09-22(112),2.11,2026-06-01,2026-09-22,
89,2022,Goma,Botad,Sau,clean,15.75,clean,15.12,15.12,,153,1,153,0,15.75@2022-06-01..2022-10-31(153),15.75,2022-06-01,2022-10-31,
89,2023,Goma,Botad,Sau,clean,15.75,clean,15.12,15.12,,153,1,153,0,15.75@2023-06-01..2023-10-31(153),15.75,2023-06-01,2023-10-31,
89,2024,Goma,Botad,Sau,clean,15.75,clean,15.12,15.12,,153,1,153,0,15.75@2024-06-01..2024-10-31(153),15.75,2024-06-01,2024-10-31,
89,2025,Goma,Botad,Sau,clean,15.75,clean,15.12,15.12,,152,1,152,0,15.75@2025-06-01..2025-10-31(152),15.75,2025-06-01,2025-10-31,
89,2026,Goma,Botad,Sau,clean,15.75,clean,15.12,15.12,,112,1,112,0,15.75@2026-06-01..2026-09-22(112),15.75,2026-06-01,2026-09-22,
90,2022,Bagad,Bhavnagar,Sau,clean,11.18,clean,9.66,9.66,,153,1,153,0,11.18@2022-06-01..2022-10-31(153),11.18,2022-06-01,2022-10-31,
90,2023,Bagad,Bhavnagar,Sau,clean,11.18,clean,9.66,9.66,,153,1,153,0,11.18@2023-06-01..2023-10-31(153),11.18,2023-06-01,2023-10-31,
90,2024,Bagad,Bhavnagar,Sau,clean,11.18,clean,9.66,9.66,,153,1,153,0,11.18@2024-06-01..2024-10-31(153),11.18,2024-06-01,2024-10-31,
90,2025,Bagad,Bhavnagar,Sau,clean,11.18,clean,9.66,9.66,,152,1,152,0,11.18@2025-06-01..2025-10-31(152),11.18,2025-06-01,2025-10-31,
90,2026,Bagad,Bhavnagar,Sau,clean,11.18,clean,9.66,9.66,,112,1,112,0,11.18@2026-06-01..2026-09-22(112),11.18,2026-06-01,2026-09-22,
91,2022,Rojki,Bhavnagar,Sau,clean,9.23,clean,9.13,9.13,,153,1,153,0,9.23@2022-06-01..2022-10-31(153),9.23,2022-06-01,2022-10-31,
91,2023,Rojki,Bhavnagar,Sau,clean,9.23,clean,9.13,9.13,,153,1,153,0,9.23@2023-06-01..2023-10-31(153),9.23,2023-06-01,2023-10-31,
91,2024,Rojki,Bhavnagar,Sau,clean,9.23,clean,9.13,9.13,,153,1,153,0,9.23@2024-06-01..2024-10-31(153),9.23,2024-06-01,2024-10-31,
91,2025,Rojki,Bhavnagar,Sau,clean,9.23,clean,9.13,9.13,,152,1,152,0,9.23@2025-06-01..2025-10-31(152),9.23,2025-06-01,2025-10-31,
91,2026,Rojki,Bhavnagar,Sau,clean,9.23,clean,9.13,9.13,,112,1,112,0,9.23@2026-06-01..2026-09-22(112),9.23,2026-06-01,2026-09-22,
92,2022,Bhimdad,Botad,Sau,clean,6.79,clean,6.79,6.79,,153,1,153,0,6.79@2022-06-01..2022-10-31(153),6.79,2022-06-01,2022-10-31,
92,2023,Bhimdad,Botad,Sau,clean,6.79,clean,6.79,6.79,,153,1,153,0,6.79@2023-06-01..2023-10-31(153),6.79,2023-06-01,2023-10-31,
92,2024,Bhimdad,Botad,Sau,clean,6.79,clean,6.79,6.79,,153,1,153,0,6.79@2024-06-01..2024-10-31(153),6.79,2024-06-01,2024-10-31,
92,2025,Bhimdad,Botad,Sau,clean,6.79,clean,6.79,6.79,,152,1,152,0,6.79@2025-06-01..2025-10-31(152),6.79,2025-06-01,2025-10-31,
92,2026,Bhimdad,Botad,Sau,clean,6.79,clean,6.79,6.79,,112,1,112,0,6.79@2026-06-01..2026-09-22(112),6.79,2026-06-01,2026-09-22,
93,2022,Ghelo-I,Amreli,Sau,clean,10.09,clean,9.85,9.85,,153,1,153,0,10.09@2022-06-01..2022-10-31(153),10.09,2022-06-01,2022-10-31,
93,2023,Ghelo-I,Amreli,Sau,clean,10.09,clean,9.85,9.85,,153,1,153,0,10.09@2023-06-01..2023-10-31(153),10.09,2023-06-01,2023-10-31,
93,2024,Ghelo-I,Amreli,Sau,clean,10.09,clean,9.86,9.86,,153,1,153,0,10.09@2024-06-01..2024-10-31(153),10.09,2024-06-01,2024-10-31,
93,2025,Ghelo-I,Amreli,Sau,clean,10.09,clean,9.86,9.86,,152,1,152,0,10.09@2025-06-01..2025-10-31(152),10.09,2025-06-01,2025-10-31,
93,2026,Ghelo-I,Amreli,Sau,clean,10.09,clean,9.86,9.86,,112,1,112,0,10.09@2026-06-01..2026-09-22(112),10.09,2026-06-01,2026-09-22,
94,2022,Und-I,Jamnagar,Sau,clean,69.05,clean,65.95,65.95,,153,1,153,0,69.05@2022-06-01..2022-10-31(153),69.05,2022-06-01,2022-10-31,
94,2023,Und-I,Rajkot,Sau,clean,69.05,clean,65.95,65.95,,153,1,153,0,69.05@2023-06-01..2023-10-31(153),69.05,2023-06-01,2023-10-31,
94,2024,Und-I,Jamnagar,Sau,clean,69.05,clean,65.95,65.95,,153,1,153,0,69.05@2024-06-01..2024-10-31(153),69.05,2024-06-01,2024-10-31,
94,2025,Und-I,Jamnagar,Sau,clean,69.05,clean,65.95,65.95,,152,1,152,0,69.05@2025-06-01..2025-10-31(152),69.05,2025-06-01,2025-10-31,
94,2026,Und-I,Jamnagar,Sau,clean,69.05,clean,65.95,65.95,,112,1,112,0,69.05@2026-06-01..2026-09-22(112),69.05,2026-06-01,2026-09-22,
95,2022,Sani,Devbhumi Dwarka,Sau,clean,39.02,clean,32.18,32.18,,153,1,153,0,39.02@2022-06-01..2022-10-31(153),39.02,2022-06-01,2022-10-31,
95,2023,Sani,Devbhumi Dwarka,Sau,clean,39.02,clean,32.18,32.18,,153,1,153,0,39.02@2023-06-01..2023-10-31(153),39.02,2023-06-01,2023-10-31,
95,2024,Sani,Devbhumi Dwarka,Sau,clean,39.02,clean,32.18,32.18,,153,1,153,0,39.02@2024-06-01..2024-10-31(153),39.02,2024-06-01,2024-10-31,
95,2025,Sani,Devbhumi Dwarka,Sau,clean,39.02,clean,32.18,32.18,,152,1,152,0,39.02@2025-06-01..2025-10-31(152),39.02,2025-06-01,2025-10-31,
95,2026,Sani,Devbhumi Dwarka,Sau,clean,39.02,clean,32.18,32.18,,112,1,112,0,39.02@2026-06-01..2026-09-22(112),39.02,2026-06-01,2026-09-22,
96,2022,Sasoi,Jamnagar,Sau,clean,37.97,clean,37.97,37.97,,153,1,153,0,37.97@2022-06-01..2022-10-31(153),37.97,2022-06-01,2022-10-31,
96,2023,Sasoi,Jamnagar,Sau,clean,37.97,clean,37.97,37.97,,153,1,153,0,37.97@2023-06-01..2023-10-31(153),37.97,2023-06-01,2023-10-31,
96,2024,Sasoi,Jamnagar,Sau,clean,37.97,clean,37.97,37.97,,153,1,153,0,37.97@2024-06-01..2024-10-31(153),37.97,2024-06-01,2024-10-31,
96,2025,Sasoi,Jamnagar,Sau,clean,37.97,clean,37.97,37.97,,152,1,152,0,37.97@2025-06-01..2025-10-31(152),37.97,2025-06-01,2025-10-31,
96,2026,Sasoi,Jamnagar,Sau,clean,37.97,clean,37.97,37.97,,112,1,112,0,37.97@2026-06-01..2026-09-22(112),37.97,2026-06-01,2026-09-22,
97,2022,Ghee,Devbhumi Dwarka,Sau,clean,10.97,clean,10.89,10.89,,153,1,153,0,10.97@2022-06-01..2022-10-31(153),10.97,2022-06-01,2022-10-31,
97,2023,Ghee,Devbhumi Dwarka,Sau,clean,10.97,clean,10.89,10.89,,153,1,153,0,10.97@2023-06-01..2023-10-31(153),10.97,2023-06-01,2023-10-31,
97,2024,Ghee,Devbhumi Dwarka,Sau,clean,10.97,clean,10.89,10.89,,153,1,153,0,10.97@2024-06-01..2024-10-31(153),10.97,2024-06-01,2024-10-31,
97,2025,Ghee,Devbhumi Dwarka,Sau,clean,10.97,clean,10.89,10.89,,152,1,152,0,10.97@2025-06-01..2025-10-31(152),10.97,2025-06-01,2025-10-31,
97,2026,Ghee,Devbhumi Dwarka,Sau,clean,10.97,clean,10.89,10.89,,112,1,112,0,10.97@2026-06-01..2026-09-22(112),10.97,2026-06-01,2026-09-22,
98,2022,Fulzar-I,Jamnagar,Sau,clean,11.36,clean,11.22,11.22,,153,1,153,0,11.36@2022-06-01..2022-10-31(153),11.36,2022-06-01,2022-10-31,
98,2023,Fulzar-I,Jamnagar,Sau,clean,11.36,clean,11.22,11.22,,153,1,153,0,11.36@2023-06-01..2023-10-31(153),11.36,2023-06-01,2023-10-31,
98,2024,Fulzar-I,Jamnagar,Sau,clean,11.36,clean,11.22,11.22,,153,1,153,0,11.36@2024-06-01..2024-10-31(153),11.36,2024-06-01,2024-10-31,
98,2025,Fulzar-I,Jamnagar,Sau,clean,11.36,clean,11.22,11.22,,152,1,152,0,11.36@2025-06-01..2025-10-31(152),11.36,2025-06-01,2025-10-31,
98,2026,Fulzar-I,Jamnagar,Sau,clean,11.36,clean,11.22,11.22,,112,1,112,0,11.36@2026-06-01..2026-09-22(112),11.36,2026-06-01,2026-09-22,
99,2022,Dia-Minsar,Jamnagar,Sau,clean,11.11,clean,8.87,8.87,,153,1,153,0,11.11@2022-06-01..2022-10-31(153),11.11,2022-06-01,2022-10-31,
99,2023,Dia-Minsar,Jamnagar,Sau,clean,11.11,clean,8.87,8.87,,153,1,153,0,11.11@2023-06-01..2023-10-31(153),11.11,2023-06-01,2023-10-31,
99,2024,Dia-Minsar,Jamnagar,Sau,clean,11.11,clean,8.87,8.87,,153,1,153,0,11.11@2024-06-01..2024-10-31(153),11.11,2024-06-01,2024-10-31,
99,2025,Dia-Minsar,Jamnagar,Sau,clean,11.11,clean,8.87,8.87,,152,1,152,0,11.11@2025-06-01..2025-10-31(152),11.11,2025-06-01,2025-10-31,
99,2026,Dia-Minsar,Jamnagar,Sau,clean,11.11,clean,8.87,8.87,,112,1,112,0,11.11@2026-06-01..2026-09-22(112),11.11,2026-06-01,2026-09-22,
100,2022,Vartu-I,Devbhumi Dwarka,Sau,clean,11.79,clean,11.55,11.55,,153,1,153,0,11.79@2022-06-01..2022-10-31(153),11.79,2022-06-01,2022-10-31,
100,2023,Vartu-I,Devbhumi Dwarka,Sau,clean,11.79,clean,11.55,11.55,,153,1,153,0,11.79@2023-06-01..2023-10-31(153),11.79,2023-06-01,2023-10-31,
100,2024,Vartu-I,Devbhumi Dwarka,Sau,clean,11.83,clean,11.59,11.59,,153,1,153,0,11.83@2024-06-01..2024-10-31(153),11.83,2024-06-01,2024-10-31,
100,2025,Vartu-I,Devbhumi Dwarka,Sau,clean,11.83,clean,11.59,11.59,,152,1,152,0,11.83@2025-06-01..2025-10-31(152),11.83,2025-06-01,2025-10-31,
100,2026,Vartu-I,Devbhumi Dwarka,Sau,clean,11.83,clean,11.59,11.59,,112,1,112,0,11.83@2026-06-01..2026-09-22(112),11.83,2026-06-01,2026-09-22,
101,2022,Vijarkhi,Jamnagar,Sau,clean,9.7,clean,9.7,9.7,,153,1,153,0,9.7@2022-06-01..2022-10-31(153),9.7,2022-06-01,2022-10-31,
101,2023,Vijarkhi,Jamnagar,Sau,clean,9.7,clean,9.7,9.7,,153,1,153,0,9.7@2023-06-01..2023-10-31(153),9.7,2023-06-01,2023-10-31,
101,2024,Vijarkhi,Jamnagar,Sau,clean,9.7,clean,9.7,9.7,,153,1,153,0,9.7@2024-06-01..2024-10-31(153),9.7,2024-06-01,2024-10-31,
101,2025,Vijarkhi,Jamnagar,Sau,clean,9.7,clean,9.7,9.7,,152,1,152,0,9.7@2025-06-01..2025-10-31(152),9.7,2025-06-01,2025-10-31,
101,2026,Vijarkhi,Jamnagar,Sau,clean,9.7,clean,9.7,9.7,,112,1,112,0,9.7@2026-06-01..2026-09-22(112),9.7,2026-06-01,2026-09-22,
102,2022,Puna,Jamnagar,Sau,clean,7.83,clean,7.77,7.77,,153,1,153,0,7.83@2022-06-01..2022-10-31(153),7.83,2022-06-01,2022-10-31,
102,2023,Puna,Jamnagar,Sau,clean,7.83,clean,7.77,7.77,,153,1,153,0,7.83@2023-06-01..2023-10-31(153),7.83,2023-06-01,2023-10-31,
102,2024,Puna,Jamnagar,Sau,clean,7.83,clean,7.77,7.77,,153,1,153,0,7.83@2024-06-01..2024-10-31(153),7.83,2024-06-01,2024-10-31,
102,2025,Puna,Jamnagar,Sau,clean,7.83,clean,7.77,7.77,,152,1,152,0,7.83@2025-06-01..2025-10-31(152),7.83,2025-06-01,2025-10-31,
102,2026,Puna,Jamnagar,Sau,clean,7.83,clean,7.77,7.77,,112,1,112,0,7.83@2026-06-01..2026-09-22(112),7.83,2026-06-01,2026-09-22,
103,2022,Umiyasagar,Jamnagar,Sau,clean,1.55,clean,1.37,1.37,,153,1,153,0,1.55@2022-06-01..2022-10-31(153),1.55,2022-06-01,2022-10-31,
103,2023,Umiyasagar,Jamnagar,Sau,clean,1.55,clean,1.37,1.37,,153,1,153,0,1.55@2023-06-01..2023-10-31(153),1.55,2023-06-01,2023-10-31,
103,2024,Umiyasagar,Jamnagar,Sau,clean,1.55,clean,1.37,1.37,,153,1,153,0,1.55@2024-06-01..2024-10-31(153),1.55,2024-06-01,2024-10-31,
103,2025,Umiyasagar,Jamnagar,Sau,clean,1.55,clean,1.37,1.37,,152,1,152,0,1.55@2025-06-01..2025-10-31(152),1.55,2025-06-01,2025-10-31,
103,2026,Umiyasagar,Jamnagar,Sau,clean,1.55,clean,1.37,1.37,,112,1,112,0,1.55@2026-06-01..2026-09-22(112),1.55,2026-06-01,2026-09-22,
104,2022,Gadhaki,Devbhumi Dwarka,Sau,clean,9.34,clean,9.14,9.14,,153,1,153,0,9.34@2022-06-01..2022-10-31(153),9.34,2022-06-01,2022-10-31,
104,2023,Gadhaki,Devbhumi Dwarka,Sau,clean,9.34,clean,9.14,9.14,,153,1,153,0,9.34@2023-06-01..2023-10-31(153),9.34,2023-06-01,2023-10-31,
104,2024,Gadhaki,Devbhumi Dwarka,Sau,clean,9.34,clean,9.14,9.14,,153,1,153,0,9.34@2024-06-01..2024-10-31(153),9.34,2024-06-01,2024-10-31,
104,2025,Gadhaki,Devbhumi Dwarka,Sau,clean,9.34,clean,9.14,9.14,,152,1,152,0,9.34@2025-06-01..2025-10-31(152),9.34,2025-06-01,2025-10-31,
104,2026,Gadhaki,Devbhumi Dwarka,Sau,clean,9.34,clean,9.14,9.14,,112,1,112,0,9.34@2026-06-01..2026-09-22(112),9.34,2026-06-01,2026-09-22,
105,2022,Ruparel,Jamnagar,Sau,clean,4.27,clean,3.74,3.74,,153,1,153,0,4.27@2022-06-01..2022-10-31(153),4.27,2022-06-01,2022-10-31,
105,2023,Ruparel,Jamnagar,Sau,clean,4.27,clean,3.74,3.74,,153,1,153,0,4.27@2023-06-01..2023-10-31(153),4.27,2023-06-01,2023-10-31,
105,2024,Ruparel,Jamnagar,Sau,clean,4.27,clean,3.74,3.74,,153,1,153,0,4.27@2024-06-01..2024-10-31(153),4.27,2024-06-01,2024-10-31,
105,2025,Ruparel,Jamnagar,Sau,clean,4.27,clean,3.74,3.74,,152,1,152,0,4.27@2025-06-01..2025-10-31(152),4.27,2025-06-01,2025-10-31,
105,2026,Ruparel,Jamnagar,Sau,clean,4.27,clean,3.74,3.74,,112,1,112,0,4.27@2026-06-01..2026-09-22(112),4.27,2026-06-01,2026-09-22,
106,2022,Und-II,Jamnagar,Sau,clean,37.12,clean,32.87,32.87,,153,1,153,0,37.12@2022-06-01..2022-10-31(153),37.12,2022-06-01,2022-10-31,
106,2023,Und-II,Jamnagar,Sau,clean,37.12,clean,32.87,32.87,,153,1,153,0,37.12@2023-06-01..2023-10-31(153),37.12,2023-06-01,2023-10-31,
106,2024,Und-II,Jamnagar,Sau,clean,37.12,clean,32.87,32.87,,153,1,153,0,37.12@2024-06-01..2024-10-31(153),37.12,2024-06-01,2024-10-31,
106,2025,Und-II,Jamnagar,Sau,clean,37.12,clean,32.87,32.87,,152,1,152,0,37.12@2025-06-01..2025-10-31(152),37.12,2025-06-01,2025-10-31,
106,2026,Und-II,Jamnagar,Sau,clean,37.12,clean,32.87,32.87,,112,1,112,0,37.12@2026-06-01..2026-09-22(112),37.12,2026-06-01,2026-09-22,
107,2022,Kankavati,Jamnagar,Sau,clean,6.82,clean,6.39,6.39,,153,1,153,0,6.82@2022-06-01..2022-10-31(153),6.82,2022-06-01,2022-10-31,
107,2023,Kankavati,Jamnagar,Sau,clean,6.82,clean,6.39,6.39,,153,1,153,0,6.82@2023-06-01..2023-10-31(153),6.82,2023-06-01,2023-10-31,
107,2024,Kankavati,Jamnagar,Sau,clean,6.82,clean,6.39,6.39,,153,1,153,0,6.82@2024-06-01..2024-10-31(153),6.82,2024-06-01,2024-10-31,
107,2025,Kankavati,Jamnagar,Sau,clean,6.82,clean,6.39,6.39,,152,1,152,0,6.82@2025-06-01..2025-10-31(152),6.82,2025-06-01,2025-10-31,
107,2026,Kankavati,Jamnagar,Sau,clean,6.82,clean,6.39,6.39,,112,1,112,0,6.82@2026-06-01..2026-09-22(112),6.82,2026-06-01,2026-09-22,
108,2022,Rangmati,Jamnagar,Sau,clean,3.36,clean,3.2,3.2,,153,1,153,0,3.36@2022-06-01..2022-10-31(153),3.36,2022-06-01,2022-10-31,
108,2023,Rangmati,Jamnagar,Sau,clean,3.36,clean,3.2,3.2,,153,1,153,0,3.36@2023-06-01..2023-10-31(153),3.36,2023-06-01,2023-10-31,
108,2024,Rangmati,Jamnagar,Sau,clean,3.36,clean,3.2,3.2,,153,1,153,0,3.36@2024-06-01..2024-10-31(153),3.36,2024-06-01,2024-10-31,
108,2025,Rangmati,Jamnagar,Sau,clean,3.36,clean,3.2,3.2,,152,1,152,0,3.36@2025-06-01..2025-10-31(152),3.36,2025-06-01,2025-10-31,
108,2026,Rangmati,Jamnagar,Sau,clean,3.36,clean,3.2,3.2,,112,1,112,0,3.36@2026-06-01..2026-09-22(112),3.36,2026-06-01,2026-09-22,
109,2022,Vartu-II,Devbhumi Dwarka,Sau,clean,25.6,clean,24.03,24.03,,153,1,153,0,25.6@2022-06-01..2022-10-31(153),25.6,2022-06-01,2022-10-31,
109,2023,Vartu-II,Devbhumi Dwarka,Sau,clean,25.6,clean,24.03,24.03,,153,1,153,0,25.6@2023-06-01..2023-10-31(153),25.6,2023-06-01,2023-10-31,
109,2024,Vartu-II,Devbhumi Dwarka,Sau,clean,25.6,clean,24.03,24.03,,153,1,153,0,25.6@2024-06-01..2024-10-31(153),25.6,2024-06-01,2024-10-31,
109,2025,Vartu-II,Devbhumi Dwarka,Sau,clean,25.6,clean,24.03,24.03,,152,1,152,0,25.6@2025-06-01..2025-10-31(152),25.6,2025-06-01,2025-10-31,
109,2026,Vartu-II,Devbhumi Dwarka,Sau,clean,25.6,clean,24.03,24.03,,112,1,112,0,25.6@2026-06-01..2026-09-22(112),25.6,2026-06-01,2026-09-22,
110,2022,Fulzar (KB),Jamnagar,Sau,clean,18.03,clean,16.28,16.28,,153,1,153,0,18.03@2022-06-01..2022-10-31(153),18.03,2022-06-01,2022-10-31,
110,2023,Fulzar (KB),Jamnagar,Sau,clean,18.03,clean,16.28,16.28,,153,1,153,0,18.03@2023-06-01..2023-10-31(153),18.03,2023-06-01,2023-10-31,
110,2024,Fulzar (KB),Jamnagar,Sau,clean,18.03,clean,16.28,16.28,,153,1,153,0,18.03@2024-06-01..2024-10-31(153),18.03,2024-06-01,2024-10-31,
110,2025,Fulzar (KB),Jamnagar,Sau,clean,18.03,clean,16.28,16.28,,152,1,152,0,18.03@2025-06-01..2025-10-31(152),18.03,2025-06-01,2025-10-31,
110,2026,Fulzar (KB),Jamnagar,Sau,clean,18.03,clean,16.28,16.28,,112,1,112,0,18.03@2026-06-01..2026-09-22(112),18.03,2026-06-01,2026-09-22,
111,2022,Aji-IV,Jamnagar,Sau,clean,39.83,clean,37.49,37.49,,153,1,153,0,39.83@2022-06-01..2022-10-31(153),39.83,2022-06-01,2022-10-31,
111,2023,Aji-IV,Jamnagar,Sau,clean,39.83,clean,37.49,37.49,,153,1,153,0,39.83@2023-06-01..2023-10-31(153),39.83,2023-06-01,2023-10-31,
111,2024,Aji-IV,Jamnagar,Sau,clean,39.83,clean,37.49,37.49,,153,1,153,0,39.83@2024-06-01..2024-10-31(153),39.83,2024-06-01,2024-10-31,
111,2025,Aji-IV,Jamnagar,Sau,clean,39.83,clean,37.49,37.49,,152,1,152,0,39.83@2025-06-01..2025-10-31(152),39.83,2025-06-01,2025-10-31,
111,2026,Aji-IV,Jamnagar,Sau,clean,39.83,clean,37.49,37.49,,112,1,112,0,39.83@2026-06-01..2026-09-22(112),39.83,2026-06-01,2026-09-22,
112,2022,Demi - III,Morbi,Sau,clean,9.6,clean,8.47,8.47,,153,1,153,0,9.6@2022-06-01..2022-10-31(153),9.6,2022-06-01,2022-10-31,
112,2023,Demi - III,Morbi,Sau,clean,9.6,clean,8.47,8.47,,153,1,153,0,9.6@2023-06-01..2023-10-31(153),9.6,2023-06-01,2023-10-31,
112,2024,Demi - III,Morbi,Sau,clean,9.6,clean,8.47,8.47,,153,1,153,0,9.6@2024-06-01..2024-10-31(153),9.6,2024-06-01,2024-10-31,
112,2025,Demi - III,Morbi,Sau,clean,9.6,clean,8.47,8.47,,152,1,152,0,9.6@2025-06-01..2025-10-31(152),9.6,2025-06-01,2025-10-31,
112,2026,Demi - III,Morbi,Sau,clean,9.6,clean,8.47,8.47,,112,1,112,0,9.6@2026-06-01..2026-09-22(112),9.6,2026-06-01,2026-09-22,
113,2022,Phophal-II,Jamnagar,Sau,clean,6.13,clean,5.89,5.89,,153,1,153,0,6.13@2022-06-01..2022-10-31(153),6.13,2022-06-01,2022-10-31,
113,2023,Phophal-II,Jamnagar,Sau,clean,6.13,clean,5.89,5.89,,153,1,153,0,6.13@2023-06-01..2023-10-31(153),6.13,2023-06-01,2023-10-31,
113,2024,Phophal-II,Jamnagar,Sau,clean,6.13,clean,5.89,5.89,,153,1,153,0,6.13@2024-06-01..2024-10-31(153),6.13,2024-06-01,2024-10-31,
113,2025,Phophal-II,Jamnagar,Sau,clean,6.13,clean,5.89,5.89,,152,1,152,0,6.13@2025-06-01..2025-10-31(152),6.13,2025-06-01,2025-10-31,
113,2026,Phophal-II,Jamnagar,Sau,clean,6.13,clean,5.89,5.89,,112,1,112,0,6.13@2026-06-01..2026-09-22(112),6.13,2026-06-01,2026-09-22,
114,2022,Sapada,Jamnagar,Sau,clean,5.56,clean,5.27,5.27,,153,1,153,0,5.56@2022-06-01..2022-10-31(153),5.56,2022-06-01,2022-10-31,
114,2023,Sapada,Jamnagar,Sau,clean,5.56,clean,5.27,5.27,,153,1,153,0,5.56@2023-06-01..2023-10-31(153),5.56,2023-06-01,2023-10-31,
114,2024,Sapada,Jamnagar,Sau,clean,5.56,clean,5.27,5.27,,153,1,153,0,5.56@2024-06-01..2024-10-31(153),5.56,2024-06-01,2024-10-31,
114,2025,Sapada,Jamnagar,Sau,clean,5.56,clean,5.27,5.27,,152,1,152,0,5.56@2025-06-01..2025-10-31(152),5.56,2025-06-01,2025-10-31,
114,2026,Sapada,Jamnagar,Sau,clean,5.56,clean,5.27,5.27,,112,1,112,0,5.56@2026-06-01..2026-09-22(112),5.56,2026-06-01,2026-09-22,
115,2022,Sonmati,Devbhumi Dwarka,Sau,clean,7.4,clean,7.09,7.09,,153,1,153,0,7.4@2022-06-01..2022-10-31(153),7.4,2022-06-01,2022-10-31,
115,2023,Sonmati,Devbhumi Dwarka,Sau,clean,7.4,clean,7.09,7.09,,153,1,153,0,7.4@2023-06-01..2023-10-31(153),7.4,2023-06-01,2023-10-31,
115,2024,Sonmati,Devbhumi Dwarka,Sau,clean,7.4,clean,7.09,7.09,,153,1,153,0,7.4@2024-06-01..2024-10-31(153),7.4,2024-06-01,2024-10-31,
115,2025,Sonmati,Devbhumi Dwarka,Sau,clean,7.4,clean,7.09,7.09,,152,1,152,0,7.4@2025-06-01..2025-10-31(152),7.4,2025-06-01,2025-10-31,
115,2026,Sonmati,Devbhumi Dwarka,Sau,clean,7.4,clean,7.09,7.09,,112,1,112,0,7.4@2026-06-01..2026-09-22(112),7.4,2026-06-01,2026-09-22,
116,2022,Fulzar-II,Jamnagar,Sau,clean,3.1,clean,2.83,2.83,,153,1,153,0,3.1@2022-06-01..2022-10-31(153),3.1,2022-06-01,2022-10-31,
116,2023,Fulzar-II,Jamnagar,Sau,clean,3.1,clean,2.83,2.83,,153,1,153,0,3.1@2023-06-01..2023-10-31(153),3.1,2023-06-01,2023-10-31,
116,2024,Fulzar-II,Jamnagar,Sau,clean,3.1,clean,2.83,2.83,,153,1,153,0,3.1@2024-06-01..2024-10-31(153),3.1,2024-06-01,2024-10-31,
116,2025,Fulzar-II,Jamnagar,Sau,clean,3.1,clean,2.83,2.83,,152,1,152,0,3.1@2025-06-01..2025-10-31(152),3.1,2025-06-01,2025-10-31,
116,2026,Fulzar-II,Jamnagar,Sau,clean,3.1,clean,2.83,2.83,,112,1,112,0,3.1@2026-06-01..2026-09-22(112),3.1,2026-06-01,2026-09-22,
117,2022,Shedhabhadthari,Devbhumi Dwarka,Sau,clean,5.62,clean,4.99,4.99,,153,1,153,0,5.62@2022-06-01..2022-10-31(153),5.62,2022-06-01,2022-10-31,
117,2023,Shedhabhadthari,Devbhumi Dwarka,Sau,clean,5.62,clean,4.99,4.99,,153,1,153,0,5.62@2023-06-01..2023-10-31(153),5.62,2023-06-01,2023-10-31,
117,2024,Shedhabhadthari,Devbhumi Dwarka,Sau,clean,5.62,clean,4.99,4.99,,153,1,153,0,5.62@2024-06-01..2024-10-31(153),5.62,2024-06-01,2024-10-31,
117,2025,Shedhabhadthari,Devbhumi Dwarka,Sau,clean,5.62,clean,4.99,4.99,,152,1,152,0,5.62@2025-06-01..2025-10-31(152),5.62,2025-06-01,2025-10-31,
117,2026,Shedhabhadthari,Devbhumi Dwarka,Sau,clean,5.62,clean,4.99,4.99,,112,1,112,0,5.62@2026-06-01..2026-09-22(112),5.62,2026-06-01,2026-09-22,
118,2022,Veradi,Devbhumi Dwarka,Sau,clean,6.42,clean,6.31,6.31,,153,1,153,0,6.42@2022-06-01..2022-10-31(153),6.42,2022-06-01,2022-10-31,
118,2023,Veradi,Devbhumi Dwarka,Sau,clean,6.42,clean,6.31,6.31,,153,1,153,0,6.42@2023-06-01..2023-10-31(153),6.42,2023-06-01,2023-10-31,
118,2024,Veradi,Devbhumi Dwarka,Sau,clean,6.42,clean,6.31,6.31,,153,1,153,0,6.42@2024-06-01..2024-10-31(153),6.42,2024-06-01,2024-10-31,
118,2025,Veradi,Devbhumi Dwarka,Sau,clean,6.42,clean,6.31,6.31,,152,1,152,0,6.42@2025-06-01..2025-10-31(152),6.42,2025-06-01,2025-10-31,
118,2026,Veradi,Devbhumi Dwarka,Sau,clean,6.42,clean,6.31,6.31,,112,1,112,0,6.42@2026-06-01..2026-09-22(112),6.42,2026-06-01,2026-09-22,
119,2022,Wodisang,Jamnagar,Sau,clean,7.85,clean,5.58,5.58,,153,1,153,0,7.85@2022-06-01..2022-10-31(153),7.85,2022-06-01,2022-10-31,
119,2023,Wodisang,Jamnagar,Sau,clean,7.85,clean,5.58,5.58,,153,1,153,0,7.85@2023-06-01..2023-10-31(153),7.85,2023-06-01,2023-10-31,
119,2024,Wodisang,Jamnagar,Sau,clean,7.85,clean,5.58,5.58,,153,1,153,0,7.85@2024-06-01..2024-10-31(153),7.85,2024-06-01,2024-10-31,
119,2025,Wodisang,Jamnagar,Sau,clean,7.85,clean,5.58,5.58,,152,1,152,0,7.85@2025-06-01..2025-10-31(152),7.85,2025-06-01,2025-10-31,
119,2026,Wodisang,Jamnagar,Sau,clean,7.85,clean,5.58,5.58,,112,1,112,0,7.85@2026-06-01..2026-09-22(112),7.85,2026-06-01,2026-09-22,
120,2022,Rupavati,Jamnagar,Sau,clean,2.76,clean,2.63,2.63,,153,1,153,0,2.76@2022-06-01..2022-10-31(153),2.76,2022-06-01,2022-10-31,
120,2023,Rupavati,Jamnagar,Sau,clean,2.76,clean,2.63,2.63,,153,1,153,0,2.76@2023-06-01..2023-10-31(153),2.76,2023-06-01,2023-10-31,
120,2024,Rupavati,Jamnagar,Sau,clean,2.76,clean,2.63,2.63,,153,1,153,0,2.76@2024-06-01..2024-10-31(153),2.76,2024-06-01,2024-10-31,
120,2025,Rupavati,Jamnagar,Sau,clean,2.76,clean,2.63,2.63,,152,1,152,0,2.76@2025-06-01..2025-10-31(152),2.76,2025-06-01,2025-10-31,
120,2026,Rupavati,Jamnagar,Sau,clean,2.76,clean,2.63,2.63,,112,1,112,0,2.76@2026-06-01..2026-09-22(112),2.76,2026-06-01,2026-09-22,
121,2022,Und-III,Jamnagar,Sau,clean,4.69,clean,3.89,3.89,,153,1,153,0,4.69@2022-06-01..2022-10-31(153),4.69,2022-06-01,2022-10-31,
121,2023,Und-III,Jamnagar,Sau,clean,4.69,clean,3.89,3.89,,153,1,153,0,4.69@2023-06-01..2023-10-31(153),4.69,2023-06-01,2023-10-31,
121,2024,Und-III,Jamnagar,Sau,clean,4.69,clean,3.89,3.89,,153,1,153,0,4.69@2024-06-01..2024-10-31(153),4.69,2024-06-01,2024-10-31,
121,2025,Und-III,Jamnagar,Sau,clean,4.69,clean,3.89,3.89,,152,1,152,0,4.69@2025-06-01..2025-10-31(152),4.69,2025-06-01,2025-10-31,
121,2026,Und-III,Jamnagar,Sau,clean,4.69,clean,3.89,3.89,,112,1,112,0,4.69@2026-06-01..2026-09-22(112),4.69,2026-06-01,2026-09-22,
122,2022,Sindhani,Devbhumi Dwarka,Sau,clean,8.73,clean,7.96,7.96,,153,1,153,0,8.73@2022-06-01..2022-10-31(153),8.73,2022-06-01,2022-10-31,
122,2023,Sindhani,Devbhumi Dwarka,Sau,clean,8.73,clean,7.96,7.96,,153,1,153,0,8.73@2023-06-01..2023-10-31(153),8.73,2023-06-01,2023-10-31,
122,2024,Sindhani,Devbhumi Dwarka,Sau,clean,8.73,clean,7.96,7.96,,153,1,153,0,8.73@2024-06-01..2024-10-31(153),8.73,2024-06-01,2024-10-31,
122,2025,Sindhani,Devbhumi Dwarka,Sau,clean,8.73,clean,7.96,7.96,,152,1,152,0,8.73@2025-06-01..2025-10-31(152),8.73,2025-06-01,2025-10-31,
122,2026,Sindhani,Devbhumi Dwarka,Sau,clean,8.73,clean,7.96,7.96,,112,1,112,0,8.73@2026-06-01..2026-09-22(112),8.73,2026-06-01,2026-09-22,
123,2022,Kabarka,Devbhumi Dwarka,Sau,clean,4.3,clean,4.06,4.06,,153,1,153,0,4.3@2022-06-01..2022-10-31(153),4.3,2022-06-01,2022-10-31,
123,2023,Kabarka,Devbhumi Dwarka,Sau,clean,4.3,clean,4.06,4.06,,153,1,153,0,4.3@2023-06-01..2023-10-31(153),4.3,2023-06-01,2023-10-31,
123,2024,Kabarka,Devbhumi Dwarka,Sau,clean,4.3,clean,4.06,4.06,,153,1,153,0,4.3@2024-06-01..2024-10-31(153),4.3,2024-06-01,2024-10-31,
123,2025,Kabarka,Devbhumi Dwarka,Sau,clean,4.3,clean,4.06,4.06,,152,1,152,0,4.3@2025-06-01..2025-10-31(152),4.3,2025-06-01,2025-10-31,
123,2026,Kabarka,Devbhumi Dwarka,Sau,clean,4.3,clean,4.06,4.06,,112,1,112,0,4.3@2026-06-01..2026-09-22(112),4.3,2026-06-01,2026-09-22,
124,2022,Shingoda,Gir Somnath,Sau,clean,36.4,clean,36.07,36.07,,153,1,153,0,36.4@2022-06-01..2022-10-31(153),36.4,2022-06-01,2022-10-31,
124,2023,Shingoda,Gir Somnath,Sau,clean,36.4,clean,36.07,36.07,,153,1,153,0,36.4@2023-06-01..2023-10-31(153),36.4,2023-06-01,2023-10-31,
124,2024,Shingoda,Gir Somnath,Sau,clean,36.4,clean,36.07,36.07,,153,1,153,0,36.4@2024-06-01..2024-10-31(153),36.4,2024-06-01,2024-10-31,
124,2025,Shingoda,Gir Somnath,Sau,clean,36.4,clean,36.07,36.07,,152,1,152,0,36.4@2025-06-01..2025-10-31(152),36.4,2025-06-01,2025-10-31,
124,2026,Shingoda,Gir Somnath,Sau,clean,36.4,clean,36.07,36.07,,112,1,112,0,36.4@2026-06-01..2026-09-22(112),36.4,2026-06-01,2026-09-22,
125,2022,Hiran-II,Gir Somnath,Sau,clean,38.58,clean,35.02,35.02,,153,1,153,0,38.58@2022-06-01..2022-10-31(153),38.58,2022-06-01,2022-10-31,
125,2023,Hiran-II,Gir Somnath,Sau,clean,38.58,clean,35.02,35.02,,153,1,153,0,38.58@2023-06-01..2023-10-31(153),38.58,2023-06-01,2023-10-31,
125,2024,Hiran-II,Gir Somnath,Sau,clean,38.58,clean,35.02,35.02,,153,1,153,0,38.58@2024-06-01..2024-10-31(153),38.58,2024-06-01,2024-10-31,
125,2025,Hiran-II,Gir Somnath,Sau,clean,38.58,clean,35.02,35.02,,152,1,152,0,38.58@2025-06-01..2025-10-31(152),38.58,2025-06-01,2025-10-31,
125,2026,Hiran-II,Gir Somnath,Sau,clean,38.58,clean,35.02,35.02,,112,1,112,0,38.58@2026-06-01..2026-09-22(112),38.58,2026-06-01,2026-09-22,
126,2022,Raval,Gir Somnath,Sau,clean,26.73,clean,24.0,24,,153,1,153,0,26.73@2022-06-01..2022-10-31(153),26.73,2022-06-01,2022-10-31,
126,2023,Raval,Gir Somnath,Sau,clean,26.73,clean,24.0,24,,153,1,153,0,26.73@2023-06-01..2023-10-31(153),26.73,2023-06-01,2023-10-31,
126,2024,Raval,Gir Somnath,Sau,clean,26.73,clean,24.0,24,,153,1,153,0,26.73@2024-06-01..2024-10-31(153),26.73,2024-06-01,2024-10-31,
126,2025,Raval,Gir Somnath,Sau,clean,26.73,clean,24.0,24,,152,1,152,0,26.73@2025-06-01..2025-10-31(152),26.73,2025-06-01,2025-10-31,
126,2026,Raval,Gir Somnath,Sau,clean,26.73,clean,24.0,24,,112,1,112,0,26.73@2026-06-01..2026-09-22(112),26.73,2026-06-01,2026-09-22,
127,2022,Machhundri,Gir Somnath,Sau,clean,31.84,clean,26.7,26.7,,153,1,153,0,31.84@2022-06-01..2022-10-31(153),31.84,2022-06-01,2022-10-31,
127,2023,Machhundri,Gir Somnath,Sau,clean,31.84,clean,26.7,26.7,,153,1,153,0,31.84@2023-06-01..2023-10-31(153),31.84,2023-06-01,2023-10-31,
127,2024,Machhundri,Gir Somnath,Sau,clean,31.84,clean,26.7,26.7,,153,1,153,0,31.84@2024-06-01..2024-10-31(153),31.84,2024-06-01,2024-10-31,
127,2025,Machhundri,Gir Somnath,Sau,clean,31.84,clean,26.7,26.7,,152,1,152,0,31.84@2025-06-01..2025-10-31(152),31.84,2025-06-01,2025-10-31,
127,2026,Machhundri,Gir Somnath,Sau,clean,31.84,clean,26.7,26.7,,112,1,112,0,31.84@2026-06-01..2026-09-22(112),31.84,2026-06-01,2026-09-22,
128,2022,Uben,Junagadh,Sau,clean,16.2,clean,15.6,15.6,,153,1,153,0,16.2@2022-06-01..2022-10-31(153),16.2,2022-06-01,2022-10-31,
128,2023,Uben,Junagadh,Sau,clean,16.2,clean,15.6,15.6,,153,1,153,0,16.2@2023-06-01..2023-10-31(153),16.2,2023-06-01,2023-10-31,
128,2024,Uben,Junagadh,Sau,clean,16.2,clean,15.6,15.6,,153,1,153,0,16.2@2024-06-01..2024-10-31(153),16.2,2024-06-01,2024-10-31,
128,2025,Uben,Junagadh,Sau,clean,16.2,clean,15.6,15.6,,152,1,152,0,16.2@2025-06-01..2025-10-31(152),16.2,2025-06-01,2025-10-31,
128,2026,Uben,Junagadh,Sau,clean,16.2,clean,15.6,15.6,,112,1,112,0,16.2@2026-06-01..2026-09-22(112),16.2,2026-06-01,2026-09-22,
129,2022,Madhuvanti,Junagadh,Sau,clean,11.65,clean,11.3,11.3,,153,1,153,0,11.65@2022-06-01..2022-10-31(153),11.65,2022-06-01,2022-10-31,
129,2023,Madhuvanti,Junagadh,Sau,clean,11.65,clean,11.3,11.3,,153,1,153,0,11.65@2023-06-01..2023-10-31(153),11.65,2023-06-01,2023-10-31,
129,2024,Madhuvanti,Junagadh,Sau,clean,11.65,clean,11.3,11.3,,153,1,153,0,11.65@2024-06-01..2024-10-31(153),11.65,2024-06-01,2024-10-31,
129,2025,Madhuvanti,Junagadh,Sau,clean,11.65,clean,11.3,11.3,,152,1,152,0,11.65@2025-06-01..2025-10-31(152),11.65,2025-06-01,2025-10-31,
129,2026,Madhuvanti,Junagadh,Sau,clean,11.65,clean,11.3,11.3,,112,1,112,0,11.65@2026-06-01..2026-09-22(112),11.65,2026-06-01,2026-09-22,
130,2022,Prempara,Junagadh,Sau,clean,1.33,clean,1.27,1.27,,153,1,153,0,1.33@2022-06-01..2022-10-31(153),1.33,2022-06-01,2022-10-31,
130,2023,Prempara,Junagadh,Sau,clean,1.33,clean,1.27,1.27,,153,1,153,0,1.33@2023-06-01..2023-10-31(153),1.33,2023-06-01,2023-10-31,
130,2024,Prempara,Junagadh,Sau,clean,1.33,clean,1.27,1.27,,153,1,153,0,1.33@2024-06-01..2024-10-31(153),1.33,2024-06-01,2024-10-31,
130,2025,Prempara,Junagadh,Sau,clean,1.33,clean,1.27,1.27,,152,1,152,0,1.33@2025-06-01..2025-10-31(152),1.33,2025-06-01,2025-10-31,
130,2026,Prempara,Junagadh,Sau,clean,1.33,clean,1.27,1.27,,112,1,112,0,1.33@2026-06-01..2026-09-22(112),1.33,2026-06-01,2026-09-22,
131,2022,Hasanapur,Junagadh,Sau,clean,8.4,clean,8.19,8.19,,153,1,153,0,8.4@2022-06-01..2022-10-31(153),8.4,2022-06-01,2022-10-31,
131,2023,Hasanapur,Junagadh,Sau,clean,8.4,clean,8.19,8.19,,153,1,153,0,8.4@2023-06-01..2023-10-31(153),8.4,2023-06-01,2023-10-31,
131,2024,Hasanapur,Junagadh,Sau,clean,8.4,clean,8.19,8.19,,153,1,153,0,8.4@2024-06-01..2024-10-31(153),8.4,2024-06-01,2024-10-31,
131,2025,Hasanapur,Junagadh,Sau,clean,8.4,clean,8.19,8.19,,152,1,152,0,8.4@2025-06-01..2025-10-31(152),8.4,2025-06-01,2025-10-31,
131,2026,Hasanapur,Junagadh,Sau,clean,8.4,clean,8.19,8.19,,112,1,112,0,8.4@2026-06-01..2026-09-22(112),8.4,2026-06-01,2026-09-22,
132,2022,Ozat-II,Junagadh,Sau,clean,36.2,clean,27.71,27.71,,153,1,153,0,36.2@2022-06-01..2022-10-31(153),36.2,2022-06-01,2022-10-31,
132,2023,Ozat-II,Junagadh,Sau,clean,36.2,clean,27.71,27.71,,153,1,153,0,36.2@2023-06-01..2023-10-31(153),36.2,2023-06-01,2023-10-31,
132,2024,Ozat-II,Junagadh,Sau,clean,36.2,clean,27.71,27.71,,153,1,153,0,36.2@2024-06-01..2024-10-31(153),36.2,2024-06-01,2024-10-31,
132,2025,Ozat-II,Junagadh,Sau,clean,36.2,clean,27.71,27.71,,152,1,152,0,36.2@2025-06-01..2025-10-31(152),36.2,2025-06-01,2025-10-31,
132,2026,Ozat-II,Junagadh,Sau,clean,36.2,clean,27.71,27.71,,112,1,112,0,36.2@2026-06-01..2026-09-22(112),36.2,2026-06-01,2026-09-22,
133,2022,Vrajmi,Junagadh,Sau,clean,10.35,clean,10.1,10.1,,153,1,153,0,10.35@2022-06-01..2022-10-31(153),10.35,2022-06-01,2022-10-31,
133,2023,Vrajmi,Junagadh,Sau,clean,10.35,clean,10.1,10.1,,153,1,153,0,10.35@2023-06-01..2023-10-31(153),10.35,2023-06-01,2023-10-31,
133,2024,Vrajmi,Junagadh,Sau,clean,10.35,clean,10.1,10.1,,153,1,153,0,10.35@2024-06-01..2024-10-31(153),10.35,2024-06-01,2024-10-31,
133,2025,Vrajmi,Junagadh,Sau,clean,10.35,clean,10.1,10.1,,152,1,152,0,10.35@2025-06-01..2025-10-31(152),10.35,2025-06-01,2025-10-31,
133,2026,Vrajmi,Junagadh,Sau,clean,10.35,clean,10.1,10.1,,112,1,112,0,10.35@2026-06-01..2026-09-22(112),10.35,2026-06-01,2026-09-22,
134,2022,Ambajal,Junagadh,Sau,clean,10.55,clean,9.6,9.6,,153,1,153,0,10.55@2022-06-01..2022-10-31(153),10.55,2022-06-01,2022-10-31,
134,2023,Ambajal,Junagadh,Sau,clean,10.55,clean,9.6,9.6,,153,1,153,0,10.55@2023-06-01..2023-10-31(153),10.55,2023-06-01,2023-10-31,
134,2024,Ambajal,Junagadh,Sau,clean,10.55,clean,9.6,9.6,,153,1,153,0,10.55@2024-06-01..2024-10-31(153),10.55,2024-06-01,2024-10-31,
134,2025,Ambajal,Junagadh,Sau,clean,10.55,clean,9.6,9.6,,152,1,152,0,10.55@2025-06-01..2025-10-31(152),10.55,2025-06-01,2025-10-31,
134,2026,Ambajal,Junagadh,Sau,clean,10.55,clean,9.6,9.6,,112,1,112,0,10.55@2026-06-01..2026-09-22(112),10.55,2026-06-01,2026-09-22,
135,2022,Draphad,Junagadh,Sau,clean,9.62,clean,9.29,9.29,,153,1,153,0,9.62@2022-06-01..2022-10-31(153),9.62,2022-06-01,2022-10-31,
135,2023,Draphad,Junagadh,Sau,clean,9.62,clean,9.29,9.29,,153,1,153,0,9.62@2023-06-01..2023-10-31(153),9.62,2023-06-01,2023-10-31,
135,2024,Draphad,Junagadh,Sau,clean,9.62,clean,9.29,9.29,,153,1,153,0,9.62@2024-06-01..2024-10-31(153),9.62,2024-06-01,2024-10-31,
135,2025,Draphad,Junagadh,Sau,clean,9.62,clean,9.29,9.29,,152,1,152,0,9.62@2025-06-01..2025-10-31(152),9.62,2025-06-01,2025-10-31,
135,2026,Draphad,Junagadh,Sau,clean,9.62,clean,9.29,9.29,,112,1,112,0,9.62@2026-06-01..2026-09-22(112),9.62,2026-06-01,2026-09-22,
136,2022,Bantva-Kharo,Junagadh,Sau,clean,6.68,clean,5.76,5.76,,153,1,153,0,6.68@2022-06-01..2022-10-31(153),6.68,2022-06-01,2022-10-31,
136,2023,Bantva-Kharo,Junagadh,Sau,clean,6.68,clean,5.76,5.76,,153,1,153,0,6.68@2023-06-01..2023-10-31(153),6.68,2023-06-01,2023-10-31,
136,2024,Bantva-Kharo,Junagadh,Sau,clean,6.68,clean,5.76,5.76,,153,1,153,0,6.68@2024-06-01..2024-10-31(153),6.68,2024-06-01,2024-10-31,
136,2025,Bantva-Kharo,Junagadh,Sau,clean,6.68,clean,5.76,5.76,,152,1,152,0,6.68@2025-06-01..2025-10-31(152),6.68,2025-06-01,2025-10-31,
136,2026,Bantva-Kharo,Junagadh,Sau,clean,6.68,clean,5.76,5.76,,112,1,112,0,6.68@2026-06-01..2026-09-22(112),6.68,2026-06-01,2026-09-22,
137,2022,Ozat-Weir,Junagadh,Sau,clean,1.95,clean,1.88,1.88,,153,1,153,0,1.95@2022-06-01..2022-10-31(153),1.95,2022-06-01,2022-10-31,
137,2023,Ozat-Weir,Junagadh,Sau,clean,1.95,clean,1.88,1.88,,153,1,153,0,1.95@2023-06-01..2023-10-31(153),1.95,2023-06-01,2023-10-31,
137,2024,Ozat-Weir,Junagadh,Sau,clean,1.95,clean,1.88,1.88,,153,1,153,0,1.95@2024-06-01..2024-10-31(153),1.95,2024-06-01,2024-10-31,
137,2025,Ozat-Weir,Junagadh,Sau,clean,1.95,clean,1.88,1.88,,152,1,152,0,1.95@2025-06-01..2025-10-31(152),1.95,2025-06-01,2025-10-31,
137,2026,Ozat-Weir,Junagadh,Sau,clean,1.95,clean,1.88,1.88,,112,1,112,0,1.95@2026-06-01..2026-09-22(112),1.95,2026-06-01,2026-09-22,
138,2022,Ozat- Weir(Vanthali),Junagadh,Sau,clean,1.79,clean,1.54,1.54,,153,1,153,0,1.79@2022-06-01..2022-10-31(153),1.79,2022-06-01,2022-10-31,
138,2023,Ozat- Weir(Vanthali),Junagadh,Sau,clean,1.79,clean,1.54,1.54,,153,1,153,0,1.79@2023-06-01..2023-10-31(153),1.79,2023-06-01,2023-10-31,
138,2024,Ozat- Weir(Vanthali),Junagadh,Sau,clean,1.79,clean,1.54,1.54,,153,1,153,0,1.79@2024-06-01..2024-10-31(153),1.79,2024-06-01,2024-10-31,
138,2025,Ozat- Weir(Vanthali),Junagadh,Sau,clean,1.79,clean,1.54,1.54,,152,1,152,0,1.79@2025-06-01..2025-10-31(152),1.79,2025-06-01,2025-10-31,
138,2026,Ozat- Weir(Vanthali),Junagadh,Sau,clean,1.79,clean,1.54,1.54,,112,1,112,0,1.79@2026-06-01..2026-09-22(112),1.79,2026-06-01,2026-09-22,
139,2022,Mota-Gujariya,Junagadh,Sau,clean,7.64,clean,7.55,7.55,,153,1,153,0,7.64@2022-06-01..2022-10-31(153),7.64,2022-06-01,2022-10-31,
139,2023,Mota-Gujariya,Junagadh,Sau,clean,7.64,clean,7.55,7.55,,153,1,153,0,7.64@2023-06-01..2023-10-31(153),7.64,2023-06-01,2023-10-31,
139,2024,Mota-Gujariya,Junagadh,Sau,clean,7.64,clean,7.55,7.55,,153,1,153,0,7.64@2024-06-01..2024-10-31(153),7.64,2024-06-01,2024-10-31,
139,2025,Mota-Gujariya,Junagadh,Sau,clean,7.64,clean,7.55,7.55,,152,1,152,0,7.64@2025-06-01..2025-10-31(152),7.64,2025-06-01,2025-10-31,
139,2026,Mota-Gujariya,Junagadh,Sau,clean,7.64,clean,7.55,7.55,,112,1,112,0,7.64@2026-06-01..2026-09-22(112),7.64,2026-06-01,2026-09-22,
140,2022,Hiran-I,Gir Somnath,Sau,clean,20.22,clean,19.64,19.64,,153,1,153,0,20.22@2022-06-01..2022-10-31(153),20.22,2022-06-01,2022-10-31,
140,2023,Hiran-I,Junagadh,Sau,clean,20.22,clean,19.64,19.64,,153,1,153,0,20.22@2023-06-01..2023-10-31(153),20.22,2023-06-01,2023-10-31,
140,2024,Hiran-I,Junagadh,Sau,clean,20.22,clean,19.64,19.64,,153,1,153,0,20.22@2024-06-01..2024-10-31(153),20.22,2024-06-01,2024-10-31,
140,2025,Hiran-I,Junagadh,Sau,clean,20.22,clean,19.64,19.64,,152,1,152,0,20.22@2025-06-01..2025-10-31(152),20.22,2025-06-01,2025-10-31,
140,2026,Hiran-I,Junagadh,Sau,clean,20.22,clean,19.64,19.64,,112,1,112,0,20.22@2026-06-01..2026-09-22(112),20.22,2026-06-01,2026-09-22,
141,2022,Jhanjeshri,Junagadh,Sau,clean,10.03,clean,9.79,9.79,,153,1,153,0,10.03@2022-06-01..2022-10-31(153),10.03,2022-06-01,2022-10-31,
141,2023,Jhanjeshri,Junagadh,Sau,clean,10.03,clean,9.79,9.79,,153,1,153,0,10.03@2023-06-01..2023-10-31(153),10.03,2023-06-01,2023-10-31,
141,2024,Jhanjeshri,Junagadh,Sau,clean,10.03,clean,9.79,9.79,,153,1,153,0,10.03@2024-06-01..2024-10-31(153),10.03,2024-06-01,2024-10-31,
141,2025,Jhanjeshri,Junagadh,Sau,clean,10.03,clean,9.79,9.79,,152,1,152,0,10.03@2025-06-01..2025-10-31(152),10.03,2025-06-01,2025-10-31,
141,2026,Jhanjeshri,Junagadh,Sau,clean,10.03,clean,9.79,9.79,,112,1,112,0,10.03@2026-06-01..2026-09-22(112),10.03,2026-06-01,2026-09-22,
142,2022,Phodarness,Porbandar,Sau,clean,23.65,clean,22.26,22.26,,153,1,153,0,23.65@2022-06-01..2022-10-31(153),23.65,2022-06-01,2022-10-31,
142,2023,Phodarness,Porbandar,Sau,clean,23.65,clean,22.26,22.26,,153,1,153,0,23.65@2023-06-01..2023-10-31(153),23.65,2023-06-01,2023-10-31,
142,2024,Phodarness,Porbandar,Sau,clean,23.65,clean,22.26,22.26,,153,1,153,0,23.65@2024-06-01..2024-10-31(153),23.65,2024-06-01,2024-10-31,
142,2025,Phodarness,Porbandar,Sau,clean,23.65,clean,22.26,22.26,,152,1,152,0,23.65@2025-06-01..2025-10-31(152),23.65,2025-06-01,2025-10-31,
142,2026,Phodarness,Porbandar,Sau,clean,23.65,clean,22.26,22.26,,112,1,112,0,23.65@2026-06-01..2026-09-22(112),23.65,2026-06-01,2026-09-22,
143,2022,Khambhala,Porbandar,Sau,clean,15.37,clean,15.33,15.33,,153,1,153,0,15.37@2022-06-01..2022-10-31(153),15.37,2022-06-01,2022-10-31,
143,2023,Khambhala,Porbandar,Sau,clean,15.37,clean,15.33,15.33,,153,1,153,0,15.37@2023-06-01..2023-10-31(153),15.37,2023-06-01,2023-10-31,
143,2024,Khambhala,Porbandar,Sau,clean,15.37,clean,15.33,15.33,,153,1,153,0,15.37@2024-06-01..2024-10-31(153),15.37,2024-06-01,2024-10-31,
143,2025,Khambhala,Porbandar,Sau,clean,15.37,clean,15.33,15.33,,152,1,152,0,15.37@2025-06-01..2025-10-31(152),15.37,2025-06-01,2025-10-31,
143,2026,Khambhala,Porbandar,Sau,clean,15.37,clean,15.33,15.33,,112,1,112,0,15.37@2026-06-01..2026-09-22(112),15.37,2026-06-01,2026-09-22,
144,2022,Sorthi,Porbandar,Sau,clean,8.46,clean,7.01,7.01,,153,1,153,0,8.46@2022-06-01..2022-10-31(153),8.46,2022-06-01,2022-10-31,
144,2023,Sorthi,Porbandar,Sau,clean,8.46,clean,7.01,7.01,,153,1,153,0,8.46@2023-06-01..2023-10-31(153),8.46,2023-06-01,2023-10-31,
144,2024,Sorthi,Porbandar,Sau,clean,8.46,clean,7.01,7.01,,153,1,153,0,8.46@2024-06-01..2024-10-31(153),8.46,2024-06-01,2024-10-31,
144,2025,Sorthi,Porbandar,Sau,clean,8.46,clean,7.01,7.01,,152,1,152,0,8.46@2025-06-01..2025-10-31(152),8.46,2025-06-01,2025-10-31,
144,2026,Sorthi,Porbandar,Sau,clean,8.46,clean,7.01,7.01,,112,1,112,0,8.46@2026-06-01..2026-09-22(112),8.46,2026-06-01,2026-09-22,
145,2022,Amipur,Porbandar,Sau,clean,30.0,clean,28.85,28.85,,153,1,153,0,30@2022-06-01..2022-10-31(153),30,2022-06-01,2022-10-31,
145,2023,Amipur,Porbandar,Sau,clean,30.0,clean,28.85,28.85,,153,1,153,0,30@2023-06-01..2023-10-31(153),30,2023-06-01,2023-10-31,
145,2024,Amipur,Porbandar,Sau,clean,30.0,clean,28.85,28.85,,153,1,153,0,30@2024-06-01..2024-10-31(153),30,2024-06-01,2024-10-31,
145,2025,Amipur,Porbandar,Sau,clean,30.0,clean,28.85,28.85,,152,1,152,0,30@2025-06-01..2025-10-31(152),30,2025-06-01,2025-10-31,
145,2026,Amipur,Porbandar,Sau,clean,30.0,clean,28.85,28.85,,112,1,112,0,30@2026-06-01..2026-09-22(112),30,2026-06-01,2026-09-22,
146,2022,Kalindri,Porbandar,Sau,clean,7.22,clean,6.5,6.5,,153,1,153,0,7.22@2022-06-01..2022-10-31(153),7.22,2022-06-01,2022-10-31,
146,2023,Kalindri,Porbandar,Sau,clean,7.22,clean,6.5,6.5,,153,1,153,0,7.22@2023-06-01..2023-10-31(153),7.22,2023-06-01,2023-10-31,
146,2024,Kalindri,Porbandar,Sau,clean,7.22,clean,6.5,6.5,,153,1,153,0,7.22@2024-06-01..2024-10-31(153),7.22,2024-06-01,2024-10-31,
146,2025,Kalindri,Porbandar,Sau,clean,7.22,clean,6.5,6.5,,152,1,152,0,7.22@2025-06-01..2025-10-31(152),7.22,2025-06-01,2025-10-31,
146,2026,Kalindri,Porbandar,Sau,clean,7.22,clean,6.5,6.5,,112,1,112,0,7.22@2026-06-01..2026-09-22(112),7.22,2026-06-01,2026-09-22,
147,2022,Advana,Porbandar,Sau,clean,2.61,clean,2.21,2.21,,153,1,153,0,2.61@2022-06-01..2022-10-31(153),2.61,2022-06-01,2022-10-31,
147,2023,Advana,Porbandar,Sau,clean,2.61,clean,2.21,2.21,,153,1,153,0,2.61@2023-06-01..2023-10-31(153),2.61,2023-06-01,2023-10-31,
147,2024,Advana,Porbandar,Sau,clean,2.61,clean,2.21,2.21,,153,1,153,0,2.61@2024-06-01..2024-10-31(153),2.61,2024-06-01,2024-10-31,
147,2025,Advana,Porbandar,Sau,clean,2.61,clean,2.21,2.21,,152,1,152,0,2.61@2025-06-01..2025-10-31(152),2.61,2025-06-01,2025-10-31,
147,2026,Advana,Porbandar,Sau,clean,2.61,clean,2.21,2.21,,112,1,112,0,2.61@2026-06-01..2026-09-22(112),2.61,2026-06-01,2026-09-22,
148,2022,Bhadar,Rajkot,Sau,clean,188.14,clean,187.91,187.91,,153,1,153,0,188.14@2022-06-01..2022-10-31(153),188.14,2022-06-01,2022-10-31,
148,2023,Bhadar,Rajkot,Sau,clean,188.14,clean,187.91,187.91,,153,1,153,0,188.14@2023-06-01..2023-10-31(153),188.14,2023-06-01,2023-10-31,
148,2024,Bhadar,Rajkot,Sau,clean,188.14,clean,187.91,187.91,,153,1,153,0,188.14@2024-06-01..2024-10-31(153),188.14,2024-06-01,2024-10-31,
148,2025,Bhadar,Rajkot,Sau,clean,188.14,clean,187.91,187.91,,152,1,152,0,188.14@2025-06-01..2025-10-31(152),188.14,2025-06-01,2025-10-31,
148,2026,Bhadar,Rajkot,Sau,clean,188.14,clean,187.91,187.91,,112,1,112,0,188.14@2026-06-01..2026-09-22(112),188.14,2026-06-01,2026-09-22,
149,2022,Bhadar - II,Rajkot,Sau,clean,49.0,clean,41.85,41.85,,153,1,153,0,49@2022-06-01..2022-10-31(153),49,2022-06-01,2022-10-31,
149,2023,Bhadar - II,Rajkot,Sau,clean,49.0,clean,41.85,41.85,,153,1,153,0,49@2023-06-01..2023-10-31(153),49,2023-06-01,2023-10-31,
149,2024,Bhadar - II,Rajkot,Sau,clean,49.0,clean,41.85,41.85,,153,1,153,0,49@2024-06-01..2024-10-31(153),49,2024-06-01,2024-10-31,
149,2025,Bhadar - II,Rajkot,Sau,clean,49.0,clean,41.85,41.85,,152,1,152,0,49@2025-06-01..2025-10-31(152),49,2025-06-01,2025-10-31,
149,2026,Bhadar - II,Rajkot,Sau,clean,49.0,clean,41.85,41.85,,112,1,112,0,49@2026-06-01..2026-09-22(112),49,2026-06-01,2026-09-22,
150,2022,Machchhu-II,Morbi,Sau,clean,87.9,clean,84.1,84.1,,153,1,153,0,87.9@2022-06-01..2022-10-31(153),87.9,2022-06-01,2022-10-31,
150,2023,Machchhu-II,Morbi,Sau,clean,87.9,clean,84.1,84.1,,153,1,153,0,87.9@2023-06-01..2023-10-31(153),87.9,2023-06-01,2023-10-31,
150,2024,Machchhu-II,Morbi,Sau,clean,87.9,clean,84.1,84.1,,153,1,153,0,87.9@2024-06-01..2024-10-31(153),87.9,2024-06-01,2024-10-31,
150,2025,Machchhu-II,Morbi,Sau,clean,87.9,clean,84.1,84.1,,152,1,152,0,87.9@2025-06-01..2025-10-31(152),87.9,2025-06-01,2025-10-31,
150,2026,Machchhu-II,Morbi,Sau,clean,87.9,clean,84.1,84.1,,112,1,112,0,87.9@2026-06-01..2026-09-22(112),87.9,2026-06-01,2026-09-22,
151,2022,Aji-III,Rajkot,Sau,clean,49.75,clean,46.13,46.13,,153,1,153,0,49.75@2022-06-01..2022-10-31(153),49.75,2022-06-01,2022-10-31,
151,2023,Aji-III,Rajkot,Sau,clean,49.75,clean,46.13,46.13,,153,1,153,0,49.75@2023-06-01..2023-10-31(153),49.75,2023-06-01,2023-10-31,
151,2024,Aji-III,Rajkot,Sau,clean,49.75,clean,46.13,46.13,,153,1,153,0,49.75@2024-06-01..2024-10-31(153),49.75,2024-06-01,2024-10-31,
151,2025,Aji-III,Rajkot,Sau,clean,49.75,clean,46.13,46.13,,152,1,152,0,49.75@2025-06-01..2025-10-31(152),49.75,2025-06-01,2025-10-31,
151,2026,Aji-III,Rajkot,Sau,clean,49.75,clean,46.13,46.13,,112,1,112,0,49.75@2026-06-01..2026-09-22(112),49.75,2026-06-01,2026-09-22,
152,2022,Moj,Rajkot,Sau,clean,36.69,clean,36.69,36.69,,153,1,153,0,36.69@2022-06-01..2022-10-31(153),36.69,2022-06-01,2022-10-31,
152,2023,Moj,Rajkot,Sau,clean,36.69,clean,36.69,36.69,,153,1,153,0,36.69@2023-06-01..2023-10-31(153),36.69,2023-06-01,2023-10-31,
152,2024,Moj,Rajkot,Sau,clean,36.69,clean,36.69,36.69,,153,1,153,0,36.69@2024-06-01..2024-10-31(153),36.69,2024-06-01,2024-10-31,
152,2025,Moj,Rajkot,Sau,clean,36.69,clean,36.69,36.69,,152,1,152,0,36.69@2025-06-01..2025-10-31(152),36.69,2025-06-01,2025-10-31,
152,2026,Moj,Rajkot,Sau,clean,36.69,clean,36.69,36.69,,112,1,112,0,36.69@2026-06-01..2026-09-22(112),36.69,2026-06-01,2026-09-22,
153,2022,Venu-II,Rajkot,Sau,clean,22.58,clean,18.8,18.8,,153,1,153,0,22.58@2022-06-01..2022-10-31(153),22.58,2022-06-01,2022-10-31,
153,2023,Venu-II,Rajkot,Sau,clean,22.58,clean,18.8,18.8,,153,1,153,0,22.58@2023-06-01..2023-10-31(153),22.58,2023-06-01,2023-10-31,
153,2024,Venu-II,Rajkot,Sau,clean,22.58,clean,18.8,18.8,,153,1,153,0,22.58@2024-06-01..2024-10-31(153),22.58,2024-06-01,2024-10-31,
153,2025,Venu-II,Rajkot,Sau,clean,22.58,clean,18.8,18.8,,152,1,152,0,22.58@2025-06-01..2025-10-31(152),22.58,2025-06-01,2025-10-31,
153,2026,Venu-II,Rajkot,Sau,clean,22.58,clean,18.8,18.8,,112,1,112,0,22.58@2026-06-01..2026-09-22(112),22.58,2026-06-01,2026-09-22,
154,2022,Nyari-II,Rajkot,Sau,clean,12.25,clean,11.52,11.52,,153,1,153,0,12.25@2022-06-01..2022-10-31(153),12.25,2022-06-01,2022-10-31,
154,2023,Nyari-II,Rajkot,Sau,clean,12.25,clean,11.52,11.52,,153,1,153,0,12.25@2023-06-01..2023-10-31(153),12.25,2023-06-01,2023-10-31,
154,2024,Nyari-II,Rajkot,Sau,clean,12.25,clean,11.52,11.52,,153,1,153,0,12.25@2024-06-01..2024-10-31(153),12.25,2024-06-01,2024-10-31,
154,2025,Nyari-II,Rajkot,Sau,clean,12.25,clean,11.52,11.52,,152,1,152,0,12.25@2025-06-01..2025-10-31(152),12.25,2025-06-01,2025-10-31,
154,2026,Nyari-II,Rajkot,Sau,clean,12.25,clean,11.52,11.52,,112,1,112,0,12.25@2026-06-01..2026-09-22(112),12.25,2026-06-01,2026-09-22,
155,2022,Karmal,Rajkot,Sau,clean,12.7,clean,10.3,10.3,,153,1,153,0,12.7@2022-06-01..2022-10-31(153),12.7,2022-06-01,2022-10-31,
155,2023,Karmal,Rajkot,Sau,clean,12.7,clean,10.3,10.3,,153,1,153,0,12.7@2023-06-01..2023-10-31(153),12.7,2023-06-01,2023-10-31,
155,2024,Karmal,Rajkot,Sau,clean,12.7,clean,10.3,10.3,,153,1,153,0,12.7@2024-06-01..2024-10-31(153),12.7,2024-06-01,2024-10-31,
155,2025,Karmal,Rajkot,Sau,clean,12.7,clean,10.3,10.3,,152,1,152,0,12.7@2025-06-01..2025-10-31(152),12.7,2025-06-01,2025-10-31,
155,2026,Karmal,Rajkot,Sau,clean,12.7,clean,10.3,10.3,,112,1,112,0,12.7@2026-06-01..2026-09-22(112),12.7,2026-06-01,2026-09-22,
156,2022,Veri,Rajkot,Sau,clean,4.59,clean,4.59,4.59,,153,1,153,0,4.59@2022-06-01..2022-10-31(153),4.59,2022-06-01,2022-10-31,
156,2023,Veri,Rajkot,Sau,clean,4.59,clean,4.59,4.59,,153,1,153,0,4.59@2023-06-01..2023-10-31(153),4.59,2023-06-01,2023-10-31,
156,2024,Veri,Rajkot,Sau,clean,4.59,clean,4.59,4.59,,153,1,153,0,4.59@2024-06-01..2024-10-31(153),4.59,2024-06-01,2024-10-31,
156,2025,Veri,Rajkot,Sau,clean,4.59,clean,4.59,4.59,,152,1,152,0,4.59@2025-06-01..2025-10-31(152),4.59,2025-06-01,2025-10-31,
156,2026,Veri,Rajkot,Sau,clean,4.59,clean,4.59,4.59,,112,1,112,0,4.59@2026-06-01..2026-09-22(112),4.59,2026-06-01,2026-09-22,
157,2022,Karnuki,Rajkot,Sau,clean,8.54,clean,8.31,8.31,,153,1,153,0,8.54@2022-06-01..2022-10-31(153),8.54,2022-06-01,2022-10-31,
157,2023,Karnuki,Rajkot,Sau,clean,8.54,clean,8.31,8.31,,153,1,153,0,8.54@2023-06-01..2023-10-31(153),8.54,2023-06-01,2023-10-31,
157,2024,Karnuki,Rajkot,Sau,clean,8.54,clean,8.31,8.31,,153,1,153,0,8.54@2024-06-01..2024-10-31(153),8.54,2024-06-01,2024-10-31,
157,2025,Karnuki,Rajkot,Sau,clean,8.54,clean,8.31,8.31,,152,1,152,0,8.54@2025-06-01..2025-10-31(152),8.54,2025-06-01,2025-10-31,
157,2026,Karnuki,Rajkot,Sau,clean,8.54,clean,8.31,8.31,,112,1,112,0,8.54@2026-06-01..2026-09-22(112),8.54,2026-06-01,2026-09-22,
158,2022,Machchhu - I,Morbi,Sau,clean,68.95,clean,68.95,68.95,,153,1,153,0,68.95@2022-06-01..2022-10-31(153),68.95,2022-06-01,2022-10-31,
158,2023,Machchhu - I,Morbi,Sau,clean,68.95,clean,68.95,68.95,,153,1,153,0,68.95@2023-06-01..2023-10-31(153),68.95,2023-06-01,2023-10-31,
158,2024,Machchhu - I,Morbi,Sau,clean,68.95,clean,68.95,68.95,,153,1,153,0,68.95@2024-06-01..2024-10-31(153),68.95,2024-06-01,2024-10-31,
158,2025,Machchhu - I,Morbi,Sau,clean,68.95,clean,68.95,68.95,,152,1,152,0,68.95@2025-06-01..2025-10-31(152),68.95,2025-06-01,2025-10-31,
158,2026,Machchhu - I,Morbi,Sau,clean,68.95,clean,68.95,68.95,,112,1,112,0,68.95@2026-06-01..2026-09-22(112),68.95,2026-06-01,2026-09-22,
159,2022,Phophal - I,Rajkot,Sau,clean,51.83,clean,48.83,48.83,,153,1,153,0,51.83@2022-06-01..2022-10-31(153),51.83,2022-06-01,2022-10-31,
159,2023,Phophal - I,Rajkot,Sau,clean,51.83,clean,48.83,48.83,,153,1,153,0,51.83@2023-06-01..2023-10-31(153),51.83,2023-06-01,2023-10-31,
159,2024,Phophal - I,Rajkot,Sau,clean,51.83,clean,48.83,48.83,,153,1,153,0,51.83@2024-06-01..2024-10-31(153),51.83,2024-06-01,2024-10-31,
159,2025,Phophal - I,Rajkot,Sau,clean,51.83,clean,48.83,48.83,,152,1,152,0,51.83@2025-06-01..2025-10-31(152),51.83,2025-06-01,2025-10-31,
159,2026,Phophal - I,Rajkot,Sau,clean,51.83,clean,48.83,48.83,,112,1,112,0,51.83@2026-06-01..2026-09-22(112),51.83,2026-06-01,2026-09-22,
160,2022,Aji-I,Rajkot,Sau,clean,26.43,clean,25.99,25.99,,153,1,153,0,26.43@2022-06-01..2022-10-31(153),26.43,2022-06-01,2022-10-31,
160,2023,Aji-I,Rajkot,Sau,clean,26.43,clean,25.99,25.99,,153,1,153,0,26.43@2023-06-01..2023-10-31(153),26.43,2023-06-01,2023-10-31,
160,2024,Aji-I,Rajkot,Sau,clean,26.43,clean,25.99,25.99,,153,1,153,0,26.43@2024-06-01..2024-10-31(153),26.43,2024-06-01,2024-10-31,
160,2025,Aji-I,Rajkot,Sau,clean,26.43,clean,25.99,25.99,,152,1,152,0,26.43@2025-06-01..2025-10-31(152),26.43,2025-06-01,2025-10-31,
160,2026,Aji-I,Rajkot,Sau,clean,26.43,clean,25.99,25.99,,112,1,112,0,26.43@2026-06-01..2026-09-22(112),26.43,2026-06-01,2026-09-22,
161,2022,Nyari - I,Rajkot,Sau,clean,35.36,clean,33.62,33.62,,153,1,153,0,35.36@2022-06-01..2022-10-31(153),35.36,2022-06-01,2022-10-31,
161,2023,Nyari - I,Rajkot,Sau,clean,35.36,clean,33.62,33.62,,153,1,153,0,35.36@2023-06-01..2023-10-31(153),35.36,2023-06-01,2023-10-31,
161,2024,Nyari - I,Rajkot,Sau,clean,35.36,clean,33.62,33.62,,153,1,153,0,35.36@2024-06-01..2024-10-31(153),35.36,2024-06-01,2024-10-31,
161,2025,Nyari - I,Rajkot,Sau,clean,35.36,clean,33.62,33.62,,152,1,152,0,35.36@2025-06-01..2025-10-31(152),35.36,2025-06-01,2025-10-31,
161,2026,Nyari - I,Rajkot,Sau,clean,35.36,clean,33.62,33.62,,112,1,112,0,35.36@2026-06-01..2026-09-22(112),35.36,2026-06-01,2026-09-22,
162,2022,Lalpari,Rajkot,Sau,clean,5.11,clean,5.11,5.11,,153,1,153,0,5.11@2022-06-01..2022-10-31(153),5.11,2022-06-01,2022-10-31,
162,2023,Lalpari,Rajkot,Sau,clean,5.11,clean,5.11,5.11,,153,1,153,0,5.11@2023-06-01..2023-10-31(153),5.11,2023-06-01,2023-10-31,
162,2024,Lalpari,Rajkot,Sau,clean,5.11,clean,5.11,5.11,,153,1,153,0,5.11@2024-06-01..2024-10-31(153),5.11,2024-06-01,2024-10-31,
162,2025,Lalpari,Rajkot,Sau,clean,5.11,clean,5.11,5.11,,152,1,152,0,5.11@2025-06-01..2025-10-31(152),5.11,2025-06-01,2025-10-31,
162,2026,Lalpari,Rajkot,Sau,clean,5.11,clean,5.11,5.11,,112,1,112,0,5.11@2026-06-01..2026-09-22(112),5.11,2026-06-01,2026-09-22,
163,2022,Aji - II,Rajkot,Sau,clean,22.09,clean,20.76,20.76,,153,1,153,0,22.09@2022-06-01..2022-10-31(153),22.09,2022-06-01,2022-10-31,
163,2023,Aji - II,Rajkot,Sau,clean,22.09,clean,20.76,20.76,,153,1,153,0,22.09@2023-06-01..2023-10-31(153),22.09,2023-06-01,2023-10-31,
163,2024,Aji - II,Rajkot,Sau,clean,22.09,clean,20.76,20.76,,153,1,153,0,22.09@2024-06-01..2024-10-31(153),22.09,2024-06-01,2024-10-31,
163,2025,Aji - II,Rajkot,Sau,clean,22.09,clean,20.76,20.76,,152,1,152,0,22.09@2025-06-01..2025-10-31(152),22.09,2025-06-01,2025-10-31,
163,2026,Aji - II,Rajkot,Sau,clean,22.09,clean,20.76,20.76,,112,1,112,0,22.09@2026-06-01..2026-09-22(112),22.09,2026-06-01,2026-09-22,
164,2022,Demi - II,Morbi,Sau,clean,21.33,clean,19.91,19.91,,153,1,153,0,21.33@2022-06-01..2022-10-31(153),21.33,2022-06-01,2022-10-31,
164,2023,Demi - II,Morbi,Sau,clean,21.33,clean,19.91,19.91,,153,1,153,0,21.33@2023-06-01..2023-10-31(153),21.33,2023-06-01,2023-10-31,
164,2024,Demi - II,Morbi,Sau,clean,21.33,clean,19.91,19.91,,153,1,153,0,21.33@2024-06-01..2024-10-31(153),21.33,2024-06-01,2024-10-31,
164,2025,Demi - II,Morbi,Sau,clean,21.33,clean,19.91,19.91,,152,1,152,0,21.33@2025-06-01..2025-10-31(152),21.33,2025-06-01,2025-10-31,
164,2026,Demi - II,Morbi,Sau,clean,21.33,clean,19.91,19.91,,112,1,112,0,21.33@2026-06-01..2026-09-22(112),21.33,2026-06-01,2026-09-22,
165,2022,Chhaparwadi-II,Rajkot,Sau,clean,16.62,clean,15.27,15.27,,153,1,153,0,16.62@2022-06-01..2022-10-31(153),16.62,2022-06-01,2022-10-31,
165,2023,Chhaparwadi-II,Rajkot,Sau,clean,16.62,clean,15.27,15.27,,153,1,153,0,16.62@2023-06-01..2023-10-31(153),16.62,2023-06-01,2023-10-31,
165,2024,Chhaparwadi-II,Rajkot,Sau,clean,16.62,clean,15.27,15.27,,153,1,153,0,16.62@2024-06-01..2024-10-31(153),16.62,2024-06-01,2024-10-31,
165,2025,Chhaparwadi-II,Rajkot,Sau,clean,16.62,clean,15.27,15.27,,152,1,152,0,16.62@2025-06-01..2025-10-31(152),16.62,2025-06-01,2025-10-31,
165,2026,Chhaparwadi-II,Rajkot,Sau,clean,16.62,clean,15.27,15.27,,112,1,112,0,16.62@2026-06-01..2026-09-22(112),16.62,2026-06-01,2026-09-22,
166,2022,Ghodadhroi,Morbi,Sau,clean,6.88,clean,5.55,5.55,,153,1,153,0,6.88@2022-06-01..2022-10-31(153),6.88,2022-06-01,2022-10-31,
166,2023,Ghodadhroi,Morbi,Sau,clean,6.88,clean,5.55,5.55,,153,1,153,0,6.88@2023-06-01..2023-10-31(153),6.88,2023-06-01,2023-10-31,
166,2024,Ghodadhroi,Morbi,Sau,clean,6.88,clean,5.55,5.55,,153,1,153,0,6.88@2024-06-01..2024-10-31(153),6.88,2024-06-01,2024-10-31,
166,2025,Ghodadhroi,Morbi,Sau,clean,6.88,clean,5.55,5.55,,152,1,152,0,6.88@2025-06-01..2025-10-31(152),6.88,2025-06-01,2025-10-31,
166,2026,Ghodadhroi,Morbi,Sau,clean,6.88,clean,5.55,5.55,,112,1,112,0,6.88@2026-06-01..2026-09-22(112),6.88,2026-06-01,2026-09-22,
167,2022,Motisar,Rajkot,Sau,clean,2.58,clean,2.35,2.35,,153,1,153,0,2.58@2022-06-01..2022-10-31(153),2.58,2022-06-01,2022-10-31,
167,2023,Motisar,Rajkot,Sau,clean,2.58,clean,2.35,2.35,,153,1,153,0,2.58@2023-06-01..2023-10-31(153),2.58,2023-06-01,2023-10-31,
167,2024,Motisar,Rajkot,Sau,clean,2.58,clean,2.35,2.35,,153,1,153,0,2.58@2024-06-01..2024-10-31(153),2.58,2024-06-01,2024-10-31,
167,2025,Motisar,Rajkot,Sau,clean,2.58,clean,2.35,2.35,,152,1,152,0,2.58@2025-06-01..2025-10-31(152),2.58,2025-06-01,2025-10-31,
167,2026,Motisar,Rajkot,Sau,clean,2.58,clean,2.35,2.35,,112,1,112,0,2.58@2026-06-01..2026-09-22(112),2.58,2026-06-01,2026-09-22,
168,2022,Khodapipar,Rajkot,Sau,clean,3.0,clean,2.33,2.33,,153,1,153,0,3@2022-06-01..2022-10-31(153),3,2022-06-01,2022-10-31,
168,2023,Khodapipar,Rajkot,Sau,clean,3.0,clean,2.33,2.33,,153,1,153,0,3@2023-06-01..2023-10-31(153),3,2023-06-01,2023-10-31,
168,2024,Khodapipar,Rajkot,Sau,clean,3.0,clean,2.33,2.33,,153,1,153,0,3@2024-06-01..2024-10-31(153),3,2024-06-01,2024-10-31,
168,2025,Khodapipar,Rajkot,Sau,clean,3.0,clean,2.33,2.33,,152,1,152,0,3@2025-06-01..2025-10-31(152),3,2025-06-01,2025-10-31,
168,2026,Khodapipar,Rajkot,Sau,clean,3.0,clean,2.33,2.33,,112,1,112,0,3@2026-06-01..2026-09-22(112),3,2026-06-01,2026-09-22,
169,2022,Survo,Rajkot,Sau,clean,13.9,clean,13.66,13.66,,153,1,153,0,13.9@2022-06-01..2022-10-31(153),13.9,2022-06-01,2022-10-31,
169,2023,Survo,Rajkot,Sau,clean,13.9,clean,13.66,13.66,,153,1,153,0,13.9@2023-06-01..2023-10-31(153),13.9,2023-06-01,2023-10-31,
169,2024,Survo,Rajkot,Sau,clean,13.9,clean,13.66,13.66,,153,1,153,0,13.9@2024-06-01..2024-10-31(153),13.9,2024-06-01,2024-10-31,
169,2025,Survo,Rajkot,Sau,clean,13.9,clean,13.66,13.66,,152,1,152,0,13.9@2025-06-01..2025-10-31(152),13.9,2025-06-01,2025-10-31,
169,2026,Survo,Rajkot,Sau,clean,13.9,clean,13.66,13.66,,112,1,112,0,13.9@2026-06-01..2026-09-22(112),13.9,2026-06-01,2026-09-22,
170,2022,Dondi,Rajkot,Sau,clean,3.8,clean,2.91,2.91,,153,1,153,0,3.8@2022-06-01..2022-10-31(153),3.8,2022-06-01,2022-10-31,
170,2023,Dondi,Rajkot,Sau,clean,3.8,clean,2.91,2.91,,153,1,153,0,3.8@2023-06-01..2023-10-31(153),3.8,2023-06-01,2023-10-31,
170,2024,Dondi,Rajkot,Sau,clean,3.8,clean,2.91,2.91,,153,1,153,0,3.8@2024-06-01..2024-10-31(153),3.8,2024-06-01,2024-10-31,
170,2025,Dondi,Rajkot,Sau,clean,3.8,clean,2.91,2.91,,152,1,152,0,3.8@2025-06-01..2025-10-31(152),3.8,2025-06-01,2025-10-31,
170,2026,Dondi,Rajkot,Sau,clean,3.8,clean,2.91,2.91,,112,1,112,0,3.8@2026-06-01..2026-09-22(112),3.8,2026-06-01,2026-09-22,
171,2022,Sodvadar,Rajkot,Sau,clean,4.84,clean,4.58,4.58,,153,1,153,0,4.84@2022-06-01..2022-10-31(153),4.84,2022-06-01,2022-10-31,
171,2023,Sodvadar,Rajkot,Sau,clean,4.84,clean,4.58,4.58,,153,1,153,0,4.84@2023-06-01..2023-10-31(153),4.84,2023-06-01,2023-10-31,
171,2024,Sodvadar,Rajkot,Sau,clean,4.84,clean,4.58,4.58,,153,1,153,0,4.84@2024-06-01..2024-10-31(153),4.84,2024-06-01,2024-10-31,
171,2025,Sodvadar,Rajkot,Sau,clean,4.84,clean,4.58,4.58,,152,1,152,0,4.84@2025-06-01..2025-10-31(152),4.84,2025-06-01,2025-10-31,
171,2026,Sodvadar,Rajkot,Sau,clean,4.84,clean,4.58,4.58,,112,1,112,0,4.84@2026-06-01..2026-09-22(112),4.84,2026-06-01,2026-09-22,
172,2022,Demi - I,Morbi,Sau,clean,22.17,clean,22.1,22.1,,153,1,153,0,22.17@2022-06-01..2022-10-31(153),22.17,2022-06-01,2022-10-31,
172,2023,Demi - I,Morbi,Sau,clean,22.17,clean,22.1,22.1,,153,1,153,0,22.17@2023-06-01..2023-10-31(153),22.17,2023-06-01,2023-10-31,
172,2024,Demi - I,Morbi,Sau,clean,22.17,clean,22.1,22.1,,153,1,153,0,22.17@2024-06-01..2024-10-31(153),22.17,2024-06-01,2024-10-31,
172,2025,Demi - I,Morbi,Sau,clean,22.17,clean,22.1,22.1,,152,1,152,0,22.17@2025-06-01..2025-10-31(152),22.17,2025-06-01,2025-10-31,
172,2026,Demi - I,Morbi,Sau,clean,22.17,clean,22.1,22.1,,112,1,112,0,22.17@2026-06-01..2026-09-22(112),22.17,2026-06-01,2026-09-22,
173,2022,Gondali,Rajkot,Sau,clean,10.11,clean,9.97,9.97,,153,1,153,0,10.11@2022-06-01..2022-10-31(153),10.11,2022-06-01,2022-10-31,
173,2023,Gondali,Rajkot,Sau,clean,10.11,clean,9.97,9.97,,153,1,153,0,10.11@2023-06-01..2023-10-31(153),10.11,2023-06-01,2023-10-31,
173,2024,Gondali,Rajkot,Sau,clean,10.11,clean,9.97,9.97,,153,1,153,0,10.11@2024-06-01..2024-10-31(153),10.11,2024-06-01,2024-10-31,
173,2025,Gondali,Rajkot,Sau,clean,10.11,clean,9.97,9.97,,152,1,152,0,10.11@2025-06-01..2025-10-31(152),10.11,2025-06-01,2025-10-31,
173,2026,Gondali,Rajkot,Sau,clean,10.11,clean,9.97,9.97,,112,1,112,0,10.11@2026-06-01..2026-09-22(112),10.11,2026-06-01,2026-09-22,
174,2022,Ghelo - S,Rajkot,Sau,clean,6.06,clean,5.89,5.89,,153,1,153,0,6.06@2022-06-01..2022-10-31(153),6.06,2022-06-01,2022-10-31,
174,2023,Ghelo - S,Rajkot,Sau,clean,6.06,clean,5.89,5.89,,153,1,153,0,6.06@2023-06-01..2023-10-31(153),6.06,2023-06-01,2023-10-31,
174,2024,Ghelo - S,Rajkot,Sau,clean,6.06,clean,5.89,5.89,,153,1,153,0,6.06@2024-06-01..2024-10-31(153),6.06,2024-06-01,2024-10-31,
174,2025,Ghelo - S,Rajkot,Sau,clean,6.06,clean,5.89,5.89,,152,1,152,0,6.06@2025-06-01..2025-10-31(152),6.06,2025-06-01,2025-10-31,
174,2026,Ghelo - S,Rajkot,Sau,clean,6.06,clean,5.89,5.89,,112,1,112,0,6.06@2026-06-01..2026-09-22(112),6.06,2026-06-01,2026-09-22,
175,2022,Vachhapari,Rajkot,Sau,clean,6.12,clean,5.58,5.58,,153,1,153,0,6.12@2022-06-01..2022-10-31(153),6.12,2022-06-01,2022-10-31,
175,2023,Vachhapari,Rajkot,Sau,clean,6.12,clean,5.58,5.58,,153,1,153,0,6.12@2023-06-01..2023-10-31(153),6.12,2023-06-01,2023-10-31,
175,2024,Vachhapari,Rajkot,Sau,clean,6.12,clean,5.58,5.58,,153,1,153,0,6.12@2024-06-01..2024-10-31(153),6.12,2024-06-01,2024-10-31,
175,2025,Vachhapari,Rajkot,Sau,clean,6.12,clean,5.58,5.58,,152,1,152,0,6.12@2025-06-01..2025-10-31(152),6.12,2025-06-01,2025-10-31,
175,2026,Vachhapari,Rajkot,Sau,clean,6.12,clean,5.58,5.58,,112,1,112,0,6.12@2026-06-01..2026-09-22(112),6.12,2026-06-01,2026-09-22,
176,2022,Phadangbeti,Rajkot,Sau,clean,5.89,clean,5.37,5.37,,153,1,153,0,5.89@2022-06-01..2022-10-31(153),5.89,2022-06-01,2022-10-31,
176,2023,Phadangbeti,Rajkot,Sau,clean,5.89,clean,5.37,5.37,,153,1,153,0,5.89@2023-06-01..2023-10-31(153),5.89,2023-06-01,2023-10-31,
176,2024,Phadangbeti,Rajkot,Sau,clean,5.89,clean,5.37,5.37,,153,1,153,0,5.89@2024-06-01..2024-10-31(153),5.89,2024-06-01,2024-10-31,
176,2025,Phadangbeti,Rajkot,Sau,clean,5.89,clean,5.37,5.37,,152,1,152,0,5.89@2025-06-01..2025-10-31(152),5.89,2025-06-01,2025-10-31,
176,2026,Phadangbeti,Rajkot,Sau,clean,5.89,clean,5.37,5.37,,112,1,112,0,5.89@2026-06-01..2026-09-22(112),5.89,2026-06-01,2026-09-22,
177,2022,Ishwaria,Rajkot,Sau,clean,5.25,clean,4.85,4.85,,153,1,153,0,5.25@2022-06-01..2022-10-31(153),5.25,2022-06-01,2022-10-31,
177,2023,Ishwaria,Rajkot,Sau,clean,5.25,clean,4.85,4.85,,153,1,153,0,5.25@2023-06-01..2023-10-31(153),5.25,2023-06-01,2023-10-31,
177,2024,Ishwaria,Rajkot,Sau,clean,5.25,clean,4.85,4.85,,153,1,153,0,5.25@2024-06-01..2024-10-31(153),5.25,2024-06-01,2024-10-31,
177,2025,Ishwaria,Rajkot,Sau,clean,5.25,clean,4.85,4.85,,152,1,152,0,5.25@2025-06-01..2025-10-31(152),5.25,2025-06-01,2025-10-31,
177,2026,Ishwaria,Rajkot,Sau,clean,5.25,clean,4.85,4.85,,112,1,112,0,5.25@2026-06-01..2026-09-22(112),5.25,2026-06-01,2026-09-22,
178,2022,Bangawadi,Morbi,Sau,clean,7.67,clean,7.58,7.58,,153,1,153,0,7.67@2022-06-01..2022-10-31(153),7.67,2022-06-01,2022-10-31,
178,2023,Bangawadi,Morbi,Sau,clean,7.67,clean,7.58,7.58,,153,1,153,0,7.67@2023-06-01..2023-10-31(153),7.67,2023-06-01,2023-10-31,
178,2024,Bangawadi,Morbi,Sau,clean,7.67,clean,7.58,7.58,,153,1,153,0,7.67@2024-06-01..2024-10-31(153),7.67,2024-06-01,2024-10-31,
178,2025,Bangawadi,Morbi,Sau,clean,7.67,clean,7.58,7.58,,152,1,152,0,7.67@2025-06-01..2025-10-31(152),7.67,2025-06-01,2025-10-31,
178,2026,Bangawadi,Morbi,Sau,clean,7.67,clean,7.58,7.58,,112,1,112,0,7.67@2026-06-01..2026-09-22(112),7.67,2026-06-01,2026-09-22,
179,2022,Kabir-Sarovar,Rajkot,Sau,clean,6.49,clean,6.21,6.21,,153,1,153,0,6.49@2022-06-01..2022-10-31(153),6.49,2022-06-01,2022-10-31,
179,2023,Kabir-Sarovar,Rajkot,Sau,clean,6.49,clean,6.21,6.21,,153,1,153,0,6.49@2023-06-01..2023-10-31(153),6.49,2023-06-01,2023-10-31,
179,2024,Kabir-Sarovar,Rajkot,Sau,clean,6.49,clean,6.21,6.21,,153,1,153,0,6.49@2024-06-01..2024-10-31(153),6.49,2024-06-01,2024-10-31,
179,2025,Kabir-Sarovar,Rajkot,Sau,clean,6.49,clean,6.21,6.21,,152,1,152,0,6.49@2025-06-01..2025-10-31(152),6.49,2025-06-01,2025-10-31,
179,2026,Kabir-Sarovar,Rajkot,Sau,clean,6.49,clean,6.21,6.21,,112,1,112,0,6.49@2026-06-01..2026-09-22(112),6.49,2026-06-01,2026-09-22,
180,2022,Dhari,Rajkot,Sau,clean,3.01,clean,2.52,2.52,,153,1,153,0,3.01@2022-06-01..2022-10-31(153),3.01,2022-06-01,2022-10-31,
180,2023,Dhari,Rajkot,Sau,clean,3.01,clean,2.52,2.52,,153,1,153,0,3.01@2023-06-01..2023-10-31(153),3.01,2023-06-01,2023-10-31,
180,2024,Dhari,Rajkot,Sau,clean,3.01,clean,2.52,2.52,,153,1,153,0,3.01@2024-06-01..2024-10-31(153),3.01,2024-06-01,2024-10-31,
180,2025,Dhari,Rajkot,Sau,clean,3.01,clean,2.52,2.52,,152,1,152,0,3.01@2025-06-01..2025-10-31(152),3.01,2025-06-01,2025-10-31,
180,2026,Dhari,Rajkot,Sau,clean,3.01,clean,2.52,2.52,,112,1,112,0,3.01@2026-06-01..2026-09-22(112),3.01,2026-06-01,2026-09-22,
181,2022,Malgadh,Rajkot,Sau,clean,2.64,clean,2.53,2.53,,153,1,153,0,2.64@2022-06-01..2022-10-31(153),2.64,2022-06-01,2022-10-31,
181,2023,Malgadh,Rajkot,Sau,clean,2.64,clean,2.53,2.53,,153,1,153,0,2.64@2023-06-01..2023-10-31(153),2.64,2023-06-01,2023-10-31,
181,2024,Malgadh,Rajkot,Sau,clean,2.64,clean,2.53,2.53,,153,1,153,0,2.64@2024-06-01..2024-10-31(153),2.64,2024-06-01,2024-10-31,
181,2025,Malgadh,Rajkot,Sau,clean,2.64,clean,2.53,2.53,,152,1,152,0,2.64@2025-06-01..2025-10-31(152),2.64,2025-06-01,2025-10-31,
181,2026,Malgadh,Rajkot,Sau,clean,2.64,clean,2.53,2.53,,112,1,112,0,2.64@2026-06-01..2026-09-22(112),2.64,2026-06-01,2026-09-22,
182,2022,Sukhbhadar,Botad,Sau,clean,41.13,clean,37.57,37.57,,153,1,153,0,41.13@2022-06-01..2022-10-31(153),41.13,2022-06-01,2022-10-31,
182,2023,Sukhbhadar,Surendranagar,Sau,clean,41.13,clean,37.57,37.57,,153,1,153,0,41.13@2023-06-01..2023-10-31(153),41.13,2023-06-01,2023-10-31,
182,2024,Sukhbhadar,Botad,Sau,clean,41.13,clean,37.57,37.57,,153,1,153,0,41.13@2024-06-01..2024-10-31(153),41.13,2024-06-01,2024-10-31,
182,2025,Sukhbhadar,Botad,Sau,clean,41.13,clean,37.57,37.57,,152,1,152,0,41.13@2025-06-01..2025-10-31(152),41.13,2025-06-01,2025-10-31,
182,2026,Sukhbhadar,Botad,Sau,clean,41.13,clean,37.57,37.57,,112,1,112,0,41.13@2026-06-01..2026-09-22(112),41.13,2026-06-01,2026-09-22,
183,2022,Nyka,Surendranagar,Sau,clean,13.71,clean,13.36,13.36,,153,1,153,0,13.71@2022-06-01..2022-10-31(153),13.71,2022-06-01,2022-10-31,
183,2023,Nyka,Surendranagar,Sau,clean,13.71,clean,13.36,13.36,,153,1,153,0,13.71@2023-06-01..2023-10-31(153),13.71,2023-06-01,2023-10-31,
183,2024,Nyka,Surendranagar,Sau,clean,13.71,clean,13.36,13.36,,153,1,153,0,13.71@2024-06-01..2024-10-31(153),13.71,2024-06-01,2024-10-31,
183,2025,Nyka,Surendranagar,Sau,clean,13.71,clean,13.36,13.36,,152,1,152,0,13.71@2025-06-01..2025-10-31(152),13.71,2025-06-01,2025-10-31,
183,2026,Nyka,Surendranagar,Sau,clean,13.71,clean,13.36,13.36,,112,1,112,0,13.71@2026-06-01..2026-09-22(112),13.71,2026-06-01,2026-09-22,
184,2022,Dholidhaja,Surendranagar,Sau,clean,20.39,clean,18.69,18.69,,153,1,153,0,20.39@2022-06-01..2022-10-31(153),20.39,2022-06-01,2022-10-31,
184,2023,Dholidhaja,Surendranagar,Sau,clean,20.39,clean,18.69,18.69,,153,1,153,0,20.39@2023-06-01..2023-10-31(153),20.39,2023-06-01,2023-10-31,
184,2024,Dholidhaja,Surendranagar,Sau,clean,20.39,clean,18.69,18.69,,153,1,153,0,20.39@2024-06-01..2024-10-31(153),20.39,2024-06-01,2024-10-31,
184,2025,Dholidhaja,Surendranagar,Sau,clean,20.39,clean,18.69,18.69,,152,1,152,0,20.39@2025-06-01..2025-10-31(152),20.39,2025-06-01,2025-10-31,
184,2026,Dholidhaja,Surendranagar,Sau,clean,20.39,clean,18.69,18.69,,112,1,112,0,20.39@2026-06-01..2026-09-22(112),20.39,2026-06-01,2026-09-22,
185,2022,Falku,Surendranagar,Sau,clean,13.02,clean,12.69,12.69,,153,1,153,0,13.02@2022-06-01..2022-10-31(153),13.02,2022-06-01,2022-10-31,
185,2023,Falku,Surendranagar,Sau,clean,13.02,clean,12.69,12.69,,153,1,153,0,13.02@2023-06-01..2023-10-31(153),13.02,2023-06-01,2023-10-31,
185,2024,Falku,Surendranagar,Sau,clean,13.02,clean,12.69,12.69,,153,1,153,0,13.02@2024-06-01..2024-10-31(153),13.02,2024-06-01,2024-10-31,
185,2025,Falku,Surendranagar,Sau,clean,13.02,clean,12.69,12.69,,152,1,152,0,13.02@2025-06-01..2025-10-31(152),13.02,2025-06-01,2025-10-31,
185,2026,Falku,Surendranagar,Sau,clean,13.02,clean,12.69,12.69,,112,1,112,0,13.02@2026-06-01..2026-09-22(112),13.02,2026-06-01,2026-09-22,
186,2022,Nimbmani,Surendranagar,Sau,clean,6.18,clean,5.79,5.79,,153,1,153,0,6.18@2022-06-01..2022-10-31(153),6.18,2022-06-01,2022-10-31,
186,2023,Nimbmani,Surendranagar,Sau,clean,6.18,clean,5.79,5.79,,153,1,153,0,6.18@2023-06-01..2023-10-31(153),6.18,2023-06-01,2023-10-31,
186,2024,Nimbmani,Surendranagar,Sau,clean,6.18,clean,5.79,5.79,,153,1,153,0,6.18@2024-06-01..2024-10-31(153),6.18,2024-06-01,2024-10-31,
186,2025,Nimbmani,Surendranagar,Sau,clean,6.18,clean,5.79,5.79,,152,1,152,0,6.18@2025-06-01..2025-10-31(152),6.18,2025-06-01,2025-10-31,
186,2026,Nimbmani,Surendranagar,Sau,clean,6.18,clean,5.79,5.79,,112,1,112,0,6.18@2026-06-01..2026-09-22(112),6.18,2026-06-01,2026-09-22,
187,2022,Lim-Bhogavo-II,Surendranagar,Sau,clean,15.17,clean,13.0,13,,153,1,153,0,15.17@2022-06-01..2022-10-31(153),15.17,2022-06-01,2022-10-31,
187,2023,Lim-Bhogavo-II,Surendranagar,Sau,clean,15.17,clean,13.0,13,,153,1,153,0,15.17@2023-06-01..2023-10-31(153),15.17,2023-06-01,2023-10-31,
187,2024,Lim-Bhogavo-II,Surendranagar,Sau,clean,15.17,clean,13.0,13,,153,1,153,0,15.17@2024-06-01..2024-10-31(153),15.17,2024-06-01,2024-10-31,
187,2025,Lim-Bhogavo-II,Surendranagar,Sau,clean,15.17,clean,13.0,13,,152,1,152,0,15.17@2025-06-01..2025-10-31(152),15.17,2025-06-01,2025-10-31,
187,2026,Lim-Bhogavo-II,Surendranagar,Sau,clean,15.17,clean,13.0,13,,112,1,112,0,15.17@2026-06-01..2026-09-22(112),15.17,2026-06-01,2026-09-22,
188,2022,Vansal,Surendranagar,Sau,clean,3.97,clean,3.33,3.33,,153,1,153,0,3.97@2022-06-01..2022-10-31(153),3.97,2022-06-01,2022-10-31,
188,2023,Vansal,Surendranagar,Sau,clean,3.97,clean,3.33,3.33,,153,1,153,0,3.97@2023-06-01..2023-10-31(153),3.97,2023-06-01,2023-10-31,
188,2024,Vansal,Surendranagar,Sau,clean,3.97,clean,3.33,3.33,,153,1,153,0,3.97@2024-06-01..2024-10-31(153),3.97,2024-06-01,2024-10-31,
188,2025,Vansal,Surendranagar,Sau,clean,3.97,clean,3.33,3.33,,152,1,152,0,3.97@2025-06-01..2025-10-31(152),3.97,2025-06-01,2025-10-31,
188,2026,Vansal,Surendranagar,Sau,clean,3.97,clean,3.33,3.33,,112,1,112,0,3.97@2026-06-01..2026-09-22(112),3.97,2026-06-01,2026-09-22,
189,2022,Brahmani,Morbi,Sau,clean,58.33,clean,56.29,56.29,,153,1,153,0,58.33@2022-06-01..2022-10-31(153),58.33,2022-06-01,2022-10-31,
189,2023,Brahmani,Morbi,Sau,clean,58.33,clean,56.29,56.29,,153,1,153,0,58.33@2023-06-01..2023-10-31(153),58.33,2023-06-01,2023-10-31,
189,2024,Brahmani,Morbi,Sau,clean,58.33,clean,56.29,56.29,,153,1,153,0,58.33@2024-06-01..2024-10-31(153),58.33,2024-06-01,2024-10-31,
189,2025,Brahmani,Morbi,Sau,clean,58.33,clean,56.29,56.29,,152,1,152,0,58.33@2025-06-01..2025-10-31(152),58.33,2025-06-01,2025-10-31,
189,2026,Brahmani,Morbi,Sau,clean,58.33,clean,56.29,56.29,,112,1,112,0,58.33@2026-06-01..2026-09-22(112),58.33,2026-06-01,2026-09-22,
190,2022,Lim-Bhogavo-I,Surendranagar,Sau,clean,22.43,clean,21.9,21.9,,153,1,153,0,22.43@2022-06-01..2022-10-31(153),22.43,2022-06-01,2022-10-31,
190,2023,Lim-Bhogavo-I,Surendranagar,Sau,clean,22.43,clean,21.9,21.9,,153,1,153,0,22.43@2023-06-01..2023-10-31(153),22.43,2023-06-01,2023-10-31,
190,2024,Lim-Bhogavo-I,Surendranagar,Sau,clean,22.43,clean,21.9,21.9,,153,1,153,0,22.43@2024-06-01..2024-10-31(153),22.43,2024-06-01,2024-10-31,
190,2025,Lim-Bhogavo-I,Surendranagar,Sau,clean,22.43,clean,21.9,21.9,,152,1,152,0,22.43@2025-06-01..2025-10-31(152),22.43,2025-06-01,2025-10-31,
190,2026,Lim-Bhogavo-I,Surendranagar,Sau,clean,22.43,clean,21.9,21.9,,112,1,112,0,22.43@2026-06-01..2026-09-22(112),22.43,2026-06-01,2026-09-22,
191,2022,Morshal,Surendranagar,Sau,clean,3.25,clean,3.05,3.05,,153,1,153,0,3.25@2022-06-01..2022-10-31(153),3.25,2022-06-01,2022-10-31,
191,2023,Morshal,Surendranagar,Sau,clean,3.25,clean,3.05,3.05,,153,1,153,0,3.25@2023-06-01..2023-10-31(153),3.25,2023-06-01,2023-10-31,
191,2024,Morshal,Surendranagar,Sau,clean,3.25,clean,3.05,3.05,,153,1,153,0,3.25@2024-06-01..2024-10-31(153),3.25,2024-06-01,2024-10-31,
191,2025,Morshal,Surendranagar,Sau,clean,3.25,clean,3.05,3.05,,152,1,152,0,3.25@2025-06-01..2025-10-31(152),3.25,2025-06-01,2025-10-31,
191,2026,Morshal,Surendranagar,Sau,clean,3.25,clean,3.05,3.05,,112,1,112,0,3.25@2026-06-01..2026-09-22(112),3.25,2026-06-01,2026-09-22,
192,2022,Saburi,Surendranagar,Sau,clean,4.5,clean,3.95,3.95,,153,1,153,0,4.5@2022-06-01..2022-10-31(153),4.5,2022-06-01,2022-10-31,
192,2023,Saburi,Surendranagar,Sau,clean,4.5,clean,3.95,3.95,,153,1,153,0,4.5@2023-06-01..2023-10-31(153),4.5,2023-06-01,2023-10-31,
192,2024,Saburi,Surendranagar,Sau,clean,4.5,clean,3.95,3.95,,153,1,153,0,4.5@2024-06-01..2024-10-31(153),4.5,2024-06-01,2024-10-31,
192,2025,Saburi,Surendranagar,Sau,clean,4.5,clean,3.95,3.95,,152,1,152,0,4.5@2025-06-01..2025-10-31(152),4.5,2025-06-01,2025-10-31,
192,2026,Saburi,Surendranagar,Sau,clean,4.5,clean,3.95,3.95,,112,1,112,0,4.5@2026-06-01..2026-09-22(112),4.5,2026-06-01,2026-09-22,
193,2022,Triveni Thanga,Surendranagar,Sau,clean,3.23,clean,2.95,2.95,,153,1,153,0,3.23@2022-06-01..2022-10-31(153),3.23,2022-06-01,2022-10-31,
193,2023,Triveni Thanga,Surendranagar,Sau,clean,3.23,clean,2.95,2.95,,153,1,153,0,3.23@2023-06-01..2023-10-31(153),3.23,2023-06-01,2023-10-31,
193,2024,Triveni Thanga,Surendranagar,Sau,clean,3.23,clean,2.95,2.95,,153,1,153,0,3.23@2024-06-01..2024-10-31(153),3.23,2024-06-01,2024-10-31,
193,2025,Triveni Thanga,Surendranagar,Sau,clean,3.23,clean,2.95,2.95,,152,1,152,0,3.23@2025-06-01..2025-10-31(152),3.23,2025-06-01,2025-10-31,
193,2026,Triveni Thanga,Surendranagar,Sau,clean,3.23,clean,2.95,2.95,,112,1,112,0,3.23@2026-06-01..2026-09-22(112),3.23,2026-06-01,2026-09-22,
194,2022,Veradi-II,Devbhumi Dwarka,Sau,clean,9.79,clean,9.57,9.57,,153,1,153,0,9.79@2022-06-01..2022-10-31(153),9.79,2022-06-01,2022-10-31,
194,2023,Veradi-II,Devbhumi Dwarka,Sau,clean,9.79,clean,9.57,9.57,,153,1,153,0,9.79@2023-06-01..2023-10-31(153),9.79,2023-06-01,2023-10-31,
194,2024,Veradi-II,Devbhumi Dwarka,Sau,clean,9.79,clean,9.57,9.57,,153,1,153,0,9.79@2024-06-01..2024-10-31(153),9.79,2024-06-01,2024-10-31,
194,2025,Veradi-II,Devbhumi Dwarka,Sau,clean,9.79,clean,9.57,9.57,,152,1,152,0,9.79@2025-06-01..2025-10-31(152),9.79,2025-06-01,2025-10-31,
194,2026,Veradi-II,Devbhumi Dwarka,Sau,clean,9.79,clean,9.57,9.57,,112,1,112,0,9.79@2026-06-01..2026-09-22(112),9.79,2026-06-01,2026-09-22,
195,2022,Minsar (V),Devbhumi Dwarka,Sau,clean,5.85,clean,5.54,5.54,,153,1,153,0,5.85@2022-06-01..2022-10-31(153),5.85,2022-06-01,2022-10-31,
195,2023,Minsar (V),Devbhumi Dwarka,Sau,clean,5.85,clean,5.54,5.54,,153,1,153,0,5.85@2023-06-01..2023-10-31(153),5.85,2023-06-01,2023-10-31,
195,2024,Minsar (V),Devbhumi Dwarka,Sau,clean,5.85,clean,5.54,5.54,,153,1,153,0,5.85@2024-06-01..2024-10-31(153),5.85,2024-06-01,2024-10-31,
195,2025,Minsar (V),Devbhumi Dwarka,Sau,clean,5.85,clean,5.54,5.54,,152,1,152,0,5.85@2025-06-01..2025-10-31(152),5.85,2025-06-01,2025-10-31,
195,2026,Minsar (V),Devbhumi Dwarka,Sau,clean,5.85,clean,5.54,5.54,,112,1,112,0,5.85@2026-06-01..2026-09-22(112),5.85,2026-06-01,2026-09-22,
196,2022,Jaspara-Mandva,Bhavnagar,Sau,clean,3.72,clean,3.18,3.18,,153,1,153,0,3.72@2022-06-01..2022-10-31(153),3.72,2022-06-01,2022-10-31,
196,2023,Jaspara-Mandva,Bhavnagar,Sau,clean,3.72,clean,3.18,3.18,,153,1,153,0,3.72@2023-06-01..2023-10-31(153),3.72,2023-06-01,2023-10-31,
196,2024,Jaspara-Mandva,Bhavnagar,Sau,clean,3.72,clean,3.18,3.18,,153,1,153,0,3.72@2024-06-01..2024-10-31(153),3.72,2024-06-01,2024-10-31,
196,2025,Jaspara-Mandva,Bhavnagar,Sau,clean,3.72,clean,3.18,3.18,,152,1,152,0,3.72@2025-06-01..2025-10-31(152),3.72,2025-06-01,2025-10-31,
196,2026,Jaspara-Mandva,Bhavnagar,Sau,clean,3.72,clean,3.18,3.18,,112,1,112,0,3.72@2026-06-01..2026-09-22(112),3.72,2026-06-01,2026-09-22,
197,2022,Khedva,Sabarkantha,NG,clean,7.63,clean,6.68,6.68,,153,1,153,0,7.63@2022-06-01..2022-10-31(153),7.63,2022-06-01,2022-10-31,
197,2023,Khedva,Sabarkantha,NG,clean,7.63,clean,6.68,6.68,,153,1,153,0,7.63@2023-06-01..2023-10-31(153),7.63,2023-06-01,2023-10-31,
197,2024,Khedva,Sabarkantha,NG,clean,7.63,clean,6.68,6.68,,153,1,153,0,7.63@2024-06-01..2024-10-31(153),7.63,2024-06-01,2024-10-31,
197,2025,Khedva,Sabarkantha,NG,clean,7.63,clean,6.68,6.68,,152,1,152,0,7.63@2025-06-01..2025-10-31(152),7.63,2025-06-01,2025-10-31,
197,2026,Khedva,Sabarkantha,NG,clean,7.63,clean,6.68,6.68,,112,1,112,0,7.63@2026-06-01..2026-09-22(112),7.63,2026-06-01,2026-09-22,
198,2022,Sabali,Junagadh,Sau,clean,7.2,clean,6.14,6.14,,153,1,153,0,7.2@2022-06-01..2022-10-31(153),7.2,2022-06-01,2022-10-31,
198,2023,Sabali,Junagadh,Sau,clean,7.2,clean,6.14,6.14,,153,1,153,0,7.2@2023-06-01..2023-10-31(153),7.2,2023-06-01,2023-10-31,
198,2024,Sabali,Junagadh,Sau,clean,7.2,clean,6.14,6.14,,153,1,153,0,7.2@2024-06-01..2024-10-31(153),7.2,2024-06-01,2024-10-31,
198,2025,Sabali,Junagadh,Sau,clean,7.2,clean,6.14,6.14,,152,1,152,0,7.2@2025-06-01..2025-10-31(152),7.2,2025-06-01,2025-10-31,
198,2026,Sabali,Junagadh,Sau,clean,7.2,clean,6.14,6.14,,112,1,112,0,7.2@2026-06-01..2026-09-22(112),7.2,2026-06-01,2026-09-22,
199,2022,Saran,Porbandar,Sau,clean,1.69,clean,1.62,1.62,,153,1,153,0,1.69@2022-06-01..2022-10-31(153),1.69,2022-06-01,2022-10-31,
199,2023,Saran,Porbandar,Sau,clean,1.69,clean,1.62,1.62,,153,1,153,0,1.69@2023-06-01..2023-10-31(153),1.69,2023-06-01,2023-10-31,
199,2024,Saran,Porbandar,Sau,clean,1.69,clean,1.62,1.62,,153,1,153,0,1.69@2024-06-01..2024-10-31(153),1.69,2024-06-01,2024-10-31,
199,2025,Saran,Porbandar,Sau,clean,1.69,clean,1.62,1.62,,152,1,152,0,1.69@2025-06-01..2025-10-31(152),1.69,2025-06-01,2025-10-31,
199,2026,Saran,Porbandar,Sau,clean,1.69,clean,1.62,1.62,,112,1,112,0,1.69@2026-06-01..2026-09-22(112),1.69,2026-06-01,2026-09-22,
200,2022,Brahmani-II,Morbi,Sau,clean,19.8,clean,18.5,18.5,,153,1,153,0,19.8@2022-06-01..2022-10-31(153),19.8,2022-06-01,2022-10-31,
200,2023,Brahmani-II,Morbi,Sau,clean,19.8,clean,18.5,18.5,,153,1,153,0,19.8@2023-06-01..2023-10-31(153),19.8,2023-06-01,2023-10-31,
200,2024,Brahmani-II,Morbi,Sau,clean,19.8,clean,18.5,18.5,,153,1,153,0,19.8@2024-06-01..2024-10-31(153),19.8,2024-06-01,2024-10-31,
200,2025,Brahmani-II,Morbi,Sau,clean,19.8,clean,18.5,18.5,,152,1,152,0,19.8@2025-06-01..2025-10-31(152),19.8,2025-06-01,2025-10-31,
200,2026,Brahmani-II,Morbi,Sau,clean,19.8,clean,18.5,18.5,,112,1,112,0,19.8@2026-06-01..2026-09-22(112),19.8,2026-06-01,2026-09-22,
201,2022,Gorathiya,Sabarkantha,NG,clean,4.15,clean,3.25,3.25,,153,1,153,0,4.15@2022-06-01..2022-10-31(153),4.15,2022-06-01,2022-10-31,
201,2023,Gorathiya,Sabarkantha,NG,clean,4.15,clean,3.25,3.25,,153,1,153,0,4.15@2023-06-01..2023-10-31(153),4.15,2023-06-01,2023-10-31,
201,2024,Gorathiya,Sabarkantha,NG,clean,4.15,clean,3.25,3.25,,153,1,153,0,4.15@2024-06-01..2024-10-31(153),4.15,2024-06-01,2024-10-31,
201,2025,Gorathiya,Sabarkantha,NG,clean,4.15,clean,3.25,3.25,,152,1,152,0,4.15@2025-06-01..2025-10-31(152),4.15,2025-06-01,2025-10-31,
201,2026,Gorathiya,Sabarkantha,NG,clean,4.15,clean,3.25,3.25,,112,1,112,0,4.15@2026-06-01..2026-09-22(112),4.15,2026-06-01,2026-09-22,
202,2022,Varansi,Kheda,CG,clean,3.18,clean,2.62,2.62,,153,1,153,0,3.18@2022-06-01..2022-10-31(153),3.18,2022-06-01,2022-10-31,
202,2023,Varansi,Kheda,CG,clean,3.18,clean,2.62,2.62,,153,1,153,0,3.18@2023-06-01..2023-10-31(153),3.18,2023-06-01,2023-10-31,
202,2024,Varansi,Kheda,CG,clean,3.18,clean,2.62,2.62,,153,1,153,0,3.18@2024-06-01..2024-10-31(153),3.18,2024-06-01,2024-10-31,
202,2025,Varansi,Kheda,CG,clean,3.18,clean,2.62,2.62,,152,1,152,0,3.18@2025-06-01..2025-10-31(152),3.18,2025-06-01,2025-10-31,
202,2026,Varansi,Kheda,CG,clean,3.18,clean,2.62,2.62,,112,1,112,0,3.18@2026-06-01..2026-09-22(112),3.18,2026-06-01,2026-09-22,
203,2022,Machchhu-III,Morbi,Sau,clean,7.99,clean,6.46,6.46,,153,1,153,0,7.99@2022-06-01..2022-10-31(153),7.99,2022-06-01,2022-10-31,
203,2023,Machchhu-III,Morbi,Sau,clean,7.99,clean,6.46,6.46,,153,1,153,0,7.99@2023-06-01..2023-10-31(153),7.99,2023-06-01,2023-10-31,
203,2024,Machchhu-III,Morbi,Sau,clean,7.99,clean,6.46,6.46,,153,1,153,0,7.99@2024-06-01..2024-10-31(153),7.99,2024-06-01,2024-10-31,
203,2025,Machchhu-III,Morbi,Sau,clean,7.99,clean,6.46,6.46,,152,1,152,0,7.99@2025-06-01..2025-10-31(152),7.99,2025-06-01,2025-10-31,
203,2026,Machchhu-III,Morbi,Sau,clean,7.99,clean,6.46,6.46,,112,1,112,0,7.99@2026-06-01..2026-09-22(112),7.99,2026-06-01,2026-09-22,
204,2022,Rana Khirasara,Porbandar,Sau,clean,4.02,clean,3.97,3.97,,153,1,153,0,4.02@2022-06-01..2022-10-31(153),4.02,2022-06-01,2022-10-31,
204,2023,Rana Khirasara,Porbandar,Sau,clean,4.02,clean,3.97,3.97,,153,1,153,0,4.02@2023-06-01..2023-10-31(153),4.02,2023-06-01,2023-10-31,
204,2024,Rana Khirasara,Porbandar,Sau,clean,4.02,clean,3.97,3.97,,153,1,153,0,4.02@2024-06-01..2024-10-31(153),4.02,2024-06-01,2024-10-31,
204,2025,Rana Khirasara,Porbandar,Sau,clean,4.02,clean,3.97,3.97,,152,1,152,0,4.02@2025-06-01..2025-10-31(152),4.02,2025-06-01,2025-10-31,
204,2026,Rana Khirasara,Porbandar,Sau,clean,4.02,clean,3.97,3.97,,112,1,112,0,4.02@2026-06-01..2026-09-22(112),4.02,2026-06-01,2026-09-22,
205,2022,Sasoi-II,Jamnagar,Sau,clean,2.43,clean,2.02,2.02,,153,1,153,0,2.43@2022-06-01..2022-10-31(153),2.43,2022-06-01,2022-10-31,
205,2023,Sasoi-II,Jamnagar,Sau,clean,2.43,clean,2.02,2.02,,153,1,153,0,2.43@2023-06-01..2023-10-31(153),2.43,2023-06-01,2023-10-31,
205,2024,Sasoi-II,Jamnagar,Sau,clean,2.43,clean,2.02,2.02,,153,1,153,0,2.43@2024-06-01..2024-10-31(153),2.43,2024-06-01,2024-10-31,
205,2025,Sasoi-II,Jamnagar,Sau,clean,2.43,clean,2.02,2.02,,152,1,152,0,2.43@2025-06-01..2025-10-31(152),2.43,2025-06-01,2025-10-31,
205,2026,Sasoi-II,Jamnagar,Sau,clean,2.43,clean,2.02,2.02,,112,1,112,0,2.43@2026-06-01..2026-09-22(112),2.43,2026-06-01,2026-09-22,
206,2022,Wagadiya,Jamnagar,Sau,clean,2.27,clean,1.25,1.25,,153,1,153,0,2.27@2022-06-01..2022-10-31(153),2.27,2022-06-01,2022-10-31,
206,2023,Wagadiya,Jamnagar,Sau,clean,2.27,clean,1.25,1.25,,153,1,153,0,2.27@2023-06-01..2023-10-31(153),2.27,2023-06-01,2023-10-31,
206,2024,Wagadiya,Jamnagar,Sau,clean,2.27,clean,1.25,1.25,,153,1,153,0,2.27@2024-06-01..2024-10-31(153),2.27,2024-06-01,2024-10-31,
206,2025,Wagadiya,Jamnagar,Sau,clean,2.27,clean,1.25,1.25,,152,1,152,0,2.27@2025-06-01..2025-10-31(152),2.27,2025-06-01,2025-10-31,
206,2026,Wagadiya,Jamnagar,Sau,clean,2.27,clean,1.25,1.25,,112,1,112,0,2.27@2026-06-01..2026-09-22(112),2.27,2026-06-01,2026-09-22,
