{
"type": "FeatureCollection",
"name": "gj_district_rainfall",
"crs": { "type": "name", "properties": { "name": "urn:ogc:def:crs:OGC:1.3:CRS84" } },
"features": [
{ "type": "Feature", "properties": { "district_name": "Kachchh", "imd_district": "KUTCH", "cum_actual_mm": 140.5, "cum_normal_mm": 374.0, "cum_dep_pct": -62, "cum_cat": "LD", "deficient": true, "within_pc11_mixed": false, "seceded_children": "", "mean_index": 0.33720356146925801, "mean_rainfed": 0.81413685265320446, "n_villages": 880 }, "geometry": { "type": "MultiPolygon", "coordinates": [ [ [ [ 70.450084440000239, 23.012256419000153 ], [ 70.447173840000119, 23.027082750000261 ], [ 70.458026219500084, 23.04339876000023 ], [ 70.458448679000185, 23.018428620000236 ], [ 70.450084440000239, 23.012256419000153 ] ] ], [ [ [ 70.47160919900017, 23.042619450000188 ], [ 70.480217519500115, 23.047778025000071 ], [ 70.47217908000016, 23.038905870000065 ], [ 70.47160919900017, 23.042619450000188 ] ] ], [ [ [ 70.415568000000178, 22.992644610000298 ], [ 70.427143440000123, 23.037145380000254 ], [ 70.451278020000245, 23.05157564200033 ], [ 70.441274879000275, 23.01696585000019 ], [ 70.415568000000178, 22.992644610000298 ] ] ], [ [ [ 70.401051000000223, 23.044517460000236 ], [ 70.397370000000308, 23.049395730000072 ], [ 70.403843160000179, 23.057695890000275 ], [ 70.405671239000128, 23.053933080000149 ], [ 70.401051000000223, 23.044517460000236 ] ] ], [ [ [ 70.470095400000218, 23.058781380000198 ], [ 70.455602520000298, 23.055143760000135 ], [ 70.471991880000132, 23.0641419600002 ], [ 70.470095400000218, 23.058781380000198 ] ] ], [ [ [ 70.451033040000254, 23.062064849000194 ], [ 70.459691040000166, 23.059940310000172 ], [ 70.447280579500216, 23.056142670000213 ], [ 70.451033040000254, 23.062064849000194 ] ] ], [ [ [ 70.487233920000222, 23.059141560000171 ], [ 70.464049200000204, 23.044439340000167 ], [ 70.487363520000088, 23.069538180000279 ], [ 70.487233920000222, 23.059141560000171 ] ] ], [ [ [ 68.393980439000302, 23.444759340000303 ], [ 68.387128200000063, 23.447304630000247 ], [ 68.38791120000019, 23.459291460000088 ], [ 68.40487260000009, 23.470122691000199 ], [ 68.393980439000302, 23.444759340000303 ] ] ], [ [ [ 68.386692240000059, 23.4691106410001 ], [ 68.384635200000218, 23.429748601000256 ], [ 68.377033439000172, 23.43869415100022 ], [ 68.368252680000069, 23.433775830000116 ], [ 68.368289040000263, 23.478780600000221 ], [ 68.386692240000059, 23.4691106410001 ] ] ], [ [ [ 68.403092400000048, 23.472427860000039 ], [ 68.395794480000177, 23.477083560000153 ], [ 68.409787680000193, 23.481300961000159 ], [ 68.41009295900011, 23.47915842000026 ], [ 68.403092400000048, 23.472427860000039 ] ] ], [ [ [ 68.481522360000213, 23.565429721000157 ], [ 68.477898960000232, 23.573223181000174 ], [ 68.483400119000237, 23.576241780000259 ], [ 68.486747040000296, 23.572980630000245 ], [ 68.481522360000213, 23.565429721000157 ] ] ], [ [ [ 68.492872080000097, 23.619789001000299 ], [ 68.482110240000168, 23.599087381000231 ], [ 68.486720760000253, 23.579999551000242 ], [ 68.470158959000287, 23.576987160000101 ], [ 68.483104199000081, 23.558144310000159 ], [ 68.472787320000236, 23.555044530000202 ], [ 68.466799080000214, 23.548628341000153 ], [ 68.460121800000195, 23.547619710000106 ], [ 68.43955464000021, 23.532325110000102 ], [ 68.431383000000153, 23.56557102000022 ], [ 68.449897080000255, 23.5627693200002 ], [ 68.436451440000099, 23.568947911000294 ], [ 68.450444280000227, 23.583501271000046 ], [ 68.455042560000038, 23.598031320000302 ], [ 68.471256960000119, 23.596778880000272 ], [ 68.473414440000283, 23.616731521000304 ], [ 68.486507640000184, 23.612137291000295 ], [ 68.492872080000097, 23.619789001000299 ] ] ], [ [ [ 68.485915440000213, 23.615531461000273 ], [ 68.476962600000206, 23.620046040000148 ], [ 68.482373760000087, 23.627429100000143 ], [ 68.485076640000102, 23.625791641000092 ], [ 68.485915440000213, 23.615531461000273 ] ] ], [ [ [ 68.487132239000289, 23.631879600000161 ], [ 68.483995919000108, 23.629646160000277 ], [ 68.48309952000011, 23.631702030000213 ], [ 68.487132239000289, 23.631879600000161 ] ] ], [ [ [ 68.438245320000192, 23.640450750000184 ], [ 68.468840999000122, 23.62403313100009 ], [ 68.471384760000205, 23.600557890000289 ], [ 68.45364072000018, 23.600399491000246 ], [ 68.427856439000095, 23.56278570000012 ], [ 68.425616520000176, 23.544568260000233 ], [ 68.443631280000147, 23.512858110000195 ], [ 68.428683719000162, 23.49614745000008 ], [ 68.422936680000134, 23.501118780000184 ], [ 68.419506599000101, 23.489064540000243 ], [ 68.411517840000158, 23.497809570000129 ], [ 68.403695760000062, 23.48249751100019 ], [ 68.3914683590001, 23.50101195100018 ], [ 68.409382320000191, 23.566808521000212 ], [ 68.405498280000188, 23.613558301000296 ], [ 68.410670040000184, 23.62086333100018 ], [ 68.426600399000108, 23.612632470000165 ], [ 68.413719600000263, 23.626882801000136 ], [ 68.438245320000192, 23.640450750000184 ] ] ], [ [ [ 68.490100440000106, 23.641114140000184 ], [ 68.490910080000106, 23.634229861000165 ], [ 68.485146839000151, 23.637147841000228 ], [ 68.490100440000106, 23.641114140000184 ] ] ], [ [ [ 71.253738720000172, 24.657204509000223 ], [ 71.275613401000271, 24.657664319000276 ], [ 71.317928520000123, 24.684295139000142 ], [ 71.34170580000017, 24.683325479000189 ], [ 71.359780680000199, 24.670933560000265 ], [ 71.355028810000135, 24.659985867333546 ], [ 71.319206880000252, 24.647337630000152 ], [ 71.29312740100022, 24.615107369000157 ], [ 71.289654840000253, 24.593638860000112 ], [ 71.310846962500079, 24.587979705000237 ], [ 71.301251160000106, 24.565925520000235 ], [ 71.263718994000158, 24.533683741000175 ], [ 71.259912720000159, 24.509909969000262 ], [ 71.297248320000222, 24.519551130000082 ], [ 71.352131400000189, 24.516862920000278 ], [ 71.336175121000224, 24.478784460000156 ], [ 71.345463120000204, 24.476297670000292 ], [ 71.338239017000149, 24.469920052000191 ], [ 71.352055080000071, 24.457653270000264 ], [ 71.333650800000214, 24.461122680000244 ], [ 71.323504565000121, 24.446617021000236 ], [ 71.346015720000253, 24.426668609000103 ], [ 71.322078239000234, 24.401964330000226 ], [ 71.35014888000029, 24.388059599000201 ], [ 71.368837380000286, 24.3916075570001 ], [ 71.364606480000134, 24.383988270000202 ], [ 71.3754820810002, 24.377404140000237 ], [ 71.384191920000262, 24.355502730000183 ], [ 71.373819240000159, 24.350977350000221 ], [ 71.383163040000227, 24.346575180000286 ], [ 71.376174880333451, 24.335042633000285 ], [ 71.314353720000156, 24.321997980000162 ], [ 71.295756481000183, 24.303956220000259 ], [ 71.301696479500151, 24.261554700000204 ], [ 71.282705400000225, 24.267111209000177 ], [ 71.274924359000124, 24.259528350000267 ], [ 71.291522882500317, 24.249206475000221 ], [ 71.280820926666934, 24.240339268333514 ], [ 71.284376160000079, 24.234555240000248 ], [ 71.309860921000279, 24.224415120000174 ], [ 71.301355920000276, 24.21810081000018 ], [ 71.304027481000048, 24.210416069000189 ], [ 71.330691240000078, 24.199009919000218 ], [ 71.327750040000296, 24.184939499000052 ], [ 71.361745587500195, 24.18977817650017 ], [ 71.362243080000155, 24.178076370000213 ], [ 71.345821321000244, 24.179052869000259 ], [ 71.346776760000182, 24.170560470000225 ], [ 71.339055841000231, 24.167056590000243 ], [ 71.32983516000013, 24.173737650000191 ], [ 71.302494960000217, 24.163450560000285 ], [ 71.273551320000252, 24.179906070000243 ], [ 71.258629320000182, 24.163810830000273 ], [ 71.284878002000255, 24.153949935000128 ], [ 71.273129040000128, 24.146891370000276 ], [ 71.284480201000292, 24.136392239000145 ], [ 71.302446, 24.133558590000234 ], [ 71.30480904000018, 24.124496400000226 ], [ 71.334123480000244, 24.12215009900018 ], [ 71.338598280000269, 24.111744030000239 ], [ 71.319034080000165, 24.100467390000176 ], [ 71.317711800000154, 24.075695610000082 ], [ 71.308002247000161, 24.066676965000227 ], [ 71.324078040000188, 24.055728750000242 ], [ 71.291814120000197, 24.01665759000025 ], [ 71.28911268000013, 23.996733750000203 ], [ 71.313271200000088, 23.998259610000162 ], [ 71.322776699428744, 23.989734527714518 ], [ 71.304543361000299, 23.977068389000124 ], [ 71.304747840000061, 23.960786129000098 ], [ 71.294410080000205, 23.955302969000115 ], [ 71.304273720000083, 23.934310380000227 ], [ 71.27759304000017, 23.940596609000295 ], [ 71.278949880000198, 23.929947179000237 ], [ 71.271773281000151, 23.927642639000169 ], [ 71.258289121000189, 23.939191080000285 ], [ 71.253256680000277, 23.934465269000157 ], [ 71.259037201000069, 23.927060160000167 ], [ 71.244703650000133, 23.924885805000145 ], [ 71.22345732000025, 23.942078459000186 ], [ 71.196039720000101, 23.928263550000281 ], [ 71.181189001000178, 23.936899229000289 ], [ 71.179661520000138, 23.927267430000086 ], [ 71.105714640000087, 23.912001269000257 ], [ 71.084727360000159, 23.881288320000181 ], [ 71.070639480000125, 23.846098949000179 ], [ 71.080490521000172, 23.833626120000304 ], [ 71.070059160000085, 23.831386560000283 ], [ 71.076431521000188, 23.8242588290002 ], [ 71.068336921000139, 23.812186499000177 ], [ 71.051470201000086, 23.814315360000194 ], [ 71.051610241000162, 23.797847790000105 ], [ 71.064016561000244, 23.793486300000211 ], [ 71.064054001000159, 23.749893809000127 ], [ 71.083539361000192, 23.737321169000097 ], [ 71.066891880000071, 23.742652229000157 ], [ 71.079754320000234, 23.697140669000191 ], [ 71.086128480000241, 23.692032360000212 ], [ 71.103340440000068, 23.698599930000228 ], [ 71.107722720000311, 23.687555490000193 ], [ 71.067484800000102, 23.661219510000194 ], [ 71.062635960000136, 23.670884160000298 ], [ 71.06119740000014, 23.644787580000241 ], [ 71.099493120000261, 23.604775380000206 ], [ 71.110597320000295, 23.612411249000218 ], [ 71.10386064100004, 23.633961209000176 ], [ 71.119390631000158, 23.651718898000127 ], [ 71.130603240000198, 23.6367215100002 ], [ 71.145873001000041, 23.639674680000098 ], [ 71.156795761000126, 23.630836860000215 ], [ 71.146873080000262, 23.659407899000144 ], [ 71.151704641000265, 23.670698399000287 ], [ 71.164829881000173, 23.675477670000248 ], [ 71.163137161000122, 23.689271250000218 ], [ 71.147570040000176, 23.67383876900027 ], [ 71.135971201000189, 23.673437820000174 ], [ 71.130343320000179, 23.697144539000135 ], [ 71.106224041000189, 23.716408950000073 ], [ 71.134876080000254, 23.709411899000145 ], [ 71.14167180100003, 23.719304160000206 ], [ 71.170835400000158, 23.71311927000022 ], [ 71.165781720000155, 23.697913410000297 ], [ 71.177266800000098, 23.705534610000257 ], [ 71.200870560000112, 23.691095639000253 ], [ 71.206627321000099, 23.696364329000289 ], [ 71.193399480000153, 23.723347949000186 ], [ 71.174215441000115, 23.727933450000251 ], [ 71.166479400000128, 23.71916456900027 ], [ 71.164170361000117, 23.72643476900015 ], [ 71.15787792000026, 23.724354959000209 ], [ 71.158707721000042, 23.733159840000155 ], [ 71.134717320000277, 23.729929470000229 ], [ 71.124024601000258, 23.748989670000185 ], [ 71.14602888100012, 23.734767329000192 ], [ 71.163055080000163, 23.740829730000257 ], [ 71.178051601000107, 23.732532090000063 ], [ 71.187751800000228, 23.736874499000294 ], [ 71.172456841000269, 23.745798809000235 ], [ 71.184133649000273, 23.74741142250025 ], [ 71.183855160000235, 23.756046120000178 ], [ 71.210484360000123, 23.733732239000176 ], [ 71.213845680000247, 23.746386239000174 ], [ 71.230051440000125, 23.745742380000138 ], [ 71.211633841000094, 23.757350309000174 ], [ 71.231077589500273, 23.751306943500254 ], [ 71.243304480000177, 23.758696349000161 ], [ 71.258685307500173, 23.75176324250026 ], [ 71.266803841000183, 23.774848830000167 ], [ 71.252522281000154, 23.782986090000236 ], [ 71.270833681000227, 23.779541880000181 ], [ 71.266020841000056, 23.759193420000145 ], [ 71.275276440000198, 23.759902980000277 ], [ 71.269731000000206, 23.746193820000144 ], [ 71.28780012000027, 23.759670240000162 ], [ 71.308471676666841, 23.747110419000251 ], [ 71.305441920000305, 23.734664729000258 ], [ 71.294677560000139, 23.73219306000027 ], [ 71.263363320000167, 23.697352529000113 ], [ 71.273034360000111, 23.686101450000137 ], [ 71.271223200000179, 23.669538300000113 ], [ 71.260656121000125, 23.659114590000286 ], [ 71.316597600000136, 23.649604919000296 ], [ 71.350688520000176, 23.659051230000159 ], [ 71.373579480000217, 23.652973530000224 ], [ 71.39450376100018, 23.606061570000179 ], [ 71.421500535000121, 23.630081654000264 ], [ 71.416002960000128, 23.570955540000227 ], [ 71.467159513000183, 23.558398966333527 ], [ 71.442370081000092, 23.537693069000284 ], [ 71.440652880000243, 23.471870309000224 ], [ 71.488625760000048, 23.503108680000196 ], [ 71.511499801000241, 23.529099510000208 ], [ 71.512286399000288, 23.503015303000211 ], [ 71.50046400000025, 23.491050840000298 ], [ 71.498576520000029, 23.463580950000278 ], [ 71.503564320000123, 23.459645519000162 ], [ 71.517103920000181, 23.473774709000224 ], [ 71.518547160000253, 23.462097660000097 ], [ 71.532798120000223, 23.459028479000267 ], [ 71.546842080000147, 23.442122250000239 ], [ 71.540007480000213, 23.381573760000094 ], [ 71.557555320000176, 23.376663899000221 ], [ 71.571748320000154, 23.387454269000216 ], [ 71.612832600000218, 23.372883540000146 ], [ 71.59926312000016, 23.348158920000287 ], [ 71.601498360000164, 23.331247470000221 ], [ 71.639476200000274, 23.317199370000139 ], [ 71.596740240000145, 23.282471970000245 ], [ 71.582776920000128, 23.249414069000181 ], [ 71.593511400000125, 23.211644310000111 ], [ 71.628416640000182, 23.190200640000285 ], [ 71.678295360000163, 23.194327320000298 ], [ 71.695529643500208, 23.181627104500251 ], [ 71.692346520000171, 23.155354980000141 ], [ 71.627777280000032, 23.186144699000181 ], [ 71.612389800000187, 23.175538200000176 ], [ 71.611855200000207, 23.144203485000219 ], [ 71.595208081000067, 23.137696620000156 ], [ 71.590535640000098, 23.144774489000213 ], [ 71.583570164000207, 23.134138498666971 ], [ 71.563280760000112, 23.134085820000166 ], [ 71.557033008000076, 23.143678519000105 ], [ 71.540178480000179, 23.142139649000171 ], [ 71.529127920000121, 23.156445060000294 ], [ 71.506659961000196, 23.159932469000296 ], [ 71.503402680000249, 23.153516729000216 ], [ 71.442837360000112, 23.141580931000306 ], [ 71.390772720000143, 23.15498057900021 ], [ 71.382395520000102, 23.148303030000022 ], [ 71.382464640000137, 23.156105669000169 ], [ 71.359459560000062, 23.162326650000239 ], [ 71.355933000000164, 23.174910450000084 ], [ 71.347364280000306, 23.177364480000108 ], [ 71.328314521000152, 23.164119989000199 ], [ 71.314044480000121, 23.189171850000264 ], [ 71.306891280000173, 23.169150539000213 ], [ 71.297335512000132, 23.183640407000269 ], [ 71.284860360000039, 23.167941209000162 ], [ 71.278886160000241, 23.172979140000166 ], [ 71.283809880000149, 23.154161760000193 ], [ 71.262468720000243, 23.159558160000302 ], [ 71.247724050000272, 23.152955935500245 ], [ 71.240332680000108, 23.159383116000186 ], [ 71.236288080000122, 23.145468389000257 ], [ 71.222991832000275, 23.150463923000245 ], [ 71.211021120000112, 23.142105810000089 ], [ 71.225240040000131, 23.163794100000302 ], [ 71.208096120000221, 23.186388780000186 ], [ 71.178024600000242, 23.193240390000256 ], [ 71.16665976000013, 23.182081380000113 ], [ 71.154223920000049, 23.206671360000257 ], [ 71.128557000000171, 23.212225080000223 ], [ 71.112773520000246, 23.226251129000161 ], [ 71.092331999000237, 23.198306624000224 ], [ 71.060887080000214, 23.177382840000234 ], [ 71.041323420500191, 23.172413805000019 ], [ 71.012265120000166, 23.18217101900018 ], [ 71.010837721000257, 23.175529920000201 ], [ 70.990263360000142, 23.177884859000301 ], [ 70.986570840000127, 23.165956619000269 ], [ 70.970261021000226, 23.160988100500163 ], [ 70.970855773000267, 23.180598090500212 ], [ 70.960019040000248, 23.177293110000278 ], [ 70.958446560000141, 23.157586890000289 ], [ 70.965716040000132, 23.151677129000234 ], [ 70.959393360000149, 23.150206619000244 ], [ 70.975119600000141, 23.144664780000085 ], [ 70.956066601000146, 23.137096859000167 ], [ 70.951417561000085, 23.145952139000144 ], [ 70.936205400000063, 23.143366169000217 ], [ 70.950907440000208, 23.156383680000204 ], [ 70.943419801000175, 23.168676149000248 ], [ 70.900579440000172, 23.168682359000229 ], [ 70.896059280000145, 23.148112859000207 ], [ 70.906577400000174, 23.149378259000287 ], [ 70.911068040000089, 23.140249830000187 ], [ 70.887440160000153, 23.141133090000267 ], [ 70.881523200000174, 23.126992109000241 ], [ 70.880942161000121, 23.143146929000181 ], [ 70.83579960100019, 23.163679619000163 ], [ 70.833906360000299, 23.15621717900018 ], [ 70.856020440000179, 23.147544240000116 ], [ 70.864693561000252, 23.134905089000199 ], [ 70.848266760000115, 23.113806210000178 ], [ 70.841758680000225, 23.116886550000174 ], [ 70.843862881000121, 23.09760171000022 ], [ 70.837652880000121, 23.099298389000182 ], [ 70.833162600000207, 23.08434273000023 ], [ 70.828020000000151, 23.09898663000024 ], [ 70.835779080000179, 23.110034939000172 ], [ 70.829329680000171, 23.115558599000167 ], [ 70.841268721000063, 23.13457389000024 ], [ 70.822660320000239, 23.143045319000123 ], [ 70.824766320000037, 23.17067036900022 ], [ 70.794899280000095, 23.157966869000177 ], [ 70.799923080000099, 23.172366959000271 ], [ 70.788188880000178, 23.165851589000283 ], [ 70.779429360000165, 23.175967049000235 ], [ 70.767528480000124, 23.168795309000302 ], [ 70.772211360000142, 23.151980069000274 ], [ 70.756779960000188, 23.152288770000155 ], [ 70.700599256000146, 23.12627774400022 ], [ 70.646196240000108, 23.088216960000182 ], [ 70.635080520000201, 23.069081970000184 ], [ 70.604194320000147, 23.067552960000171 ], [ 70.607886840000333, 23.039963190000321 ], [ 70.57809828000029, 23.043226140000115 ], [ 70.568626320000305, 23.036448330000155 ], [ 70.544991240000115, 22.966658010000231 ], [ 70.517179800000122, 22.965492690000303 ], [ 70.484086440000226, 22.981926150000163 ], [ 70.472276640000246, 22.974388110000177 ], [ 70.441115400000115, 22.974772680000171 ], [ 70.459175880000203, 22.991514209000286 ], [ 70.491146760000106, 23.051491110000256 ], [ 70.494946559000198, 23.089686660000268 ], [ 70.476945120000153, 23.068342080000264 ], [ 70.442804880000153, 23.063094810000223 ], [ 70.407656280000197, 23.031210780000208 ], [ 70.402556160000245, 23.036822010000151 ], [ 70.408270800000196, 23.05827504000024 ], [ 70.397282880000205, 23.059434150000243 ], [ 70.393548600000145, 23.046275520000222 ], [ 70.401134520000198, 23.02450929000014 ], [ 70.384051439000132, 23.022637289000215 ], [ 70.39994076000005, 23.011162560000173 ], [ 70.394995800000174, 23.004781649000222 ], [ 70.379249400000049, 23.000415390000171 ], [ 70.356670199000121, 22.983934950000105 ], [ 70.391326321000236, 22.998314340000263 ], [ 70.394517360000179, 22.962735899000165 ], [ 70.376750640000068, 22.932451080000192 ], [ 70.338815280000119, 22.923309780000238 ], [ 70.308306359000085, 22.930432020000126 ], [ 70.251123960000029, 22.922934300000236 ], [ 70.245576359000154, 22.954472820000092 ], [ 70.227969839000139, 22.987010340000211 ], [ 70.228561447000061, 23.015070340000193 ], [ 70.218186151000111, 23.016292154000212 ], [ 70.227892080000231, 22.952173770000115 ], [ 70.217285400000151, 22.952612880000231 ], [ 70.193585880000114, 22.926981150000245 ], [ 70.164164160000269, 22.931450190000191 ], [ 70.122284280000258, 22.95890028100024 ], [ 70.14971520000023, 22.934742750000282 ], [ 70.096442760000116, 22.902360750000298 ], [ 70.018533360000106, 22.886244091000208 ], [ 69.951305520000119, 22.893099300000301 ], [ 69.93924984000023, 22.889819070000158 ], [ 69.940621440000029, 22.877495010000246 ], [ 69.901561800000138, 22.864447530000177 ], [ 69.889037760000065, 22.873264560000166 ], [ 69.844053240000164, 22.865024250000147 ], [ 69.826224240000272, 22.853656350000108 ], [ 69.828924600000221, 22.848259500000154 ], [ 69.812360640000179, 22.849630200000263 ], [ 69.753439440000079, 22.811682510000139 ], [ 69.750092880000125, 22.778068590000146 ], [ 69.728106960000162, 22.765470570000161 ], [ 69.715882440000144, 22.74360363000028 ], [ 69.679562760000294, 22.755068010000286 ], [ 69.665415480000149, 22.74953706000025 ], [ 69.622309800000153, 22.766047560000288 ], [ 69.577772040000127, 22.766117310000197 ], [ 69.541463880000151, 22.780479330000162 ], [ 69.553306080000141, 22.797154440000156 ], [ 69.538692960000219, 22.784046120000198 ], [ 69.510578760000158, 22.78912707000012 ], [ 69.492960720000156, 22.777137361000086 ], [ 69.447598200000073, 22.776021900000273 ], [ 69.401811959000042, 22.807595431000095 ], [ 69.332527440000035, 22.830192091000129 ], [ 69.314937119000206, 22.833127080000054 ], [ 69.272055000000137, 22.822207471000297 ], [ 69.192642959000239, 22.838011831000188 ], [ 68.867916840000078, 23.033159640000179 ], [ 68.788546920000215, 23.075551890000099 ], [ 68.761319400000161, 23.081279940000115 ], [ 68.720527440000069, 23.115462119000142 ], [ 68.628348720000133, 23.172606360000259 ], [ 68.58185436000025, 23.226003630000207 ], [ 68.570891640000184, 23.249928330000159 ], [ 68.549678280000194, 23.259572460000186 ], [ 68.544159840000134, 23.254825950000225 ], [ 68.537178360000155, 23.27817438000028 ], [ 68.538982680000231, 23.265576270000281 ], [ 68.526601200000187, 23.265689580000242 ], [ 68.524855920000221, 23.279133330000207 ], [ 68.504439600000296, 23.280556410000202 ], [ 68.506149240000184, 23.292564569000149 ], [ 68.521701600000029, 23.305708350000089 ], [ 68.491680840000129, 23.311347929000135 ], [ 68.465588691000164, 23.336554882000257 ], [ 68.465643063000186, 23.348571014000242 ], [ 68.490627403000076, 23.383549091000248 ], [ 68.48955664600004, 23.39639818000029 ], [ 68.499360025000215, 23.395398807000106 ], [ 68.489651824000134, 23.404155222000156 ], [ 68.503267800000117, 23.403413070000227 ], [ 68.505618008000283, 23.39639818000029 ], [ 68.51989477400025, 23.40246580600018 ], [ 68.544165276000228, 23.398182775000237 ], [ 68.528817752000293, 23.40496424000014 ], [ 68.532386944000223, 23.411388784000223 ], [ 68.521322450000241, 23.419954844000188 ], [ 68.523130440000273, 23.440526730000215 ], [ 68.503884840000239, 23.408290800000202 ], [ 68.489022240000054, 23.413087350000239 ], [ 68.498471160000122, 23.451450030000217 ], [ 68.492857680000157, 23.449864051000134 ], [ 68.485659480000209, 23.469481350000137 ], [ 68.496928920000244, 23.476194 ], [ 68.495692680000047, 23.482770030000268 ], [ 68.485133519000101, 23.484505860000183 ], [ 68.495491440000137, 23.47792497100022 ], [ 68.485407119000172, 23.47320024000021 ], [ 68.46937956000022, 23.476747681000177 ], [ 68.481709200000182, 23.472641700000167 ], [ 68.488435799000115, 23.460071130000301 ], [ 68.484876120000195, 23.39073612000027 ], [ 68.45862204000025, 23.387977441000146 ], [ 68.438958480000224, 23.399687971000276 ], [ 68.443157520000227, 23.421880981000299 ], [ 68.450875200000155, 23.421761641000217 ], [ 68.450596199000074, 23.441334480000251 ], [ 68.434126559000219, 23.427085770000303 ], [ 68.431340880000221, 23.412774420000289 ], [ 68.421990959000084, 23.416182000000106 ], [ 68.416105319000053, 23.405818681000198 ], [ 68.39493444000027, 23.419729800000027 ], [ 68.39066556000023, 23.435654130000273 ], [ 68.406627240000148, 23.447515771000212 ], [ 68.407436519000044, 23.463066330000174 ], [ 68.426741519000245, 23.462420400000155 ], [ 68.441236560000107, 23.46897177000028 ], [ 68.442380999000193, 23.477232960000265 ], [ 68.416486920000239, 23.465492190000305 ], [ 68.411649599000157, 23.474002771000244 ], [ 68.439244679000183, 23.496681330000229 ], [ 68.464463760000228, 23.499925830000279 ], [ 68.487024599000051, 23.514400980000175 ], [ 68.487150239000187, 23.533830540000167 ], [ 68.480603999000152, 23.530339351000237 ], [ 68.481447480000213, 23.51647773000019 ], [ 68.465312999000275, 23.509165590000237 ], [ 68.446311479000144, 23.527498320000234 ], [ 68.48493659900015, 23.55886476000029 ], [ 68.488108200000113, 23.582741760000204 ], [ 68.48431740000018, 23.597781211000154 ], [ 68.495347079000169, 23.602717350000262 ], [ 68.495111999000244, 23.620342410000148 ], [ 68.487437520000071, 23.623140061000299 ], [ 68.495820840000192, 23.641406100000211 ], [ 68.48512452000017, 23.641891201000306 ], [ 68.475218399000028, 23.627201761000265 ], [ 68.455968479000148, 23.636241270000255 ], [ 68.459035679000294, 23.656229641000209 ], [ 68.518162079000149, 23.675206051000202 ], [ 68.531446800000197, 23.690780191000272 ], [ 68.550076080000281, 23.696966340000245 ], [ 68.561215920000222, 23.71779711000022 ], [ 68.598191520000171, 23.73005097000015 ], [ 68.615529840000193, 23.753052090000267 ], [ 68.62914612000003, 23.753095651000194 ], [ 68.659259040000279, 23.813537491000204 ], [ 68.672725200000173, 23.813375221000285 ], [ 68.684610599000052, 23.784227460000068 ], [ 68.710877280000091, 23.785464781000258 ], [ 68.686639560000174, 23.787416881000297 ], [ 68.676040080000178, 23.815081710000186 ], [ 68.719719240000188, 23.831126010000219 ], [ 68.74261092100005, 23.827371300000038 ], [ 68.725090080000143, 23.834290140000178 ], [ 68.750381160000188, 23.842109069000287 ], [ 68.758922520000056, 23.863112009000247 ], [ 68.77879992000021, 23.875621199000193 ], [ 68.790911040000196, 23.86788605900017 ], [ 68.790124800000171, 23.848337070000184 ], [ 68.795136720000073, 23.844509009000262 ], [ 68.794648560000041, 23.866906769000138 ], [ 68.789411640000139, 23.876167859000304 ], [ 68.804128080000282, 23.881708350000167 ], [ 68.811767281000243, 23.897450520000234 ], [ 68.804588521000085, 23.896715130000302 ], [ 68.801142961000096, 23.882977169000242 ], [ 68.761268640000196, 23.882631569000239 ], [ 68.758332120000091, 23.873809769000218 ], [ 68.749980841000195, 23.880249360000221 ], [ 68.755784760000154, 23.894483579000166 ], [ 68.745864241000277, 23.882551559000206 ], [ 68.716387080000175, 23.89099706900015 ], [ 68.735273760000041, 23.88380993900023 ], [ 68.727508920000048, 23.870406869000192 ], [ 68.731044480000207, 23.861763360000111 ], [ 68.713782840000192, 23.848890929000049 ], [ 68.71807152000008, 23.857951049000064 ], [ 68.708006641000168, 23.867296739000267 ], [ 68.710305240000196, 23.846117849000109 ], [ 68.690719080000179, 23.838786270000242 ], [ 68.677647840000304, 23.849486549000119 ], [ 68.687635681000245, 23.869129049000207 ], [ 68.673722400000031, 23.850129060000086 ], [ 68.666329440000311, 23.862065669000174 ], [ 68.67212832100023, 23.845368239000265 ], [ 68.661887401000058, 23.85065726900018 ], [ 68.669884800000148, 23.839281899000298 ], [ 68.645592, 23.839332389000219 ], [ 68.65698744000025, 23.856606899000269 ], [ 68.642860681000172, 23.836374719000275 ], [ 68.624349120000147, 23.84659493900017 ], [ 68.632668360000139, 23.835431069000151 ], [ 68.604793560000189, 23.807428919000188 ], [ 68.606620561000113, 23.820293160000233 ], [ 68.5979330400001, 23.83130276900016 ], [ 68.593152240000165, 23.772159720000275 ], [ 68.572716480000167, 23.765491980000149 ], [ 68.561208360000307, 23.780649869000285 ], [ 68.550889320000238, 23.78447423900019 ], [ 68.569615441000224, 23.760535319000269 ], [ 68.542171200000269, 23.751354599000024 ], [ 68.532111360000158, 23.75390924900023 ], [ 68.531772240000123, 23.776605269000299 ], [ 68.522905081000204, 23.786692650000305 ], [ 68.529858120000199, 23.774640660000216 ], [ 68.528009520000182, 23.752783619000127 ], [ 68.485225321000257, 23.736583889000201 ], [ 68.497691400000235, 23.756871329000148 ], [ 68.47794792000019, 23.771944709000138 ], [ 68.491293841000186, 23.782836149000161 ], [ 68.476314600000251, 23.778449459000285 ], [ 68.470567560000063, 23.79485573900007 ], [ 68.477063040000189, 23.764944779000245 ], [ 68.494491001000199, 23.754791699000236 ], [ 68.471499240000242, 23.730418619000261 ], [ 68.465172600000074, 23.737721039000178 ], [ 68.446277641000165, 23.729580809000254 ], [ 68.432684401000245, 23.734932839000237 ], [ 68.443593841000165, 23.759834039000168 ], [ 68.458861081000236, 23.768274779000251 ], [ 68.457442680000213, 23.786256059000152 ], [ 68.447292481000147, 23.800077719000171 ], [ 68.42006460000016, 23.811317819000237 ], [ 68.422759200000144, 23.797220400000242 ], [ 68.424784200000204, 23.80901363900017 ], [ 68.454356040000221, 23.784977609000236 ], [ 68.455257840000229, 23.77073664000028 ], [ 68.439565080000136, 23.761989899000184 ], [ 68.427304200000151, 23.733835290000286 ], [ 68.442132601000253, 23.725224809000224 ], [ 68.403903840000226, 23.694999659000132 ], [ 68.365572480000196, 23.64094403900026 ], [ 68.352343200000178, 23.593275089000144 ], [ 68.334238080000148, 23.581756889000133 ], [ 68.301958320000267, 23.570229510000161 ], [ 68.281247520000306, 23.572431989000279 ], [ 68.262335280000286, 23.586437069000169 ], [ 68.244734160000235, 23.577389999000161 ], [ 68.218971480000221, 23.592592259000128 ], [ 68.133476520000158, 23.615272889000209 ], [ 68.137335720000237, 23.624661509000248 ], [ 68.166948960000184, 23.631746130000295 ], [ 68.178524040000241, 23.648742180000227 ], [ 68.184185400000047, 23.69618190000017 ], [ 68.176107720000175, 23.734490219000179 ], [ 68.200159680000183, 23.78474216900014 ], [ 68.206483440000284, 23.862061800000106 ], [ 68.216781960000276, 23.878300950000096 ], [ 68.244111000000146, 23.89450382900003 ], [ 68.279950440000107, 23.892943139000238 ], [ 68.271761880000042, 23.919868799000142 ], [ 68.278841280000165, 23.937217559000146 ], [ 68.293308241000148, 23.935681439000234 ], [ 68.29902648000018, 23.9165296190003 ], [ 68.315628960000197, 23.912606069000162 ], [ 68.324045760000274, 23.926042349000284 ], [ 68.340874321000115, 23.929174080000109 ], [ 68.339761560000113, 23.962239630000226 ], [ 68.356695240000192, 23.96980502900027 ], [ 68.364361441000085, 23.945339429000171 ], [ 68.375422080000192, 23.940884069000276 ], [ 68.387378400000159, 23.964924419000226 ], [ 68.753413800000089, 23.963130360000207 ], [ 68.763686401000143, 24.036927389000255 ], [ 68.768077680000147, 24.285279149000246 ], [ 68.776604640000073, 24.29530298900022 ], [ 68.830323840000233, 24.309610649000092 ], [ 68.851782720000244, 24.209602469000174 ], [ 68.873699520000173, 24.210280529000158 ], [ 68.876500320000105, 24.201908100000139 ], [ 68.891635440000243, 24.197112719000074 ], [ 68.90814504000025, 24.210448379000184 ], [ 68.926027680000118, 24.259945770000172 ], [ 68.951302920000103, 24.277945679000254 ], [ 68.974674481000079, 24.238873799000032 ], [ 69.004671120000182, 24.227255879000154 ], [ 69.097076281000113, 24.270539939000173 ], [ 69.204021480000108, 24.236781839000173 ], [ 69.279170040000167, 24.270488369000191 ], [ 69.314543280000066, 24.278359409000188 ], [ 69.366255480000177, 24.267909779000149 ], [ 69.435930960000178, 24.275457810000205 ], [ 69.505592040000238, 24.256929689000287 ], [ 69.605131320000226, 24.279841439000279 ], [ 69.729343560000132, 24.177525299000195 ], [ 69.875251920000153, 24.167476439000041 ], [ 70.005680280000149, 24.169349879000151 ], [ 70.029114841000137, 24.172281719000296 ], [ 70.064287561000128, 24.195675599000197 ], [ 70.123818960000222, 24.293323799000234 ], [ 70.241810040000189, 24.319863810000129 ], [ 70.330270320000295, 24.349927139000272 ], [ 70.374972241000137, 24.355892249000192 ], [ 70.579263240000216, 24.42252860900021 ], [ 70.616284920000055, 24.402734459000271 ], [ 70.596569880000061, 24.360871499000211 ], [ 70.576632000000131, 24.346816109000258 ], [ 70.592049720000205, 24.312422069000206 ], [ 70.576936200000034, 24.295877099000109 ], [ 70.592493600000125, 24.287688539000271 ], [ 70.577163720000215, 24.267247829000269 ], [ 70.579005840000036, 24.254659260000267 ], [ 70.598322360000111, 24.242590620000158 ], [ 70.660080721000099, 24.227356859000167 ], [ 70.810449480000159, 24.224863589000279 ], [ 70.858249201000149, 24.249456360000181 ], [ 70.898649840000076, 24.259138019000204 ], [ 70.905589561000227, 24.264738989000193 ], [ 70.893597960000193, 24.270898859000226 ], [ 70.889613480000037, 24.292780920000155 ], [ 70.964042040000209, 24.348176009000156 ], [ 71.002663920000145, 24.362465399000087 ], [ 71.017248600000187, 24.34875128900012 ], [ 71.051417640000295, 24.349201559000278 ], [ 71.070625440000072, 24.357511979000265 ], [ 71.092409400000179, 24.383261249000213 ], [ 71.126169120000156, 24.392646269000068 ], [ 71.135812080000051, 24.403561109000066 ], [ 71.138118240000097, 24.415563239000164 ], [ 71.122939200000246, 24.432803279000211 ], [ 71.032630681000228, 24.435204209000233 ], [ 71.011614240000142, 24.444079919000274 ], [ 71.019229320000136, 24.524564219000183 ], [ 71.00214408100021, 24.543146969000304 ], [ 71.002460521000103, 24.5865400200002 ], [ 71.024262120000174, 24.632312579000143 ], [ 71.06452272100023, 24.64822403900024 ], [ 71.110837080000238, 24.682403519000275 ], [ 71.248484520000147, 24.72671834900018 ], [ 71.25229008000008, 24.721954469000138 ], [ 71.237081520000231, 24.69101885900028 ], [ 71.239944241000217, 24.666260399000237 ], [ 71.253738720000172, 24.657204509000223 ] ], [ [ 71.091580680000163, 24.301723500000264 ], [ 71.103066120000108, 24.311299770000176 ], [ 71.085030841000105, 24.318529830000273 ], [ 71.083989360000032, 24.308536140000285 ], [ 71.091580680000163, 24.301723500000264 ] ], [ [ 71.123342400000183, 24.302423700000247 ], [ 71.129920680000225, 24.292936260000261 ], [ 71.137668600000211, 24.293513520000204 ], [ 71.130503520000104, 24.302281770000263 ], [ 71.123342400000183, 24.302423700000247 ] ], [ [ 71.142841800000156, 24.274547010000163 ], [ 71.150286600000243, 24.276533849000145 ], [ 71.149959000000138, 24.282093240000165 ], [ 71.140713840000274, 24.28412984900018 ], [ 71.142841800000156, 24.274547010000163 ] ], [ [ 71.152967160000173, 24.276219750000166 ], [ 71.155326960000195, 24.260187959000177 ], [ 71.184252600000036, 24.232305600000245 ], [ 71.213261040000191, 24.217952220000143 ], [ 71.225019360000147, 24.246974520000151 ], [ 71.152967160000173, 24.276219750000166 ] ], [ [ 71.237946240000042, 24.223159260000216 ], [ 71.23610664000023, 24.207525180000175 ], [ 71.256228120000287, 24.213993029000221 ], [ 71.237946240000042, 24.223159260000216 ] ] ] ] } },
{ "type": "Feature", "properties": { "district_name": "Banas Kantha", "imd_district": "BANASKANTHA", "cum_actual_mm": 379.3, "cum_normal_mm": 554.9, "cum_dep_pct": -32, "cum_cat": "D", "deficient": true, "within_pc11_mixed": false, "seceded_children": "", "mean_index": 0.39065044517403141, "mean_rainfed": 0.44904787938698099, "n_villages": 1235 }, "geometry": { "type": "MultiPolygon", "coordinates": [ [ [ [ 71.25547500000016, 24.21611558900014 ], [ 71.23610664000023, 24.207525180000175 ], [ 71.231268240000304, 24.21206126900023 ], [ 71.241578280000169, 24.222676860000263 ], [ 71.25547500000016, 24.21611558900014 ] ] ], [ [ [ 71.213261040000191, 24.217952220000143 ], [ 71.184252600000036, 24.232305600000245 ], [ 71.155326960000195, 24.260187959000177 ], [ 71.152967160000173, 24.276219750000166 ], [ 71.225019360000147, 24.246974520000151 ], [ 71.213261040000191, 24.217952220000143 ] ] ], [ [ [ 71.146778400000244, 24.273494279000204 ], [ 71.139371760000245, 24.278273010000248 ], [ 71.140713840000274, 24.28412984900018 ], [ 71.149959000000138, 24.282093240000165 ], [ 71.146778400000244, 24.273494279000204 ] ] ], [ [ [ 71.136694080000211, 24.292212030000201 ], [ 71.125945200000274, 24.295696109000232 ], [ 71.123576400000047, 24.303272040000138 ], [ 71.135151840000162, 24.299319509000213 ], [ 71.136694080000211, 24.292212030000201 ] ] ], [ [ [ 71.101878120000265, 24.303834810000126 ], [ 71.086780440000211, 24.30421910900003 ], [ 71.082630720000225, 24.315823260000172 ], [ 71.099892720000298, 24.315137280000215 ], [ 71.101878120000265, 24.303834810000126 ] ] ], [ [ [ 72.095875920000253, 24.703778970000258 ], [ 72.100443240000175, 24.654336570000169 ], [ 72.13401108000005, 24.634742940000251 ], [ 72.160581240000056, 24.63924591000017 ], [ 72.174587760000065, 24.617256300000236 ], [ 72.206366760000151, 24.611335470000085 ], [ 72.204445080000085, 24.618180330000143 ], [ 72.225148680000189, 24.622459020000122 ], [ 72.240113880000308, 24.636281040000142 ], [ 72.263826000000108, 24.620616270000255 ], [ 72.280699920000188, 24.633303840000224 ], [ 72.283486680000181, 24.623506440000085 ], [ 72.3146972400001, 24.612831000000199 ], [ 72.330345000000193, 24.613492860000235 ], [ 72.344838240000172, 24.628062330000148 ], [ 72.357300720000126, 24.623737470000208 ], [ 72.346359960000143, 24.594591330000242 ], [ 72.321986880000168, 24.589465650000136 ], [ 72.305757, 24.603966990000231 ], [ 72.282421800000179, 24.602126940000232 ], [ 72.254588040000272, 24.579997020000292 ], [ 72.272537640000223, 24.555166560000146 ], [ 72.293091840000216, 24.560331120000228 ], [ 72.300366360000112, 24.542102790000172 ], [ 72.335039400000312, 24.547787910000181 ], [ 72.337444200000164, 24.562604610000221 ], [ 72.360158040000101, 24.557777280000153 ], [ 72.375285960000213, 24.539747040000293 ], [ 72.38403720000025, 24.508788930000151 ], [ 72.392612400000246, 24.504530400000192 ], [ 72.421198200000049, 24.517375830000049 ], [ 72.445907520000105, 24.511419270000147 ], [ 72.43365996000017, 24.477233850000118 ], [ 72.436581720000163, 24.458465430000103 ], [ 72.45339588000013, 24.440567130000147 ], [ 72.45752688000016, 24.412968540000122 ], [ 72.499519080000198, 24.415648290000206 ], [ 72.493670160000136, 24.457460490000301 ], [ 72.504489240000225, 24.458138460000271 ], [ 72.523740240000222, 24.508286280000277 ], [ 72.539272800000163, 24.51490245000025 ], [ 72.575744040000131, 24.478172460000167 ], [ 72.681447600000183, 24.464259090000212 ], [ 72.686066040000242, 24.456110310000099 ], [ 72.677307240000289, 24.442942410000228 ], [ 72.688367520000043, 24.408810990000234 ], [ 72.727273080000032, 24.366850650000117 ], [ 72.793732680000176, 24.380939160000196 ], [ 72.824329080000098, 24.367806090000158 ], [ 72.841901760000098, 24.371796960000097 ], [ 72.85075200000017, 24.365157390000206 ], [ 72.864506880000306, 24.372966330000224 ], [ 72.884076840000205, 24.354100080000137 ], [ 72.921121560000188, 24.359827590000066 ], [ 72.944300880000128, 24.373894230000076 ], [ 72.959019120000221, 24.350956920000101 ], [ 72.955002960000286, 24.321768030000158 ], [ 72.96508692000009, 24.309717750000175 ], [ 72.989734320000196, 24.307646130000194 ], [ 72.999205920000122, 24.256655640000247 ], [ 72.980762040000172, 24.225855750000221 ], [ 72.979732800000249, 24.185881620000146 ], [ 72.943012440000302, 24.15998997000014 ], [ 72.941002200000071, 24.140127420000169 ], [ 72.931686120000165, 24.136943310000163 ], [ 72.934916040000246, 24.111566820000178 ], [ 72.91845072000018, 24.091092000000174 ], [ 72.915270120000287, 24.043227480000212 ], [ 72.893896200000142, 24.028497180000215 ], [ 72.862437600000135, 24.027398370000242 ], [ 72.852541920000135, 24.04777995000012 ], [ 72.837375120000047, 24.042509010000288 ], [ 72.817737120000174, 24.048378540000272 ], [ 72.780595920000223, 24.103836270000215 ], [ 72.769015440000203, 24.101762130000168 ], [ 72.757225440000241, 24.081411870000181 ], [ 72.730488960000173, 24.07556736000015 ], [ 72.728035920000252, 24.090887250000094 ], [ 72.705137400000069, 24.096880710000221 ], [ 72.678031200000135, 24.071025150000196 ], [ 72.66424392000016, 24.068798460000153 ], [ 72.64368576000021, 24.078867390000141 ], [ 72.617880600000262, 24.055126740000162 ], [ 72.634978440000054, 24.041930400000183 ], [ 72.639091440000186, 24.025472550000245 ], [ 72.647985600000197, 24.027549390000104 ], [ 72.651945960000091, 23.996437650000189 ], [ 72.628786800000057, 23.996932830000162 ], [ 72.592329960000029, 23.98283739000027 ], [ 72.588695040000061, 23.943381840000256 ], [ 72.536479920000033, 23.940136710000161 ], [ 72.524495520000187, 23.949081630000251 ], [ 72.48816072000011, 23.935546170000123 ], [ 72.481367880000107, 23.938746660000277 ], [ 72.47583252000004, 23.970694590000278 ], [ 72.450517680000189, 23.977914570000053 ], [ 72.437358600000096, 23.970702600000209 ], [ 72.428060160000086, 23.987139570000238 ], [ 72.412075080000193, 23.97608595000014 ], [ 72.366829200000154, 23.972890500000233 ], [ 72.358473600000195, 24.01018920000007 ], [ 72.340816680000103, 24.01492662000021 ], [ 72.33649164000019, 24.037640100000147 ], [ 72.304390440000134, 24.038439570000207 ], [ 72.295880760000045, 24.052008510000235 ], [ 72.268976880000309, 24.054046380000273 ], [ 72.25075116000005, 24.08092425000018 ], [ 72.223228080000069, 24.070310730000244 ], [ 72.204245280000123, 24.112155780000194 ], [ 72.219853440000293, 24.127490880000209 ], [ 72.212863680000169, 24.143489820000184 ], [ 72.200667960000033, 24.145404660000167 ], [ 72.183476160000282, 24.119104860000164 ], [ 72.171113400000195, 24.115126140000143 ], [ 72.146304360000272, 24.125895180000157 ], [ 72.147691800000302, 24.148093950000145 ], [ 72.127492560000178, 24.150702150000086 ], [ 72.117870480000079, 24.147802980000222 ], [ 72.110977560000094, 24.131522340000174 ], [ 72.086147280000205, 24.132600810000213 ], [ 72.09051624000017, 24.119015670000238 ], [ 72.138296520000267, 24.123246120000147 ], [ 72.145933200000286, 24.11713629000019 ], [ 72.144016560000125, 24.100393230000236 ], [ 72.153320760000099, 24.090563700000132 ], [ 72.131590800000197, 24.064624530000117 ], [ 72.127571400000136, 24.048451890000138 ], [ 72.098355600000275, 24.048019080000188 ], [ 72.091928880000182, 24.031753020000281 ], [ 72.075813840000137, 24.034797090000268 ], [ 72.058314960000189, 24.027210900000171 ], [ 72.027879840000139, 24.046631460000128 ], [ 72.023700600000211, 24.060950190000256 ], [ 72.008917920000101, 24.063046740000175 ], [ 72.008352000000173, 24.043524750000302 ], [ 72.024782040000161, 24.014015280000137 ], [ 72.047815560000288, 23.994578520000232 ], [ 72.037732320000202, 23.977193040000259 ], [ 72.018558720000215, 23.975410140000179 ], [ 72.009281520000172, 23.982416460000252 ], [ 71.999421120000193, 23.96500983000027 ], [ 71.988523200000031, 23.991191190000279 ], [ 71.959580280000125, 23.988022020000244 ], [ 71.945692920000226, 24.004357020000157 ], [ 71.921824920000176, 24.004488780000258 ], [ 71.928555120000112, 23.976821340000186 ], [ 71.947748160000287, 23.970593700000279 ], [ 71.94676824000021, 23.961277170000187 ], [ 71.929490400000077, 23.951353680000295 ], [ 71.939112120000175, 23.926336200000151 ], [ 71.975372040000252, 23.905119240000033 ], [ 71.97819660000016, 23.88873870000026 ], [ 71.926145640000243, 23.885240400000157 ], [ 71.903263680000236, 23.874852870000097 ], [ 71.892769320000184, 23.880029850000199 ], [ 71.870526360000099, 23.870570220000161 ], [ 71.864111160000277, 23.849625420000166 ], [ 71.831642040000133, 23.847838650000142 ], [ 71.816547600000035, 23.857945650000261 ], [ 71.781107760000111, 23.848154190000116 ], [ 71.768499840000175, 23.831637210000224 ], [ 71.761627440000154, 23.845953240000085 ], [ 71.724963600000251, 23.858297010000172 ], [ 71.709209280000209, 23.873628330000201 ], [ 71.704132560000289, 23.885959860000185 ], [ 71.713488600000119, 23.928818580000211 ], [ 71.695417320000047, 23.933200770000212 ], [ 71.686547640000128, 23.974271910000141 ], [ 71.664469200000156, 23.9755094100002 ], [ 71.60504184000024, 23.947957530000167 ], [ 71.588950920000116, 23.969082780000292 ], [ 71.593560000000252, 23.981615010000155 ], [ 71.565253200000257, 23.984542080000267 ], [ 71.568551520000142, 24.002204580000239 ], [ 71.556662520000202, 24.006164850000175 ], [ 71.548686, 23.987009070000283 ], [ 71.518052881000131, 23.98501116000017 ], [ 71.502009480000083, 23.975036460000126 ], [ 71.491785841000137, 23.981461020000211 ], [ 71.496113760000185, 24.019068240000024 ], [ 71.484428161000096, 24.027788790000216 ], [ 71.448755401000142, 23.98646457000018 ], [ 71.45928288000016, 23.969013750000272 ], [ 71.450713800000244, 23.946314490000248 ], [ 71.420600160000163, 23.931836190000297 ], [ 71.400564360000089, 23.969837430000211 ], [ 71.379886320000196, 23.959798650000209 ], [ 71.370275400000082, 23.975081100000295 ], [ 71.338692960000287, 23.975794350000172 ], [ 71.313271200000088, 23.998259610000162 ], [ 71.28911268000013, 23.996733750000203 ], [ 71.29561175900028, 24.026182920000224 ], [ 71.324078040000188, 24.055728750000242 ], [ 71.308002247000161, 24.066676965000227 ], [ 71.317711800000154, 24.075695610000082 ], [ 71.319034080000165, 24.100467390000176 ], [ 71.338598280000269, 24.111744030000239 ], [ 71.334123480000244, 24.12215009900018 ], [ 71.30480904000018, 24.124496400000226 ], [ 71.302446, 24.133558590000234 ], [ 71.284480201000292, 24.136392239000145 ], [ 71.273129040000128, 24.146891370000276 ], [ 71.284878002000255, 24.153949935000128 ], [ 71.2587841200002, 24.164384130000258 ], [ 71.273551320000252, 24.179906070000243 ], [ 71.302494960000217, 24.163450560000285 ], [ 71.32983516000013, 24.173737650000191 ], [ 71.339055841000231, 24.167056590000243 ], [ 71.346776760000182, 24.170560470000225 ], [ 71.345821321000244, 24.179052869000259 ], [ 71.361447120000207, 24.176509200000226 ], [ 71.36235792000025, 24.188783130000218 ], [ 71.327750040000296, 24.184939499000052 ], [ 71.330691240000078, 24.199009919000218 ], [ 71.304027481000048, 24.210416069000189 ], [ 71.301355920000276, 24.21810081000018 ], [ 71.309860921000279, 24.224415120000174 ], [ 71.284376160000079, 24.234555240000248 ], [ 71.280820926666934, 24.240339268333514 ], [ 71.291522882500317, 24.249206475000221 ], [ 71.274921840000161, 24.260529780000127 ], [ 71.283527640000045, 24.26714649000013 ], [ 71.301696479500151, 24.261554700000204 ], [ 71.295756481000183, 24.303956220000259 ], [ 71.314353720000156, 24.321997980000162 ], [ 71.376174880333451, 24.335042633000285 ], [ 71.38328760100012, 24.348129210000081 ], [ 71.373765956000057, 24.352021801000205 ], [ 71.384244121000222, 24.352778115000262 ], [ 71.3754820810002, 24.377404140000237 ], [ 71.364381480000191, 24.384539159000212 ], [ 71.368837380000286, 24.3916075570001 ], [ 71.35014888000029, 24.388059599000201 ], [ 71.322078239000234, 24.401964330000226 ], [ 71.346015720000253, 24.426668609000103 ], [ 71.323504565000121, 24.446617021000236 ], [ 71.333650800000214, 24.461122680000244 ], [ 71.352055080000071, 24.457653270000264 ], [ 71.338239017000149, 24.469920052000191 ], [ 71.345463120000204, 24.476297670000292 ], [ 71.336175121000224, 24.478784460000156 ], [ 71.351753400000177, 24.517682100000172 ], [ 71.297248320000222, 24.519551130000082 ], [ 71.259989400000279, 24.509454120000271 ], [ 71.264199960000155, 24.534391410000183 ], [ 71.302163760000155, 24.567754140000147 ], [ 71.310881160000235, 24.589317060000099 ], [ 71.289654840000253, 24.593638860000112 ], [ 71.292241800000227, 24.61227912000021 ], [ 71.319206880000252, 24.647337630000152 ], [ 71.355028810000135, 24.659985867333546 ], [ 71.3645640000002, 24.63087384000022 ], [ 71.382044520000193, 24.624525060000167 ], [ 71.484725160000266, 24.675664230000166 ], [ 71.53629264000017, 24.680350530000169 ], [ 71.549016840000149, 24.671869740000091 ], [ 71.580274560000191, 24.679308150000224 ], [ 71.595675, 24.663648150000199 ], [ 71.614835280000193, 24.672174570000095 ], [ 71.632627920000118, 24.66459027000019 ], [ 71.661378240000204, 24.63312051000014 ], [ 71.715510720000054, 24.657150960000138 ], [ 71.743866120000177, 24.655731840000158 ], [ 71.799695640000095, 24.672458250000147 ], [ 71.818420320000087, 24.650800740000193 ], [ 71.813888280000242, 24.619958820000193 ], [ 71.841425400000162, 24.617192310000291 ], [ 71.859580560000211, 24.603985890000217 ], [ 71.87509692000009, 24.626056320000259 ], [ 71.868313440000179, 24.663201390000154 ], [ 71.882552520000218, 24.678195750000214 ], [ 71.898783120000076, 24.668436060000204 ], [ 71.918181000000118, 24.673618350000197 ], [ 71.929767600000105, 24.668272170000137 ], [ 71.921912760000112, 24.654666870000142 ], [ 71.925439320000237, 24.645461220000129 ], [ 71.935953480000308, 24.631683930000293 ], [ 71.949848760000179, 24.629324490000272 ], [ 71.998508160000142, 24.653604600000165 ], [ 71.99520264000023, 24.683055480000121 ], [ 72.005743080000173, 24.691715910000141 ], [ 72.023269320000225, 24.687398610000116 ], [ 72.070063560000108, 24.709546440000167 ], [ 72.095875920000253, 24.703778970000258 ] ], [ [ 71.418108959000165, 23.975905140000236 ], [ 71.413125120000188, 23.967807840000148 ], [ 71.421867360000192, 23.963294070000245 ], [ 71.425009439000064, 23.973669360000201 ], [ 71.418108959000165, 23.975905140000236 ] ] ] ] } },
{ "type": "Feature", "properties": { "district_name": "Patan", "imd_district": "PATAN", "cum_actual_mm": 406.7, "cum_normal_mm": 515.5, "cum_dep_pct": -21, "cum_cat": "D", "deficient": true, "within_pc11_mixed": false, "seceded_children": "", "mean_index": 0.37707864194647367, "mean_rainfed": 0.67528462774697029, "n_villages": 514 }, "geometry": { "type": "MultiPolygon", "coordinates": [ [ [ [ 71.42052708000017, 23.976346230000161 ], [ 71.421867360000192, 23.963294070000245 ], [ 71.413125120000188, 23.967807840000148 ], [ 71.42052708000017, 23.976346230000161 ] ] ], [ [ [ 72.117870480000079, 24.147802980000222 ], [ 72.147691800000302, 24.148093950000145 ], [ 72.146304360000272, 24.125895180000157 ], [ 72.171113400000195, 24.115126140000143 ], [ 72.183476160000282, 24.119104860000164 ], [ 72.200667960000033, 24.145404660000167 ], [ 72.212863680000169, 24.143489820000184 ], [ 72.219853440000293, 24.127490880000209 ], [ 72.204245280000123, 24.112155780000194 ], [ 72.221513760000164, 24.071695830000067 ], [ 72.25075116000005, 24.08092425000018 ], [ 72.268976880000309, 24.054046380000273 ], [ 72.295880760000045, 24.052008510000235 ], [ 72.304390440000134, 24.038439570000207 ], [ 72.33649164000019, 24.037640100000147 ], [ 72.340816680000103, 24.01492662000021 ], [ 72.358473600000195, 24.01018920000007 ], [ 72.366829200000154, 23.972890500000233 ], [ 72.412075080000193, 23.97608595000014 ], [ 72.428060160000086, 23.987139570000238 ], [ 72.437358600000096, 23.970702600000209 ], [ 72.449757360000149, 23.97787704000018 ], [ 72.465070680000281, 23.975083350000091 ], [ 72.47583252000004, 23.970694590000278 ], [ 72.480298680000089, 23.958284580000168 ], [ 72.484132680000243, 23.938135380000119 ], [ 72.472930200000064, 23.898015000000214 ], [ 72.442623600000161, 23.914317780000147 ], [ 72.435346560000255, 23.904906480000193 ], [ 72.416442240000038, 23.90583123000016 ], [ 72.401651640000125, 23.878553580000244 ], [ 72.378834480000137, 23.878115100000173 ], [ 72.378883440000152, 23.870550510000101 ], [ 72.35515692000024, 23.884776000000102 ], [ 72.332886960000224, 23.878638000000137 ], [ 72.32783400000028, 23.886085140000262 ], [ 72.320164920000252, 23.873447430000169 ], [ 72.321563160000096, 23.854286970000032 ], [ 72.292531680000195, 23.851854540000033 ], [ 72.309856680000166, 23.825678040000298 ], [ 72.317857320000087, 23.826014640000267 ], [ 72.320337000000279, 23.813834670000176 ], [ 72.304223760000241, 23.80436289000022 ], [ 72.297933480000211, 23.781765960000143 ], [ 72.314599320000184, 23.777015310000195 ], [ 72.325735200000167, 23.762231640000209 ], [ 72.286161120000145, 23.727746610000281 ], [ 72.28916748000006, 23.713456860000065 ], [ 72.278644680000127, 23.676641460000042 ], [ 72.301277880000214, 23.686254180000162 ], [ 72.310897800000134, 23.668332390000216 ], [ 72.306762120000087, 23.640613740000219 ], [ 72.287970480000297, 23.613320160000171 ], [ 72.256233240000142, 23.624127990000204 ], [ 72.24267204000023, 23.642571870000211 ], [ 72.229623840000272, 23.62320171000016 ], [ 72.19413180000015, 23.631430410000291 ], [ 72.173242440000138, 23.609289330000081 ], [ 72.127833840000221, 23.596452000000227 ], [ 72.121376880000071, 23.600968560000183 ], [ 72.127999440000224, 23.606209800000215 ], [ 72.12282552000022, 23.623154460000137 ], [ 72.108674640000174, 23.615332470000055 ], [ 72.120336480000162, 23.602016160000176 ], [ 72.105869160000225, 23.595910020000304 ], [ 72.107242560000145, 23.571773910000275 ], [ 72.068273640000143, 23.565729870000212 ], [ 72.058491360000232, 23.56891749000016 ], [ 72.068957280000234, 23.590896840000084 ], [ 72.057889080000109, 23.604844320000211 ], [ 72.062024400000155, 23.618317320000301 ], [ 72.041278320000117, 23.618521800000167 ], [ 72.019653840000217, 23.631072840000172 ], [ 72.002181600000142, 23.619187710000176 ], [ 71.986129200000164, 23.623674120000146 ], [ 71.986007160000213, 23.602634009000212 ], [ 71.943557040000087, 23.584419360000254 ], [ 71.961459120000143, 23.577728400000183 ], [ 71.970139440000196, 23.527480320000166 ], [ 71.943393960000094, 23.519912670000224 ], [ 71.940150000000244, 23.502896460000215 ], [ 71.924852520000172, 23.494961700000033 ], [ 71.904176280000229, 23.495548860000156 ], [ 71.85546756000025, 23.474250000000211 ], [ 71.829761400000166, 23.42178234000022 ], [ 71.783248320000098, 23.394623760000229 ], [ 71.753196960000196, 23.404945680000196 ], [ 71.748365760000127, 23.418044550000218 ], [ 71.767346040000291, 23.459746050000035 ], [ 71.756715600000177, 23.471185680000303 ], [ 71.724211560000185, 23.475021570000251 ], [ 71.717807520000065, 23.494261230000177 ], [ 71.699853240000039, 23.486683770000297 ], [ 71.65711476000024, 23.487811560000125 ], [ 71.58230208000009, 23.502856500000291 ], [ 71.571858120000172, 23.492801879000126 ], [ 71.553975840000078, 23.496696989000213 ], [ 71.500564323000106, 23.458176044000197 ], [ 71.499378960000172, 23.487435810000136 ], [ 71.512286399000288, 23.503015303000211 ], [ 71.510045760000253, 23.529450780000161 ], [ 71.488625760000048, 23.503108680000196 ], [ 71.440652880000243, 23.471870309000224 ], [ 71.442370081000092, 23.537693069000284 ], [ 71.467159513000183, 23.558398966333527 ], [ 71.416002960000128, 23.570955540000227 ], [ 71.421500535000121, 23.630081654000264 ], [ 71.39450376100018, 23.606061570000179 ], [ 71.373579480000217, 23.652973530000224 ], [ 71.350688520000176, 23.659051230000159 ], [ 71.316597600000136, 23.649604919000296 ], [ 71.260656121000125, 23.659114590000286 ], [ 71.271223200000179, 23.669538300000113 ], [ 71.273034360000111, 23.686101450000137 ], [ 71.263363320000167, 23.697352529000113 ], [ 71.294677560000139, 23.73219306000027 ], [ 71.305441920000305, 23.734664729000258 ], [ 71.308471676666841, 23.747110419000251 ], [ 71.28780012000027, 23.759670240000162 ], [ 71.269731000000206, 23.746193820000144 ], [ 71.275276440000198, 23.759902980000277 ], [ 71.266370041000187, 23.75766765000003 ], [ 71.269594200000256, 23.780242170000236 ], [ 71.252522281000154, 23.782986090000236 ], [ 71.266803841000183, 23.774848830000167 ], [ 71.258685307500173, 23.75176324250026 ], [ 71.243304480000177, 23.758696349000161 ], [ 71.231077589500273, 23.751306943500254 ], [ 71.211633841000094, 23.757350309000174 ], [ 71.230051440000125, 23.745742380000138 ], [ 71.213845680000247, 23.746386239000174 ], [ 71.210484360000123, 23.733732239000176 ], [ 71.183855160000235, 23.756046120000178 ], [ 71.184133649000273, 23.74741142250025 ], [ 71.172456841000269, 23.745798809000235 ], [ 71.187751800000228, 23.736874499000294 ], [ 71.178051601000107, 23.732532090000063 ], [ 71.163055080000163, 23.740829730000257 ], [ 71.14602888100012, 23.734767329000192 ], [ 71.124024601000258, 23.748989670000185 ], [ 71.134717320000277, 23.729929470000229 ], [ 71.158707721000042, 23.733159840000155 ], [ 71.15787792000026, 23.724354959000209 ], [ 71.164170361000117, 23.72643476900015 ], [ 71.166479400000128, 23.71916456900027 ], [ 71.174215441000115, 23.727933450000251 ], [ 71.193399480000153, 23.723347949000186 ], [ 71.2066777200003, 23.694048270000224 ], [ 71.177266800000098, 23.705534610000257 ], [ 71.165781720000155, 23.697913410000297 ], [ 71.170268172666965, 23.713511091333487 ], [ 71.13690972000029, 23.71909455000025 ], [ 71.133264721000046, 23.709455724000122 ], [ 71.109839521000197, 23.718873600000279 ], [ 71.108982720000085, 23.709903660000236 ], [ 71.130343320000179, 23.697144539000135 ], [ 71.135971201000189, 23.673437820000174 ], [ 71.147570040000176, 23.67383876900027 ], [ 71.163137161000122, 23.689271250000218 ], [ 71.164829881000173, 23.675477670000248 ], [ 71.151704641000265, 23.670698399000287 ], [ 71.146873080000262, 23.659407899000144 ], [ 71.156795761000126, 23.630836860000215 ], [ 71.145873001000041, 23.639674680000098 ], [ 71.130603240000198, 23.6367215100002 ], [ 71.119390631000158, 23.651718898000127 ], [ 71.10386064100004, 23.633961209000176 ], [ 71.110597320000295, 23.612411249000218 ], [ 71.099493120000261, 23.604775380000206 ], [ 71.083226521000199, 23.615092080000238 ], [ 71.07724872100016, 23.632759080000255 ], [ 71.065162080000277, 23.636314889000232 ], [ 71.062635960000136, 23.670884160000298 ], [ 71.067484800000102, 23.661219510000194 ], [ 71.107631282000227, 23.688733455000204 ], [ 71.103340440000068, 23.698599930000228 ], [ 71.086128480000241, 23.692032360000212 ], [ 71.079754320000234, 23.697140669000191 ], [ 71.066891880000071, 23.742652229000157 ], [ 71.083539361000192, 23.737321169000097 ], [ 71.064054001000159, 23.749893809000127 ], [ 71.064016561000244, 23.793486300000211 ], [ 71.051610241000162, 23.797847790000105 ], [ 71.050409281000043, 23.811921180000127 ], [ 71.068336921000139, 23.812186499000177 ], [ 71.07604092000031, 23.823478169000282 ], [ 71.070059160000085, 23.831386560000283 ], [ 71.080539481000301, 23.835913560000222 ], [ 71.070877081000162, 23.84740359000017 ], [ 71.105714640000087, 23.912001269000257 ], [ 71.179661520000138, 23.927267430000086 ], [ 71.181189001000178, 23.936899229000289 ], [ 71.197576200000071, 23.928634440000224 ], [ 71.220768570000189, 23.942296800000179 ], [ 71.244703650000133, 23.924885805000145 ], [ 71.259037201000069, 23.927060160000167 ], [ 71.253256680000277, 23.934465269000157 ], [ 71.258289121000189, 23.939191080000285 ], [ 71.271773281000151, 23.927642639000169 ], [ 71.278949880000198, 23.929947179000237 ], [ 71.27759304000017, 23.940596609000295 ], [ 71.303463304000047, 23.933929988333603 ], [ 71.294410080000205, 23.955302969000115 ], [ 71.304747840000061, 23.960786129000098 ], [ 71.304543361000299, 23.977068389000124 ], [ 71.322776699428744, 23.989734527714518 ], [ 71.338692960000287, 23.975794350000172 ], [ 71.370275400000082, 23.975081100000295 ], [ 71.379886320000196, 23.959798650000209 ], [ 71.400564360000089, 23.969837430000211 ], [ 71.421099480000066, 23.931980280000118 ], [ 71.450713800000244, 23.946314490000248 ], [ 71.45928288000016, 23.969013750000272 ], [ 71.448755401000142, 23.98646457000018 ], [ 71.484428161000096, 24.027788790000216 ], [ 71.496113760000185, 24.019068240000024 ], [ 71.491785841000137, 23.981461020000211 ], [ 71.502009480000083, 23.975036460000126 ], [ 71.518052881000131, 23.98501116000017 ], [ 71.548686, 23.987009070000283 ], [ 71.556662520000202, 24.006164850000175 ], [ 71.568551520000142, 24.002204580000239 ], [ 71.565253200000257, 23.984542080000267 ], [ 71.593560000000252, 23.981615010000155 ], [ 71.588950920000116, 23.969082780000292 ], [ 71.60504184000024, 23.947957530000167 ], [ 71.664469200000156, 23.9755094100002 ], [ 71.68902732000015, 23.972991750000233 ], [ 71.695417320000047, 23.933200770000212 ], [ 71.713752120000208, 23.927572530000305 ], [ 71.704132560000289, 23.885959860000185 ], [ 71.709209280000209, 23.873628330000201 ], [ 71.724963600000251, 23.858297010000172 ], [ 71.761627440000154, 23.845953240000085 ], [ 71.767653120000091, 23.83184169000009 ], [ 71.781107760000111, 23.848154190000116 ], [ 71.816547600000035, 23.857945650000261 ], [ 71.831642040000133, 23.847838650000142 ], [ 71.864111160000277, 23.849625420000166 ], [ 71.870526360000099, 23.870570220000161 ], [ 71.892769320000184, 23.880029850000199 ], [ 71.903263680000236, 23.874852870000097 ], [ 71.926145640000243, 23.885240400000157 ], [ 71.978886000000216, 23.889446010000142 ], [ 71.975372040000252, 23.905119240000033 ], [ 71.939112120000175, 23.926336200000151 ], [ 71.929490400000077, 23.951353680000295 ], [ 71.94676824000021, 23.961277170000187 ], [ 71.947748160000287, 23.970593700000279 ], [ 71.928555120000112, 23.976821340000186 ], [ 71.923011480000071, 24.005853540000203 ], [ 71.945692920000226, 24.004357020000157 ], [ 71.959580280000125, 23.988022020000244 ], [ 71.988523200000031, 23.991191190000279 ], [ 72.003776400000163, 23.964080040000283 ], [ 72.009281520000172, 23.982416460000252 ], [ 72.018558720000215, 23.975410140000179 ], [ 72.037732320000202, 23.977193040000259 ], [ 72.047902320000162, 23.99385006000017 ], [ 72.024782040000161, 24.014015280000137 ], [ 72.008352000000173, 24.043524750000302 ], [ 72.008917920000101, 24.063046740000175 ], [ 72.023700600000211, 24.060950190000256 ], [ 72.027879840000139, 24.046631460000128 ], [ 72.058314960000189, 24.027210900000171 ], [ 72.075813840000137, 24.034797090000268 ], [ 72.091928880000182, 24.031753020000281 ], [ 72.098355600000275, 24.048019080000188 ], [ 72.127571400000136, 24.048451890000138 ], [ 72.131590800000197, 24.064624530000117 ], [ 72.153320760000099, 24.090563700000132 ], [ 72.144016560000125, 24.100393230000236 ], [ 72.145933200000286, 24.11713629000019 ], [ 72.138296520000267, 24.123246120000147 ], [ 72.09051624000017, 24.119015670000238 ], [ 72.086147280000205, 24.132600810000213 ], [ 72.110977560000094, 24.131522340000174 ], [ 72.117870480000079, 24.147802980000222 ] ] ] ] } },
{ "type": "Feature", "properties": { "district_name": "Mahesana", "imd_district": "MEHSANA", "cum_actual_mm": 448.4, "cum_normal_mm": 644.1, "cum_dep_pct": -30, "cum_cat": "D", "deficient": true, "within_pc11_mixed": false, "seceded_children": "", "mean_index": 0.43114531266443107, "mean_rainfed": 0.26594975449596459, "n_villages": 593 }, "geometry": { "type": "Polygon", "coordinates": [ [ [ 72.779370840000141, 24.104029590000085 ], [ 72.817737120000132, 24.048378540000169 ], [ 72.837375120000075, 24.042509010000177 ], [ 72.852541920000164, 24.047779950000113 ], [ 72.864285480000063, 24.026118660000105 ], [ 72.854479440000063, 24.014410830000131 ], [ 72.855231120000084, 23.977451610000109 ], [ 72.824392800000155, 23.952300030000149 ], [ 72.836257320000129, 23.935358520000126 ], [ 72.808475760000164, 23.918525190000082 ], [ 72.804146400000064, 23.8751881200002 ], [ 72.788673600000067, 23.837963850000097 ], [ 72.78927876000013, 23.826364650000141 ], [ 72.814381560000143, 23.802406650000083 ], [ 72.795285720000123, 23.766727140000164 ], [ 72.800313120000155, 23.739024600000167 ], [ 72.834165000000112, 23.67470610000013 ], [ 72.815710320000122, 23.642251650000155 ], [ 72.840206520000123, 23.615392410000123 ], [ 72.840611160000122, 23.605213050000138 ], [ 72.812173320000127, 23.590268820000169 ], [ 72.806038560000133, 23.570450640000161 ], [ 72.830804400000062, 23.54289678000012 ], [ 72.823785120000153, 23.519621700000169 ], [ 72.83281104000018, 23.516921070000095 ], [ 72.824448600000068, 23.498312940000108 ], [ 72.802144440000163, 23.505341760000185 ], [ 72.747562680000073, 23.500739250000134 ], [ 72.735857640000162, 23.522236830000097 ], [ 72.705970800000088, 23.518961280000148 ], [ 72.692650440000179, 23.527575720000147 ], [ 72.693155520000147, 23.552917560000129 ], [ 72.670584960000127, 23.546641320000148 ], [ 72.665953200000146, 23.562352620000169 ], [ 72.654329160000088, 23.565943890000128 ], [ 72.636858720000177, 23.552743320000101 ], [ 72.637998480000149, 23.50742193000017 ], [ 72.618900480000136, 23.50502586000016 ], [ 72.600581880000121, 23.520434220000073 ], [ 72.593178840000078, 23.459948550000085 ], [ 72.570690360000114, 23.451541920000139 ], [ 72.542423520000142, 23.454361350000095 ], [ 72.548332560000119, 23.429466450000145 ], [ 72.529771320000108, 23.42431989000011 ], [ 72.530430840000136, 23.404862700000127 ], [ 72.507458160000155, 23.384672280000139 ], [ 72.528095880000123, 23.364110430000149 ], [ 72.524296080000141, 23.351679900000153 ], [ 72.492414120000106, 23.341471650000177 ], [ 72.476498880000079, 23.346164160000125 ], [ 72.485083440000096, 23.316063210000102 ], [ 72.462599640000164, 23.314170420000078 ], [ 72.478418760000125, 23.303826720000174 ], [ 72.45510876000013, 23.299222950000107 ], [ 72.440455320000154, 23.311839420000123 ], [ 72.425808000000146, 23.302195200000096 ], [ 72.415532520000113, 23.279698350000142 ], [ 72.425963520000138, 23.259060900000115 ], [ 72.435555720000124, 23.264779680000157 ], [ 72.448815600000088, 23.25700899000007 ], [ 72.449271720000169, 23.24812392000015 ], [ 72.428277960000145, 23.245644420000165 ], [ 72.449984880000102, 23.200131780000131 ], [ 72.440229960000153, 23.197619700000114 ], [ 72.420284880000125, 23.210559540000151 ], [ 72.41563656000011, 23.190103710000141 ], [ 72.401976720000093, 23.189548770000144 ], [ 72.383547960000115, 23.167963530000122 ], [ 72.396778680000153, 23.149513530000075 ], [ 72.428415120000125, 23.155896060000146 ], [ 72.417362760000117, 23.132710170000113 ], [ 72.400385520000071, 23.135092650000153 ], [ 72.401618880000157, 23.126424750000172 ], [ 72.386226360000123, 23.11948557000014 ], [ 72.36941940000014, 23.097111660000145 ], [ 72.3566718000001, 23.124224070000075 ], [ 72.339944760000066, 23.126614650000164 ], [ 72.335683800000112, 23.109989310000099 ], [ 72.305157600000086, 23.09790978000019 ], [ 72.304096320000113, 23.085806220000158 ], [ 72.320994360000086, 23.068652760000184 ], [ 72.32204700000014, 23.056659270000111 ], [ 72.293594040000144, 23.039371890000158 ], [ 72.279459720000133, 23.06028384000016 ], [ 72.281406240000152, 23.080975740000163 ], [ 72.255548520000119, 23.087974860000092 ], [ 72.25812216000017, 23.104962720000131 ], [ 72.2363893200001, 23.120095140000128 ], [ 72.217562400000133, 23.124287610000181 ], [ 72.194801400000173, 23.119647570000133 ], [ 72.188751600000103, 23.106844530000135 ], [ 72.157902480000175, 23.105835450000132 ], [ 72.152910360000121, 23.11175754000012 ], [ 72.159713280000162, 23.139914850000086 ], [ 72.185254560000118, 23.145118110000105 ], [ 72.184887360000118, 23.163067350000109 ], [ 72.167505120000129, 23.197754250000145 ], [ 72.184402080000112, 23.216555430000117 ], [ 72.184982400000166, 23.249247570000129 ], [ 72.174606840000109, 23.275095390000143 ], [ 72.183750480000114, 23.285451150000068 ], [ 72.200974320000128, 23.283009540000108 ], [ 72.210864600000093, 23.317827840000181 ], [ 72.222921000000127, 23.317532820000107 ], [ 72.232189200000136, 23.333312790000125 ], [ 72.247379040000084, 23.333084280000136 ], [ 72.269380440000162, 23.356535040000146 ], [ 72.263983320000179, 23.379863220000139 ], [ 72.292397040000139, 23.399067690000084 ], [ 72.302766120000101, 23.421638520000119 ], [ 72.284569560000151, 23.437444500000069 ], [ 72.292435920000159, 23.452366860000094 ], [ 72.2792372400001, 23.453324190000167 ], [ 72.26568, 23.471169120000155 ], [ 72.253522080000138, 23.461873830000133 ], [ 72.243286560000129, 23.436296820000145 ], [ 72.216106200000169, 23.444328240000132 ], [ 72.215269560000138, 23.429651220000157 ], [ 72.19268820000012, 23.421554280000166 ], [ 72.174855600000086, 23.43280041000013 ], [ 72.174381840000152, 23.449219200000158 ], [ 72.155770200000134, 23.456077920000105 ], [ 72.110763360000121, 23.453922600000119 ], [ 72.100409400000075, 23.46415929000014 ], [ 72.088998480000072, 23.463697860000064 ], [ 72.051083640000115, 23.447788470000084 ], [ 72.042670800000096, 23.462576550000101 ], [ 72.033005520000103, 23.462087400000129 ], [ 72.025777440000155, 23.480585910000105 ], [ 72.035368560000137, 23.513263380000147 ], [ 72.002408400000064, 23.504252760000142 ], [ 71.983114920000119, 23.507504730000093 ], [ 71.962344, 23.552350020000155 ], [ 71.961459120000129, 23.57772840000014 ], [ 71.943557040000115, 23.584419360000151 ], [ 71.986007160000071, 23.602634009000088 ], [ 71.986129200000121, 23.623674120000125 ], [ 72.002181600000128, 23.619187710000176 ], [ 72.019135080000169, 23.631073380000121 ], [ 72.041278320000075, 23.618521800000146 ], [ 72.062844120000179, 23.617504620000094 ], [ 72.057889080000095, 23.604844320000094 ], [ 72.068957280000163, 23.590896840000084 ], [ 72.058491360000104, 23.568917490000139 ], [ 72.068273640000086, 23.565729870000094 ], [ 72.107242560000131, 23.571773910000136 ], [ 72.105869160000097, 23.595910020000186 ], [ 72.12033648000012, 23.602016160000126 ], [ 72.108674640000132, 23.615332470000137 ], [ 72.122825520000106, 23.623154460000116 ], [ 72.127999440000096, 23.606209800000098 ], [ 72.121376880000142, 23.600968560000133 ], [ 72.12783384000015, 23.596452000000177 ], [ 72.173242440000109, 23.609289330000081 ], [ 72.194131800000108, 23.631430410000174 ], [ 72.229623840000144, 23.623201710000117 ], [ 72.242672040000087, 23.642571870000094 ], [ 72.256233240000114, 23.624127990000108 ], [ 72.287970480000169, 23.613320160000171 ], [ 72.306762120000059, 23.64061374000017 ], [ 72.31089780000012, 23.668332390000167 ], [ 72.301277880000143, 23.68625418000012 ], [ 72.278644680000099, 23.676641460000123 ], [ 72.289167480000089, 23.713456860000147 ], [ 72.286161120000116, 23.727746610000143 ], [ 72.325735200000125, 23.762231640000085 ], [ 72.314599320000141, 23.777015310000092 ], [ 72.297933480000097, 23.781765960000143 ], [ 72.30422376000017, 23.804362890000117 ], [ 72.320337000000151, 23.813834670000176 ], [ 72.317857320000059, 23.826014640000135 ], [ 72.309856680000124, 23.825678040000174 ], [ 72.292375800000158, 23.851425240000122 ], [ 72.321563160000082, 23.854286970000114 ], [ 72.327538440000112, 23.885982450000085 ], [ 72.332886960000081, 23.878638 ], [ 72.355156920000169, 23.884776 ], [ 72.378883440000081, 23.870550510000086 ], [ 72.378834480000123, 23.878115100000173 ], [ 72.401651640000111, 23.878553580000126 ], [ 72.416442240000066, 23.905831230000139 ], [ 72.435346560000141, 23.904906480000097 ], [ 72.442623600000147, 23.914317780000125 ], [ 72.472930200000135, 23.898015000000104 ], [ 72.48413268000013, 23.938135380000112 ], [ 72.511548480000116, 23.939041320000108 ], [ 72.525534120000074, 23.949114930000135 ], [ 72.536479920000062, 23.940136710000147 ], [ 72.585290520000129, 23.941138500000079 ], [ 72.5923299600001, 23.982837390000132 ], [ 72.628786800000128, 23.996932830000127 ], [ 72.651945960000077, 23.996437650000189 ], [ 72.647985600000126, 24.02754939000009 ], [ 72.639091440000172, 24.025472550000114 ], [ 72.634978440000125, 24.041930400000176 ], [ 72.617610600000077, 24.05409372000009 ], [ 72.632812680000072, 24.064720650000069 ], [ 72.634078800000111, 24.075554580000123 ], [ 72.648318960000097, 24.078950640000183 ], [ 72.664243920000118, 24.068798460000139 ], [ 72.676887120000117, 24.070549950000107 ], [ 72.706178160000107, 24.09712164000015 ], [ 72.72803592000011, 24.09088725000008 ], [ 72.72978804000013, 24.075644040000153 ], [ 72.751426200000182, 24.079224600000114 ], [ 72.770896440000087, 24.103433880000178 ], [ 72.779370840000141, 24.104029590000085 ] ] ] } },
{ "type": "Feature", "properties": { "district_name": "Sabar Kantha", "imd_district": "SABARKANTHA", "cum_actual_mm": 410.2, "cum_normal_mm": 774.1, "cum_dep_pct": -47, "cum_cat": "D", "deficient": true, "within_pc11_mixed": false, "seceded_children": [ { "name": "Aravalli", "dep_pct": -51, "cat": "D" } ], "mean_index": 0.45697050218696589, "mean_rainfed": 0.41860026432931868, "n_villages": 1365 }, "geometry": { "type": "Polygon", "coordinates": [ [ [ 73.147836240000103, 24.477593490000114 ], [ 73.139988600000137, 24.425998470000064 ], [ 73.121584680000169, 24.408110700000172 ], [ 73.122091560000101, 24.394259340000122 ], [ 73.163274840000128, 24.358996170000189 ], [ 73.18924128000009, 24.360145470000159 ], [ 73.211455080000164, 24.377074110000095 ], [ 73.222792200000114, 24.376089420000067 ], [ 73.226289960000059, 24.336284220000113 ], [ 73.217619360000114, 24.3288944100001 ], [ 73.199537640000173, 24.333758550000127 ], [ 73.1835950400001, 24.316374240000147 ], [ 73.149846120000134, 24.336402840000158 ], [ 73.123449840000134, 24.302904390000133 ], [ 73.104682680000138, 24.260026770000074 ], [ 73.065463920000113, 24.232687110000082 ], [ 73.066357800000091, 24.201882630000114 ], [ 73.127490120000118, 24.143953320000076 ], [ 73.156941360000118, 24.126155640000089 ], [ 73.169968320000166, 24.105578040000129 ], [ 73.212996600000082, 24.100974900000114 ], [ 73.212117480000174, 24.065095860000117 ], [ 73.254810240000126, 24.014534220000126 ], [ 73.258881840000129, 24.025227210000065 ], [ 73.316018160000098, 24.063255450000163 ], [ 73.341447480000127, 24.071965740000099 ], [ 73.353029400000153, 24.121085310000144 ], [ 73.380805200000083, 24.132219300000155 ], [ 73.409706000000114, 24.076776150000121 ], [ 73.44245448000008, 24.054182280000134 ], [ 73.440412560000141, 24.027152490000113 ], [ 73.456661880000098, 23.993980740000119 ], [ 73.452435480000162, 23.965614810000123 ], [ 73.46389824000012, 23.945535900000124 ], [ 73.449845280000076, 23.928743160000153 ], [ 73.412067960000144, 23.92268481000017 ], [ 73.394963280000113, 23.89413681000012 ], [ 73.382286240000056, 23.807306700000151 ], [ 73.399014360000109, 23.796604980000112 ], [ 73.432695960000089, 23.802217290000137 ], [ 73.459939320000117, 23.748646500000124 ], [ 73.516748760000127, 23.720759640000153 ], [ 73.525211640000109, 23.702400000000122 ], [ 73.516516200000154, 23.665000050000138 ], [ 73.525164480000115, 23.62872060000014 ], [ 73.543445640000144, 23.624395110000094 ], [ 73.574359920000134, 23.651947350000178 ], [ 73.594125000000105, 23.654142450000169 ], [ 73.632360960000071, 23.631156450000155 ], [ 73.643327640000095, 23.609495970000125 ], [ 73.634219640000111, 23.565640320000146 ], [ 73.636229160000113, 23.524557390000165 ], [ 73.615992480000116, 23.480010180000164 ], [ 73.625217120000158, 23.454606780000152 ], [ 73.620618480000161, 23.440981770000178 ], [ 73.63153980000007, 23.431018410000124 ], [ 73.623936240000134, 23.4085722300001 ], [ 73.595448720000107, 23.389945560000179 ], [ 73.588482360000143, 23.371392870000072 ], [ 73.566711360000113, 23.351363550000091 ], [ 73.559576880000094, 23.320836450000158 ], [ 73.543690800000078, 23.311497960000114 ], [ 73.526578200000117, 23.285935710000103 ], [ 73.47589992000016, 23.269530690000149 ], [ 73.473354360000116, 23.289815160000103 ], [ 73.461949920000109, 23.28903450000017 ], [ 73.37387412000011, 23.240589660000175 ], [ 73.381184280000099, 23.219822610000172 ], [ 73.337187960000122, 23.199263910000177 ], [ 73.338870600000163, 23.178956220000078 ], [ 73.371328920000096, 23.167506060000107 ], [ 73.369545480000156, 23.133392010000129 ], [ 73.361441160000169, 23.128201350000086 ], [ 73.350269280000134, 23.135558760000084 ], [ 73.333829520000151, 23.127945660000069 ], [ 73.337904360000067, 23.100344730000131 ], [ 73.326549960000108, 23.095564650000131 ], [ 73.322128080000169, 23.07962340000018 ], [ 73.294149960000112, 23.08102902000013 ], [ 73.271957400000105, 23.056237890000151 ], [ 73.240079040000111, 23.067604980000176 ], [ 73.224383760000165, 23.101434360000138 ], [ 73.205629920000121, 23.105115810000097 ], [ 73.203336000000121, 23.140773450000161 ], [ 73.188753840000089, 23.145397830000157 ], [ 73.172272680000134, 23.130760410000171 ], [ 73.155411000000143, 23.154755130000158 ], [ 73.155677400000158, 23.185056870000096 ], [ 73.134196200000133, 23.197986990000128 ], [ 73.092368880000109, 23.159946600000179 ], [ 73.078256160000109, 23.164056450000146 ], [ 73.06976556000015, 23.156941320000122 ], [ 73.058423760000082, 23.165800920000155 ], [ 73.024626240000089, 23.169023550000166 ], [ 73.017607320000124, 23.151855420000132 ], [ 72.978478200000069, 23.154451650000095 ], [ 72.976264200000102, 23.161080870000148 ], [ 72.988294320000108, 23.167308780000127 ], [ 72.982176480000177, 23.172530670000178 ], [ 72.992760480000157, 23.244747660000129 ], [ 73.00104840000013, 23.266418580000135 ], [ 73.016966160000095, 23.275794330000153 ], [ 72.998486280000151, 23.286260970000104 ], [ 72.989921520000095, 23.278671000000138 ], [ 72.962906040000092, 23.276625750000111 ], [ 72.981134640000121, 23.259456000000121 ], [ 72.973639440000099, 23.26117149000013 ], [ 72.971342640000131, 23.250856770000137 ], [ 72.963838800000175, 23.256034380000166 ], [ 72.962892720000156, 23.236231500000091 ], [ 72.951045840000134, 23.24849796000019 ], [ 72.948388680000093, 23.237476470000161 ], [ 72.939870360000143, 23.23624617000015 ], [ 72.922627080000112, 23.261953950000123 ], [ 72.923032440000085, 23.289172290000113 ], [ 72.902890800000137, 23.279541300000115 ], [ 72.887557680000143, 23.28723216000008 ], [ 72.917598240000132, 23.294223180000138 ], [ 72.919586880000097, 23.319994860000158 ], [ 72.899138880000109, 23.322636360000136 ], [ 72.888843240000099, 23.320436400000187 ], [ 72.887049000000147, 23.31167049000009 ], [ 72.868380480000141, 23.313420900000146 ], [ 72.837561600000129, 23.332538970000137 ], [ 72.805323960000152, 23.319453690000145 ], [ 72.809430840000147, 23.35694895000011 ], [ 72.767667240000065, 23.355832770000127 ], [ 72.766568520000106, 23.367359430000121 ], [ 72.751198320000157, 23.37423273000012 ], [ 72.755088480000069, 23.387039820000098 ], [ 72.743895360000138, 23.392741950000183 ], [ 72.727696080000143, 23.388445260000122 ], [ 72.738307440000085, 23.403036150000165 ], [ 72.773163720000099, 23.412869280000102 ], [ 72.804893400000154, 23.40815859000007 ], [ 72.797072760000106, 23.426925210000114 ], [ 72.821699280000146, 23.465763810000116 ], [ 72.800789400000127, 23.504678010000156 ], [ 72.822522960000171, 23.497025490000166 ], [ 72.83281104000018, 23.516921070000095 ], [ 72.823785120000153, 23.519621700000169 ], [ 72.830370240000107, 23.54402700000011 ], [ 72.806038560000133, 23.570450640000161 ], [ 72.812173320000127, 23.590268820000169 ], [ 72.840611160000122, 23.605213050000138 ], [ 72.840206520000123, 23.615392410000123 ], [ 72.815710320000122, 23.642251650000155 ], [ 72.834165000000112, 23.67470610000013 ], [ 72.795177, 23.762036610000113 ], [ 72.814381560000143, 23.802406650000083 ], [ 72.788520960000042, 23.829393870000136 ], [ 72.791185680000169, 23.855433030000082 ], [ 72.805758120000107, 23.882120820000139 ], [ 72.808040880000163, 23.917143150000129 ], [ 72.836257320000129, 23.935358520000126 ], [ 72.824392800000155, 23.952300030000149 ], [ 72.855231120000084, 23.977451610000109 ], [ 72.854308440000125, 24.013462140000151 ], [ 72.862437600000121, 24.027398370000117 ], [ 72.893896200000114, 24.028497180000084 ], [ 72.915270120000159, 24.043227480000116 ], [ 72.918450720000152, 24.091092000000145 ], [ 72.934916040000118, 24.111566820000128 ], [ 72.931686120000123, 24.136943310000134 ], [ 72.941002200000099, 24.140127420000155 ], [ 72.94301244000016, 24.159989970000105 ], [ 72.979732800000136, 24.185881620000103 ], [ 72.980762040000116, 24.22585575000009 ], [ 72.999205920000094, 24.256655640000123 ], [ 72.989200080000089, 24.308617320000135 ], [ 72.965086920000061, 24.309717750000146 ], [ 72.954672840000114, 24.322700700000109 ], [ 72.959019120000107, 24.350956920000087 ], [ 72.944300880000085, 24.373894230000158 ], [ 72.950810040000164, 24.395058000000123 ], [ 72.941375880000109, 24.426854370000182 ], [ 72.954952200000136, 24.437097990000154 ], [ 72.975159360000177, 24.438114810000176 ], [ 72.969361920000111, 24.46724322000011 ], [ 73.016869320000168, 24.496162200000125 ], [ 73.056764880000131, 24.486701310000168 ], [ 73.078252560000166, 24.490676790000119 ], [ 73.095450120000152, 24.47637210000013 ], [ 73.100053440000096, 24.479455950000116 ], [ 73.092831840000045, 24.489798750000123 ], [ 73.099424520000099, 24.497030070000168 ], [ 73.126283760000135, 24.501411900000168 ], [ 73.142394120000134, 24.492166110000067 ], [ 73.147836240000103, 24.477593490000114 ] ] ] } },
{ "type": "Feature", "properties": { "district_name": "Gandhinagar", "imd_district": "GANDHINAGAR", "cum_actual_mm": 469.3, "cum_normal_mm": 699.2, "cum_dep_pct": -33, "cum_cat": "D", "deficient": true, "within_pc11_mixed": false, "seceded_children": "", "mean_index": 0.45840071564220303, "mean_rainfed": 0.32275124856410203, "n_villages": 260 }, "geometry": { "type": "Polygon", "coordinates": [ [ [ 72.656267760000077, 23.567016960000096 ], [ 72.670584960000127, 23.546641320000148 ], [ 72.693512280000078, 23.552553600000124 ], [ 72.691016040000136, 23.52947517000019 ], [ 72.703876680000107, 23.519660490000092 ], [ 72.735148800000132, 23.522580990000151 ], [ 72.749028960000075, 23.500421280000115 ], [ 72.800622720000106, 23.50257588000013 ], [ 72.817401600000082, 23.476082940000119 ], [ 72.821328120000075, 23.463647190000135 ], [ 72.796608360000135, 23.425186500000137 ], [ 72.804893400000154, 23.40815859000007 ], [ 72.773163720000099, 23.412869280000102 ], [ 72.738307440000085, 23.403036150000165 ], [ 72.72765504000013, 23.389178940000075 ], [ 72.755088480000069, 23.387039820000098 ], [ 72.751198320000157, 23.37423273000012 ], [ 72.766568520000106, 23.367359430000121 ], [ 72.767667240000065, 23.355832770000127 ], [ 72.809430840000147, 23.35694895000011 ], [ 72.805323960000152, 23.319453690000145 ], [ 72.837561600000129, 23.332538970000137 ], [ 72.868380480000141, 23.313420900000146 ], [ 72.887049000000147, 23.31167049000009 ], [ 72.888843240000099, 23.320436400000187 ], [ 72.899138880000109, 23.322636360000136 ], [ 72.919586880000097, 23.319994860000158 ], [ 72.917598240000132, 23.294223180000138 ], [ 72.887557680000143, 23.28723216000008 ], [ 72.902890800000137, 23.279541300000115 ], [ 72.923032440000085, 23.289172290000113 ], [ 72.922627080000112, 23.261953950000123 ], [ 72.939870360000143, 23.23624617000015 ], [ 72.948388680000093, 23.237476470000161 ], [ 72.951045840000134, 23.24849796000019 ], [ 72.962892720000156, 23.236231500000091 ], [ 72.963838800000175, 23.256034380000166 ], [ 72.971342640000131, 23.250856770000137 ], [ 72.973639440000099, 23.26117149000013 ], [ 72.981134640000121, 23.259456000000121 ], [ 72.962906040000092, 23.276625750000111 ], [ 72.989921520000095, 23.278671000000138 ], [ 72.998486280000151, 23.286260970000104 ], [ 73.016966160000095, 23.275794330000153 ], [ 73.00104840000013, 23.266418580000135 ], [ 72.992760480000157, 23.244747660000129 ], [ 72.982176480000177, 23.172530670000178 ], [ 72.988294320000108, 23.167308780000127 ], [ 72.974853360000083, 23.157851220000179 ], [ 73.017607320000124, 23.151855420000132 ], [ 73.032056280000148, 23.125050720000171 ], [ 73.017952560000182, 23.117701770000163 ], [ 72.985265640000151, 23.123603610000075 ], [ 72.979136640000092, 23.102285040000091 ], [ 72.967028760000147, 23.104269270000131 ], [ 72.96731424000015, 23.085647460000168 ], [ 72.956761200000159, 23.080408380000115 ], [ 72.959806080000106, 23.068805310000194 ], [ 72.926076600000073, 23.07475827000016 ], [ 72.922578840000114, 23.066108370000158 ], [ 72.906947640000155, 23.062301280000106 ], [ 72.912712320000168, 23.050064790000178 ], [ 72.889915320000071, 23.012713980000175 ], [ 72.844259040000154, 23.009028660000162 ], [ 72.84715200000015, 22.998936060000162 ], [ 72.836113320000123, 22.995927720000118 ], [ 72.823662360000114, 23.00415624000016 ], [ 72.823535640000117, 23.016532860000137 ], [ 72.807679080000156, 23.023193490000125 ], [ 72.815400000000125, 23.035049100000158 ], [ 72.795598560000073, 23.04172944000009 ], [ 72.798580440000151, 23.049220140000102 ], [ 72.790553520000088, 23.056217100000119 ], [ 72.767988360000075, 23.057676090000133 ], [ 72.779884560000184, 23.075713710000166 ], [ 72.769623120000162, 23.092642170000087 ], [ 72.747412560000086, 23.088644280000146 ], [ 72.747950760000123, 23.098158990000115 ], [ 72.739606680000108, 23.099164380000168 ], [ 72.718698960000111, 23.094314640000089 ], [ 72.712770120000087, 23.10967791000018 ], [ 72.700418160000112, 23.110951320000115 ], [ 72.688116960000158, 23.100756390000175 ], [ 72.674102520000119, 23.107036320000194 ], [ 72.666639000000131, 23.09380083000012 ], [ 72.649422360000173, 23.100448500000102 ], [ 72.639741240000106, 23.090830110000169 ], [ 72.613561320000059, 23.089939560000115 ], [ 72.620668440000131, 23.110500330000104 ], [ 72.611025480000123, 23.125716900000135 ], [ 72.589699080000116, 23.127141960000184 ], [ 72.582455520000124, 23.117078610000117 ], [ 72.563425200000111, 23.114496330000154 ], [ 72.568203840000166, 23.130014670000108 ], [ 72.562383000000125, 23.137485930000111 ], [ 72.540946440000141, 23.131788210000124 ], [ 72.54561888000012, 23.164498980000168 ], [ 72.537570720000161, 23.164117650000147 ], [ 72.530237520000128, 23.148117090000085 ], [ 72.510602040000137, 23.159618460000118 ], [ 72.504093600000132, 23.143960080000124 ], [ 72.484085880000166, 23.14489311000014 ], [ 72.4975290000001, 23.098410810000168 ], [ 72.458615880000139, 23.080933260000112 ], [ 72.47205396000011, 23.070216240000139 ], [ 72.470083680000158, 23.0614027200001 ], [ 72.448646760000059, 23.058608670000112 ], [ 72.444612240000112, 23.043909060000132 ], [ 72.430627320000113, 23.041160460000174 ], [ 72.427450320000148, 23.062231800000131 ], [ 72.407824560000151, 23.067117720000095 ], [ 72.385922880000152, 23.051044710000166 ], [ 72.382457520000131, 23.080336200000094 ], [ 72.368023320000177, 23.094245970000092 ], [ 72.347114880000106, 23.093554230000144 ], [ 72.335683800000112, 23.109989310000099 ], [ 72.339944760000066, 23.126614650000164 ], [ 72.354760560000059, 23.125586400000085 ], [ 72.36941940000014, 23.097111660000145 ], [ 72.386226360000123, 23.11948557000014 ], [ 72.401618880000157, 23.126424750000172 ], [ 72.400385520000071, 23.135092650000153 ], [ 72.417362760000117, 23.132710170000113 ], [ 72.427672800000082, 23.145925680000133 ], [ 72.427643640000056, 23.156406180000076 ], [ 72.396778680000153, 23.149513530000075 ], [ 72.383547960000115, 23.167963530000122 ], [ 72.401976720000093, 23.189548770000144 ], [ 72.41563656000011, 23.190103710000141 ], [ 72.420284880000125, 23.210559540000151 ], [ 72.440229960000153, 23.197619700000114 ], [ 72.449984880000102, 23.200131780000131 ], [ 72.428277960000145, 23.245644420000165 ], [ 72.449271720000169, 23.24812392000015 ], [ 72.448815600000088, 23.25700899000007 ], [ 72.435555720000124, 23.264779680000157 ], [ 72.425963520000138, 23.259060900000115 ], [ 72.415532520000113, 23.279698350000142 ], [ 72.425808000000146, 23.302195200000096 ], [ 72.440455320000154, 23.311839420000123 ], [ 72.45510876000013, 23.299222950000107 ], [ 72.478418760000125, 23.303826720000174 ], [ 72.462599640000164, 23.314170420000078 ], [ 72.485083440000096, 23.316063210000102 ], [ 72.476498880000079, 23.346164160000125 ], [ 72.492414120000106, 23.341471650000177 ], [ 72.524296080000141, 23.351679900000153 ], [ 72.528095880000123, 23.364110430000149 ], [ 72.507458160000155, 23.384672280000139 ], [ 72.530430840000136, 23.404862700000127 ], [ 72.529771320000108, 23.42431989000011 ], [ 72.548332560000119, 23.429466450000145 ], [ 72.542423520000142, 23.454361350000095 ], [ 72.587612160000106, 23.454518940000167 ], [ 72.600581880000121, 23.520434220000073 ], [ 72.618900480000136, 23.50502586000016 ], [ 72.637374600000143, 23.506972470000107 ], [ 72.636858720000177, 23.552743320000101 ], [ 72.656267760000077, 23.567016960000096 ] ] ] } },
{ "type": "Feature", "properties": { "district_name": "Ahmadabad", "imd_district": "AHMEDABAD", "cum_actual_mm": 539.6, "cum_normal_mm": 608.8, "cum_dep_pct": -11, "cum_cat": "N", "deficient": false, "within_pc11_mixed": false, "seceded_children": [ { "name": "Botad", "dep_pct": -10, "cat": "N" } ], "mean_index": 0.4296494975191954, "mean_rainfed": 0.59755943852035143, "n_villages": 510 }, "geometry": { "type": "Polygon", "coordinates": [ [ [ 72.031012200000106, 23.513062950000172 ], [ 72.036087120000076, 23.506825140000085 ], [ 72.025777440000155, 23.480585910000105 ], [ 72.033005520000103, 23.462087400000129 ], [ 72.042670800000096, 23.462576550000101 ], [ 72.051083640000115, 23.447788470000084 ], [ 72.088998480000072, 23.463697860000064 ], [ 72.100409400000075, 23.46415929000014 ], [ 72.110763360000121, 23.453922600000119 ], [ 72.155770200000134, 23.456077920000105 ], [ 72.174381840000152, 23.449219200000158 ], [ 72.174855600000086, 23.43280041000013 ], [ 72.193338360000098, 23.421578040000089 ], [ 72.215269560000138, 23.429651220000157 ], [ 72.216106200000169, 23.444328240000132 ], [ 72.243286560000129, 23.436296820000145 ], [ 72.253522080000138, 23.461873830000133 ], [ 72.268140600000081, 23.471189010000113 ], [ 72.2792372400001, 23.453324190000167 ], [ 72.292435920000159, 23.452366860000094 ], [ 72.284569560000151, 23.437444500000069 ], [ 72.302780160000097, 23.422560300000093 ], [ 72.292397040000139, 23.399067690000084 ], [ 72.263983320000179, 23.379863220000139 ], [ 72.268507440000135, 23.355505350000126 ], [ 72.247379040000084, 23.333084280000136 ], [ 72.232189200000136, 23.333312790000125 ], [ 72.222921000000127, 23.317532820000107 ], [ 72.210864600000093, 23.317827840000181 ], [ 72.200974320000128, 23.283009540000108 ], [ 72.183750480000114, 23.285451150000068 ], [ 72.174606840000109, 23.275095390000143 ], [ 72.184982400000166, 23.249247570000129 ], [ 72.184402080000112, 23.216555430000117 ], [ 72.167505120000129, 23.197754250000145 ], [ 72.184887360000118, 23.163067350000109 ], [ 72.185254560000118, 23.145118110000105 ], [ 72.159713280000162, 23.139914850000086 ], [ 72.152910360000121, 23.11175754000012 ], [ 72.157902480000175, 23.105835450000132 ], [ 72.188751600000103, 23.106844530000135 ], [ 72.194801400000173, 23.119647570000133 ], [ 72.217562400000133, 23.124287610000181 ], [ 72.2363893200001, 23.120095140000128 ], [ 72.25812216000017, 23.104962720000131 ], [ 72.255548520000119, 23.087974860000092 ], [ 72.281406240000152, 23.080975740000163 ], [ 72.279459720000133, 23.06028384000016 ], [ 72.293594040000144, 23.039371890000158 ], [ 72.32204700000014, 23.056659270000111 ], [ 72.320994360000086, 23.068652760000184 ], [ 72.304096320000113, 23.085806220000158 ], [ 72.305157600000086, 23.09790978000019 ], [ 72.335683800000112, 23.109989310000099 ], [ 72.347114880000106, 23.093554230000144 ], [ 72.368023320000177, 23.094245970000092 ], [ 72.382457520000131, 23.080336200000094 ], [ 72.385922880000152, 23.051044710000166 ], [ 72.400479120000085, 23.056071750000172 ], [ 72.404873640000162, 23.066745570000123 ], [ 72.425985480000094, 23.063452740000166 ], [ 72.425582640000158, 23.045254560000171 ], [ 72.431868600000044, 23.040996480000107 ], [ 72.447612480000103, 23.044942620000118 ], [ 72.448646760000059, 23.058608670000112 ], [ 72.46978488000012, 23.060872620000115 ], [ 72.47205396000011, 23.070216240000139 ], [ 72.458615880000139, 23.080933260000112 ], [ 72.4975290000001, 23.098410810000168 ], [ 72.484085880000166, 23.14489311000014 ], [ 72.504093600000132, 23.143960080000124 ], [ 72.510602040000137, 23.159618460000118 ], [ 72.530237520000128, 23.148117090000085 ], [ 72.537570720000161, 23.164117650000147 ], [ 72.54561888000012, 23.164498980000168 ], [ 72.540946440000141, 23.131788210000124 ], [ 72.562383000000125, 23.137485930000111 ], [ 72.568203840000166, 23.130014670000108 ], [ 72.563425200000111, 23.114496330000154 ], [ 72.582455520000124, 23.117078610000117 ], [ 72.589699080000116, 23.127141960000184 ], [ 72.611025480000123, 23.125716900000135 ], [ 72.620668440000131, 23.110500330000104 ], [ 72.613561320000059, 23.089939560000115 ], [ 72.639741240000106, 23.090830110000169 ], [ 72.649422360000173, 23.100448500000102 ], [ 72.666639000000131, 23.09380083000012 ], [ 72.674102520000119, 23.107036320000194 ], [ 72.688116960000158, 23.100756390000175 ], [ 72.70135056000008, 23.110984170000169 ], [ 72.713212200000072, 23.109347700000125 ], [ 72.718698960000111, 23.094314640000089 ], [ 72.739606680000108, 23.099164380000168 ], [ 72.747950760000123, 23.098158990000115 ], [ 72.747412560000086, 23.088644280000146 ], [ 72.768731040000063, 23.093290620000182 ], [ 72.779884560000184, 23.075713710000166 ], [ 72.767988360000075, 23.057676090000133 ], [ 72.790553520000088, 23.056217100000119 ], [ 72.798580440000151, 23.049220140000102 ], [ 72.795598560000073, 23.04172944000009 ], [ 72.815400000000125, 23.035049100000158 ], [ 72.807679080000156, 23.023193490000125 ], [ 72.823535640000117, 23.016532860000137 ], [ 72.823662360000114, 23.00415624000016 ], [ 72.83710908000009, 22.995747720000146 ], [ 72.829280520000097, 22.983503400000192 ], [ 72.836827560000145, 22.98139308000011 ], [ 72.840215880000102, 22.965531210000155 ], [ 72.804012840000127, 22.941061020000173 ], [ 72.788352840000172, 22.906732050000176 ], [ 72.74039652000009, 22.905199260000185 ], [ 72.723031200000094, 22.912850520000159 ], [ 72.688804560000122, 22.878605700000108 ], [ 72.672373440000143, 22.879821060000125 ], [ 72.665928000000108, 22.894197840000128 ], [ 72.64483164000012, 22.895775630000113 ], [ 72.6317031600001, 22.880488770000127 ], [ 72.606936960000141, 22.884324300000134 ], [ 72.598339800000161, 22.870410750000179 ], [ 72.60757740000011, 22.863100950000124 ], [ 72.602181720000075, 22.835933640000182 ], [ 72.60704496000011, 22.812609870000198 ], [ 72.597917520000124, 22.814240130000083 ], [ 72.596731320000117, 22.823350110000138 ], [ 72.579134520000139, 22.818667050000084 ], [ 72.569544480000076, 22.82552316000017 ], [ 72.522823320000143, 22.795464240000161 ], [ 72.516101760000168, 22.777159320000127 ], [ 72.530560800000146, 22.767899130000167 ], [ 72.523287000000138, 22.752449100000092 ], [ 72.540838800000117, 22.750151760000168 ], [ 72.525542400000148, 22.736745990000127 ], [ 72.534539520000095, 22.714724160000131 ], [ 72.519635160000135, 22.704474150000163 ], [ 72.529655400000109, 22.695894180000085 ], [ 72.530111880000121, 22.679039340000127 ], [ 72.551283480000123, 22.674632130000159 ], [ 72.551616480000135, 22.665909870000121 ], [ 72.534822840000089, 22.646079090000136 ], [ 72.535941360000095, 22.623120180000143 ], [ 72.512488440000169, 22.636333890000103 ], [ 72.507410640000131, 22.608312210000168 ], [ 72.466952760000183, 22.573621440000167 ], [ 72.443649240000099, 22.560861060000146 ], [ 72.427170240000152, 22.563370800000147 ], [ 72.42404004000015, 22.553276040000146 ], [ 72.44043840000009, 22.531330350000143 ], [ 72.439985520000093, 22.50342675000012 ], [ 72.411561360000164, 22.472348940000185 ], [ 72.378033480000099, 22.467774960000096 ], [ 72.379177920000117, 22.447284750000172 ], [ 72.363827160000085, 22.445507700000132 ], [ 72.360838440000151, 22.436656199000147 ], [ 72.376244640000067, 22.439658150000195 ], [ 72.368445240000085, 22.405334580000112 ], [ 72.346429080000121, 22.387085100000135 ], [ 72.396199440000103, 22.388551920000175 ], [ 72.403538400000073, 22.363838370000131 ], [ 72.352943640000106, 22.302161820000109 ], [ 72.357061680000129, 22.248850769000182 ], [ 72.319011480000071, 22.202135820000144 ], [ 72.32204556000012, 22.188376980000111 ], [ 72.308495160000092, 22.170878910000134 ], [ 72.318605040000108, 22.145837130000199 ], [ 72.347410800000077, 22.132880910000139 ], [ 72.366516, 22.11182325000016 ], [ 72.337326120000114, 22.053057210000169 ], [ 72.278770680000136, 21.987992790000142 ], [ 72.229300560000127, 22.013378460000109 ], [ 72.21771252000012, 22.042992870000109 ], [ 72.219282840000105, 22.019901660000183 ], [ 72.210597480000104, 22.013109360000136 ], [ 72.198992520000118, 22.024469340000106 ], [ 72.184056120000079, 22.018854420000132 ], [ 72.17209044000009, 22.038707250000165 ], [ 72.180424080000122, 22.013234370000177 ], [ 72.194295600000075, 22.018345740000143 ], [ 72.205315920000089, 22.010501790000124 ], [ 72.225184680000112, 22.013442180000141 ], [ 72.228986639000183, 21.998975400000152 ], [ 72.214703280000094, 21.990873329000181 ], [ 72.169045560000129, 21.999795480000149 ], [ 72.11699820000014, 22.062333689000145 ], [ 72.072788760000108, 22.061320109000125 ], [ 72.054377640000084, 22.089091050000096 ], [ 72.054808920000141, 22.10609196000015 ], [ 72.027273600000129, 22.123629450000191 ], [ 72.012465000000105, 22.1080879800001 ], [ 71.915421960000131, 22.134241080000148 ], [ 71.907613200000171, 22.112469540000166 ], [ 71.856271080000084, 22.104976320000123 ], [ 71.855064000000141, 22.118853510000179 ], [ 71.843524200000118, 22.125108060000141 ], [ 71.848371240000148, 22.14106623000016 ], [ 71.822998800000121, 22.147385760000169 ], [ 71.805462120000158, 22.139075160000175 ], [ 71.780463720000071, 22.146961500000149 ], [ 71.762261760000129, 22.141441530000126 ], [ 71.759137320000065, 22.15345446000012 ], [ 71.741867040000102, 22.163787990000159 ], [ 71.745540840000146, 22.188467610000149 ], [ 71.726600880000063, 22.190680440000097 ], [ 71.72353512000015, 22.197878640000155 ], [ 71.714432160000143, 22.191265710000117 ], [ 71.701879320000145, 22.208863140000144 ], [ 71.680836600000163, 22.207047120000077 ], [ 71.663807520000091, 22.224306780000134 ], [ 71.637146640000125, 22.209622110000147 ], [ 71.626664520000134, 22.22138682000012 ], [ 71.630030880000135, 22.23733068000011 ], [ 71.655756840000109, 22.252716540000115 ], [ 71.641449720000182, 22.28207193000009 ], [ 71.628209640000179, 22.284402840000126 ], [ 71.616729600000127, 22.299492420000131 ], [ 71.612550720000129, 22.340457720000149 ], [ 71.628055200000091, 22.345399170000178 ], [ 71.624165760000068, 22.383354600000114 ], [ 71.633873520000108, 22.381484850000131 ], [ 71.647797960000077, 22.40150031000012 ], [ 71.673085440000179, 22.385506950000121 ], [ 71.707948560000062, 22.398084540000117 ], [ 71.716880880000161, 22.385840400000177 ], [ 71.736458400000146, 22.383081540000081 ], [ 71.742332160000132, 22.364885610000094 ], [ 71.753480640000106, 22.361210100000093 ], [ 71.793264600000072, 22.363899390000118 ], [ 71.789904000000107, 22.389034140000106 ], [ 71.796210840000128, 22.39515369000009 ], [ 71.837542080000134, 22.395489750000095 ], [ 71.832645000000142, 22.362908760000131 ], [ 71.848404360000146, 22.357877850000072 ], [ 71.865036720000077, 22.371600510000132 ], [ 71.864037000000138, 22.394746260000129 ], [ 71.904738240000071, 22.421635200000132 ], [ 71.922954960000169, 22.38095205000019 ], [ 71.929251360000137, 22.386142800000151 ], [ 71.943000120000136, 22.380820650000153 ], [ 71.93650860000011, 22.451289840000175 ], [ 71.97217740000012, 22.470774300000194 ], [ 71.968354200000149, 22.49025156000015 ], [ 71.938879560000075, 22.477801320000122 ], [ 71.919673560000092, 22.480249770000114 ], [ 71.920947240000061, 22.499475300000114 ], [ 71.930415240000158, 22.503026610000141 ], [ 71.911597320000126, 22.52370546000013 ], [ 71.935135920000121, 22.547025000000119 ], [ 71.966422800000132, 22.538599380000111 ], [ 71.967664800000136, 22.51431765000018 ], [ 72.032675040000115, 22.505697000000112 ], [ 72.03991392000016, 22.483472400000124 ], [ 72.054407160000125, 22.470521310000134 ], [ 72.056484, 22.442016420000186 ], [ 72.094127760000092, 22.435148880000131 ], [ 72.123881760000103, 22.459655250000086 ], [ 72.166329360000105, 22.477425480000111 ], [ 72.151882200000145, 22.49088012000011 ], [ 72.147078360000123, 22.514604210000176 ], [ 72.185088960000101, 22.540179060000163 ], [ 72.182273040000084, 22.55124834000015 ], [ 72.146542320000094, 22.581496710000113 ], [ 72.094222440000109, 22.602124170000113 ], [ 72.062146440000092, 22.588846110000159 ], [ 72.057786480000132, 22.649158080000163 ], [ 72.019538280000134, 22.675824090000106 ], [ 72.053610120000073, 22.69041165000014 ], [ 72.064219320000106, 22.671821340000118 ], [ 72.090714960000156, 22.672290060000087 ], [ 72.104837760000109, 22.71723102000016 ], [ 72.066304440000138, 22.729991760000122 ], [ 72.050660640000103, 22.745678760000086 ], [ 72.055658880000124, 22.753717290000129 ], [ 72.042544080000184, 22.765828050000135 ], [ 72.05119128000014, 22.791531330000179 ], [ 72.029097360000122, 22.807111410000179 ], [ 72.0340693200001, 22.821774030000118 ], [ 72.02846052000011, 22.854245220000145 ], [ 72.021789360000128, 22.824250020000079 ], [ 72.006729480000104, 22.81395933000012 ], [ 71.982795240000058, 22.860489060000198 ], [ 71.99808660000015, 22.920299370000173 ], [ 71.988788160000126, 22.933501200000126 ], [ 71.990124840000149, 22.946924250000176 ], [ 72.014083920000118, 22.985859510000182 ], [ 72.002523600000174, 22.997911230000099 ], [ 72.005024160000133, 23.011274790000112 ], [ 72.015516000000119, 23.018150070000097 ], [ 72.009582480000162, 23.055269850000169 ], [ 71.967953520000123, 23.05711548000011 ], [ 71.95086468000008, 23.035695390000164 ], [ 71.942064480000084, 23.034842820000144 ], [ 71.939552400000153, 23.057046450000083 ], [ 71.909880480000183, 23.063750280000093 ], [ 71.890175160000098, 23.101661970000141 ], [ 71.897511600000058, 23.174838180000144 ], [ 71.919064440000142, 23.179632570000084 ], [ 71.941991760000107, 23.202919620000138 ], [ 71.982002160000064, 23.209923780000128 ], [ 71.991147240000103, 23.247493020000086 ], [ 71.964396360000151, 23.250407940000127 ], [ 71.954786520000127, 23.239929960000126 ], [ 71.936458920000163, 23.236916760000124 ], [ 71.927413560000133, 23.263318080000104 ], [ 71.914272840000166, 23.265911250000169 ], [ 71.89581780000006, 23.25717 ], [ 71.890006680000113, 23.219417610000146 ], [ 71.863044840000114, 23.218457130000168 ], [ 71.872385040000125, 23.256302940000182 ], [ 71.864702640000147, 23.275343160000126 ], [ 71.876909880000056, 23.304452040000132 ], [ 71.869072320000114, 23.31282852000016 ], [ 71.872984080000123, 23.325155910000149 ], [ 71.8869783600001, 23.332422330000167 ], [ 71.862947640000158, 23.385980340000099 ], [ 71.879948280000093, 23.394955409000094 ], [ 71.895717720000135, 23.385005460000173 ], [ 71.922136320000121, 23.393878290000146 ], [ 71.951095800000104, 23.391496890000106 ], [ 71.963903880000075, 23.412844170000067 ], [ 71.960335560000061, 23.468109390000123 ], [ 71.990088480000153, 23.488794630000108 ], [ 71.997874200000155, 23.504171490000079 ], [ 72.031012200000106, 23.513062950000172 ] ] ] } },
{ "type": "Feature", "properties": { "district_name": "Surendranagar", "imd_district": "SURENDRANAGAR", "cum_actual_mm": 481.0, "cum_normal_mm": 465.7, "cum_dep_pct": 3, "cum_cat": "N", "deficient": false, "within_pc11_mixed": false, "seceded_children": [ { "name": "Morbi", "dep_pct": -2, "cat": "N" } ], "mean_index": 0.41767608624549096, "mean_rainfed": 0.68066394777315842, "n_villages": 648 }, "geometry": { "type": "MultiPolygon", "coordinates": [ [ [ [ 71.33857704000016, 22.22790543000017 ], [ 71.309349720000128, 22.220225280000115 ], [ 71.300106720000073, 22.239360000000151 ], [ 71.309540160000068, 22.254820830000142 ], [ 71.33120928000011, 22.263298290000087 ], [ 71.348518440000177, 22.246918920000123 ], [ 71.33857704000016, 22.22790543000017 ] ] ], [ [ [ 71.997375240000082, 23.5022513400001 ], [ 71.960335560000061, 23.468109390000123 ], [ 71.963903880000075, 23.412844170000067 ], [ 71.951095800000104, 23.391496890000106 ], [ 71.922136320000121, 23.393878290000146 ], [ 71.895717720000135, 23.385005460000173 ], [ 71.879948280000093, 23.394955409000094 ], [ 71.862947640000158, 23.385980340000099 ], [ 71.8869783600001, 23.332422330000167 ], [ 71.872984080000123, 23.325155910000149 ], [ 71.869072320000114, 23.31282852000016 ], [ 71.876909880000056, 23.304452040000132 ], [ 71.864702640000147, 23.275343160000126 ], [ 71.872385040000125, 23.256302940000182 ], [ 71.863044840000114, 23.218457130000168 ], [ 71.890006680000113, 23.219417610000146 ], [ 71.89581780000006, 23.25717 ], [ 71.914272840000166, 23.265911250000169 ], [ 71.927413560000133, 23.263318080000104 ], [ 71.936458920000163, 23.236916760000124 ], [ 71.954786520000127, 23.239929960000126 ], [ 71.964396360000151, 23.250407940000127 ], [ 71.991147240000103, 23.247493020000086 ], [ 71.982002160000064, 23.209923780000128 ], [ 71.941991760000107, 23.202919620000138 ], [ 71.919064440000142, 23.179632570000084 ], [ 71.897511600000058, 23.174838180000144 ], [ 71.890175160000098, 23.101661970000141 ], [ 71.909880480000183, 23.063750280000093 ], [ 71.939552400000153, 23.057046450000083 ], [ 71.942064480000084, 23.034842820000144 ], [ 71.95086468000008, 23.035695390000164 ], [ 71.967953520000123, 23.05711548000011 ], [ 72.009582480000162, 23.055269850000169 ], [ 72.015516000000119, 23.018150070000097 ], [ 72.005024160000133, 23.011274790000112 ], [ 72.002523600000174, 22.997911230000099 ], [ 72.014083920000118, 22.985859510000182 ], [ 71.990124840000149, 22.946924250000176 ], [ 71.988788160000126, 22.933501200000126 ], [ 71.99808660000015, 22.920299370000173 ], [ 71.982795240000058, 22.860489060000198 ], [ 72.006729480000104, 22.81395933000012 ], [ 72.021789360000128, 22.824250020000079 ], [ 72.02846052000011, 22.854245220000145 ], [ 72.0340693200001, 22.821774030000118 ], [ 72.029097360000122, 22.807111410000179 ], [ 72.05119128000014, 22.791531330000179 ], [ 72.042544080000184, 22.765828050000135 ], [ 72.055658880000124, 22.753717290000129 ], [ 72.050660640000103, 22.745678760000086 ], [ 72.066304440000138, 22.729991760000122 ], [ 72.104837760000109, 22.71723102000016 ], [ 72.090714960000156, 22.672290060000087 ], [ 72.064219320000106, 22.671821340000118 ], [ 72.053610120000073, 22.69041165000014 ], [ 72.019538280000134, 22.675824090000106 ], [ 72.057786480000132, 22.649158080000163 ], [ 72.062146440000092, 22.588846110000159 ], [ 72.094222440000109, 22.602124170000113 ], [ 72.146542320000094, 22.581496710000113 ], [ 72.182273040000084, 22.55124834000015 ], [ 72.185088960000101, 22.540179060000163 ], [ 72.147078360000123, 22.514604210000176 ], [ 72.151882200000145, 22.49088012000011 ], [ 72.166329360000105, 22.477425480000111 ], [ 72.123881760000103, 22.459655250000086 ], [ 72.094127760000092, 22.435148880000131 ], [ 72.056484, 22.442016420000186 ], [ 72.054407160000125, 22.470521310000134 ], [ 72.03991392000016, 22.483472400000124 ], [ 72.032675040000115, 22.505697000000112 ], [ 71.967664800000136, 22.51431765000018 ], [ 71.967436200000137, 22.537566810000119 ], [ 71.936124120000088, 22.547439990000083 ], [ 71.911597320000126, 22.52370546000013 ], [ 71.930415240000158, 22.503026610000141 ], [ 71.920947240000061, 22.499475300000114 ], [ 71.919673560000092, 22.480249770000114 ], [ 71.938879560000075, 22.477801320000122 ], [ 71.968354200000149, 22.49025156000015 ], [ 71.97217740000012, 22.470774300000194 ], [ 71.93650860000011, 22.451289840000175 ], [ 71.946486, 22.385764530000117 ], [ 71.939566080000134, 22.377957570000138 ], [ 71.929251360000137, 22.386142800000151 ], [ 71.922954960000169, 22.38095205000019 ], [ 71.904738240000071, 22.421635200000132 ], [ 71.864037000000138, 22.394746260000129 ], [ 71.865036720000077, 22.371600510000132 ], [ 71.848404360000146, 22.357877850000072 ], [ 71.832645000000142, 22.362908760000131 ], [ 71.837542080000134, 22.395489750000095 ], [ 71.796210840000128, 22.39515369000009 ], [ 71.789904000000107, 22.389034140000106 ], [ 71.793264600000072, 22.363899390000118 ], [ 71.753480640000106, 22.361210100000093 ], [ 71.742332160000132, 22.364885610000094 ], [ 71.736458400000146, 22.383081540000081 ], [ 71.716880880000161, 22.385840400000177 ], [ 71.707948560000062, 22.398084540000117 ], [ 71.673085440000179, 22.385506950000121 ], [ 71.647797960000077, 22.40150031000012 ], [ 71.633873520000108, 22.381484850000131 ], [ 71.624165760000068, 22.383354600000114 ], [ 71.627356080000155, 22.344689520000081 ], [ 71.604928800000096, 22.340028600000082 ], [ 71.602106040000137, 22.351909860000106 ], [ 71.592015240000109, 22.355190900000064 ], [ 71.582786640000094, 22.348654380000131 ], [ 71.588670840000148, 22.335980310000146 ], [ 71.578776600000126, 22.321429830000159 ], [ 71.568609840000121, 22.324542390000122 ], [ 71.563996440000139, 22.343080500000088 ], [ 71.530056360000088, 22.344248250000163 ], [ 71.494831800000142, 22.305921210000122 ], [ 71.445995640000106, 22.292185500000137 ], [ 71.427370320000122, 22.237723260000173 ], [ 71.397199800000109, 22.225408650000176 ], [ 71.390147400000131, 22.229184510000131 ], [ 71.389911960000092, 22.279806270000122 ], [ 71.376007680000114, 22.275747450000114 ], [ 71.367314400000154, 22.283882460000147 ], [ 71.369146800000166, 22.295474100000099 ], [ 71.358938640000105, 22.271226750000082 ], [ 71.34430068000016, 22.262582970000143 ], [ 71.324350200000126, 22.279221720000162 ], [ 71.307087480000092, 22.282755030000121 ], [ 71.301651840000119, 22.254823170000158 ], [ 71.28670824000011, 22.257841860000081 ], [ 71.282766600000116, 22.272369120000189 ], [ 71.233768080000132, 22.279406490000085 ], [ 71.23086792000008, 22.257718380000078 ], [ 71.209946880000118, 22.245389550000148 ], [ 71.214691680000129, 22.22349138000008 ], [ 71.279503560000137, 22.221024570000168 ], [ 71.300113560000113, 22.188494070000118 ], [ 71.294747760000149, 22.169932830000104 ], [ 71.276658480000094, 22.162074750000158 ], [ 71.248738320000129, 22.172311080000149 ], [ 71.230200120000148, 22.166390790000133 ], [ 71.212543560000114, 22.189182120000115 ], [ 71.189180640000089, 22.178014920000109 ], [ 71.192084760000128, 22.167288450000154 ], [ 71.172534240000147, 22.16108826000016 ], [ 71.174203920000096, 22.147442460000153 ], [ 71.143222320000135, 22.13482923000014 ], [ 71.140366080000064, 22.127180130000166 ], [ 71.121039120000106, 22.12816464000009 ], [ 71.114272920000175, 22.137072210000095 ], [ 71.122533480000115, 22.152842730000131 ], [ 71.155622880000138, 22.170333690000142 ], [ 71.157621600000127, 22.19011740000014 ], [ 71.138199240000105, 22.195982520000122 ], [ 71.11356480000012, 22.227409350000158 ], [ 71.101964520000166, 22.25129130000014 ], [ 71.108875800000106, 22.260167010000085 ], [ 71.075760120000126, 22.262128290000181 ], [ 71.050064760000126, 22.286059290000136 ], [ 71.056382760000176, 22.312953180000104 ], [ 71.010871200000153, 22.338256770000118 ], [ 71.004463200000103, 22.359343950000142 ], [ 71.010498240000103, 22.381295130000154 ], [ 71.032274280000109, 22.390801560000149 ], [ 71.003757600000071, 22.412849130000144 ], [ 70.984850040000183, 22.403422440000085 ], [ 70.972552080000142, 22.415047470000136 ], [ 71.028131400000163, 22.44015783000015 ], [ 71.049003840000097, 22.436684010000139 ], [ 71.062827480000152, 22.423779090000149 ], [ 71.067726720000152, 22.405518900000175 ], [ 71.085571560000133, 22.400892720000119 ], [ 71.091902520000119, 22.43286729000009 ], [ 71.116580160000126, 22.437530280000082 ], [ 71.10814752000006, 22.450250880000098 ], [ 71.121943440000152, 22.459803390000086 ], [ 71.121903480000128, 22.47858135000018 ], [ 71.154943200000119, 22.481467110000118 ], [ 71.154929520000138, 22.501482660000114 ], [ 71.125152120000152, 22.54239891000007 ], [ 71.106538320000141, 22.544295120000111 ], [ 71.088953040000064, 22.509106920000075 ], [ 71.051776920000123, 22.534094700000072 ], [ 71.062417440000075, 22.53970395000011 ], [ 71.065959840000161, 22.553336430000169 ], [ 71.08507368000015, 22.560649560000144 ], [ 71.091666, 22.580252820000133 ], [ 71.084283120000109, 22.585543200000167 ], [ 71.083482840000073, 22.601625570000159 ], [ 71.092065600000112, 22.600831230000161 ], [ 71.088809400000159, 22.616463600000134 ], [ 71.095879800000134, 22.627935360000116 ], [ 71.10425952000007, 22.639240620000177 ], [ 71.121987360000134, 22.63200057000012 ], [ 71.12253312000017, 22.649595840000146 ], [ 71.155639440000172, 22.676518620000106 ], [ 71.159279760000103, 22.699484910000088 ], [ 71.144489880000123, 22.708705230000124 ], [ 71.119061280000068, 22.754466270000105 ], [ 71.074810800000094, 22.769673480000161 ], [ 71.04192120000009, 22.766854950000102 ], [ 71.0360989200001, 22.770863820000152 ], [ 71.039102760000134, 22.790208600000071 ], [ 71.028677520000045, 22.799645010000134 ], [ 70.988455440000152, 22.788295650000155 ], [ 70.975120320000102, 22.838267430000101 ], [ 70.981217280000166, 22.850739180000133 ], [ 71.002732680000094, 22.854347280000152 ], [ 71.01397044000008, 22.872236760000185 ], [ 71.015477760000095, 22.894139430000092 ], [ 70.998512400000138, 22.913617770000137 ], [ 70.998864480000137, 22.968551790000145 ], [ 70.962888960000143, 22.991970330000154 ], [ 70.950667320000122, 23.034339360000143 ], [ 70.9665210000001, 23.02797888000012 ], [ 71.002707840000085, 23.104837980000113 ], [ 71.029872720000171, 23.108552730000163 ], [ 71.044549200000105, 23.086264050000114 ], [ 71.067796560000076, 23.097199230000108 ], [ 71.064389160000147, 23.11083234000013 ], [ 71.056915920000151, 23.107859190000156 ], [ 71.049984480000134, 23.119676190000103 ], [ 71.041323420500149, 23.172413805000101 ], [ 71.092331999000123, 23.198306624000196 ], [ 71.112773520000104, 23.22625112900014 ], [ 71.128557000000143, 23.212225080000113 ], [ 71.154223920000121, 23.20667136000014 ], [ 71.166659760000101, 23.182081380000106 ], [ 71.178024600000128, 23.193240390000145 ], [ 71.208096120000107, 23.186388780000165 ], [ 71.225240040000088, 23.163794100000199 ], [ 71.211021120000098, 23.142105810000089 ], [ 71.222991832000147, 23.150463923000196 ], [ 71.236288080000094, 23.145468389000133 ], [ 71.24033268000008, 23.159383116000186 ], [ 71.247724050000144, 23.152955935500106 ], [ 71.262468720000115, 23.159558160000191 ], [ 71.283809880000106, 23.15416176000009 ], [ 71.278886160000127, 23.172979140000159 ], [ 71.284860360000067, 23.167941209000141 ], [ 71.297335512000117, 23.183640407000137 ], [ 71.306891280000102, 23.169150539000103 ], [ 71.314044480000078, 23.189171850000132 ], [ 71.328314521000138, 23.164119989000074 ], [ 71.347364280000164, 23.177364480000094 ], [ 71.355933000000107, 23.174910450000084 ], [ 71.359459560000133, 23.162326650000107 ], [ 71.382464640000123, 23.156105669000169 ], [ 71.382395520000088, 23.148303030000104 ], [ 71.390772720000086, 23.15498057900016 ], [ 71.442837360000084, 23.141580931000181 ], [ 71.503402680000178, 23.153516729000099 ], [ 71.506659961000125, 23.159932469000164 ], [ 71.529127920000093, 23.156445060000184 ], [ 71.540178480000122, 23.142139649000136 ], [ 71.557033008000147, 23.143678519000186 ], [ 71.563280760000083, 23.134085820000159 ], [ 71.583570164000093, 23.134138498666832 ], [ 71.59053564000007, 23.144774489000095 ], [ 71.595208081000138, 23.137696620000135 ], [ 71.611855200000136, 23.14420348500019 ], [ 71.612389800000145, 23.175538200000155 ], [ 71.627777280000103, 23.186144699000131 ], [ 71.6923465200001, 23.155354980000141 ], [ 71.69552964350018, 23.181627104500134 ], [ 71.678295360000135, 23.194327320000195 ], [ 71.628416640000154, 23.190200640000167 ], [ 71.593511400000082, 23.211644310000111 ], [ 71.583540840000154, 23.251764330000178 ], [ 71.594624880000111, 23.264792279000133 ], [ 71.59716432000009, 23.283406529000093 ], [ 71.634665160000154, 23.307814260000146 ], [ 71.638975440000181, 23.319092340000179 ], [ 71.601498360000122, 23.331247470000125 ], [ 71.599263120000103, 23.348158920000149 ], [ 71.612832600000104, 23.372883540000132 ], [ 71.571748320000097, 23.387454269000106 ], [ 71.557555320000105, 23.376663899000103 ], [ 71.540007480000099, 23.381573760000094 ], [ 71.54684208000009, 23.442122250000129 ], [ 71.532798120000095, 23.459028479000164 ], [ 71.518547160000111, 23.46209766000009 ], [ 71.517103920000153, 23.473774709000093 ], [ 71.553975840000149, 23.496696989000164 ], [ 71.571858120000115, 23.492801879000112 ], [ 71.584481880000112, 23.503200840000147 ], [ 71.657114760000113, 23.487811560000125 ], [ 71.69985324000011, 23.486683770000159 ], [ 71.717807520000093, 23.494261230000156 ], [ 71.724211560000157, 23.475021570000141 ], [ 71.756715600000149, 23.471185680000193 ], [ 71.767346040000163, 23.459746050000117 ], [ 71.748365760000112, 23.418044550000115 ], [ 71.753196960000167, 23.404945680000065 ], [ 71.783248320000084, 23.394623760000098 ], [ 71.829761400000109, 23.421782340000117 ], [ 71.853358680000085, 23.472725130000114 ], [ 71.904176280000115, 23.495548860000113 ], [ 71.939527200000114, 23.502283559000102 ], [ 71.943393960000122, 23.519912670000174 ], [ 71.970671520000124, 23.528111850000187 ], [ 71.981844480000163, 23.521102560000127 ], [ 71.983114920000119, 23.507504730000093 ], [ 71.997375240000082, 23.5022513400001 ] ] ] ] } },
{ "type": "Feature", "properties": { "district_name": "Rajkot", "imd_district": "RAJKOT", "cum_actual_mm": 356.5, "cum_normal_mm": 561.1, "cum_dep_pct": -36, "cum_cat": "D", "deficient": true, "within_pc11_mixed": true, "seceded_children": [ { "name": "Morbi", "dep_pct": -2, "cat": "N" } ], "mean_index": 0.51025553071800422, "mean_rainfed": 0.63879678424202091, "n_villages": 841 }, "geometry": { "type": "MultiPolygon", "coordinates": [ [ [ [ 70.424255160000087, 22.371469200000206 ], [ 70.460771400000226, 22.353139170000247 ], [ 70.457666040000163, 22.332298500000206 ], [ 70.443991440000048, 22.333992570000191 ], [ 70.432060320000176, 22.360637610000197 ], [ 70.408659600000078, 22.367300850000106 ], [ 70.405818480000164, 22.394249550000154 ], [ 70.440104160000146, 22.40489169000017 ], [ 70.447196520000034, 22.40008362000026 ], [ 70.449718680000217, 22.392659610000237 ], [ 70.424255160000087, 22.371469200000206 ] ] ], [ [ [ 71.016854760000285, 23.180780520000155 ], [ 71.041323420500191, 23.172413805000019 ], [ 71.049984480000205, 23.119676190000234 ], [ 71.056915920000279, 23.10785919000017 ], [ 71.064389160000076, 23.110832340000172 ], [ 71.068066560000261, 23.097755340000163 ], [ 71.044549200000233, 23.086264050000239 ], [ 71.029872720000242, 23.108552730000213 ], [ 71.002707840000198, 23.104837980000127 ], [ 70.966521000000171, 23.027978880000148 ], [ 70.950667320000093, 23.034339360000274 ], [ 70.962888960000214, 22.991970330000072 ], [ 70.998864480000179, 22.968551790000276 ], [ 70.998512400000152, 22.913617770000144 ], [ 71.015477760000067, 22.894139430000223 ], [ 71.01260928000022, 22.869554760000142 ], [ 71.002296720000118, 22.853999970000302 ], [ 70.98089796000005, 22.850508330000252 ], [ 70.974736920000112, 22.827691890000153 ], [ 70.989241320000133, 22.787532900000201 ], [ 71.028677520000087, 22.799645010000177 ], [ 71.039102760000105, 22.790208600000085 ], [ 71.036098920000029, 22.770863820000159 ], [ 71.041921200000218, 22.766854950000152 ], [ 71.074810800000137, 22.769673480000279 ], [ 71.11906128000021, 22.754466270000023 ], [ 71.144489880000265, 22.708705230000248 ], [ 71.158929120000153, 22.700204370000108 ], [ 71.156337840000162, 22.677777 ], [ 71.122533120000242, 22.649595840000188 ], [ 71.121987360000162, 22.63200057000023 ], [ 71.104259520000085, 22.639240620000294 ], [ 71.095879800000262, 22.627935360000151 ], [ 71.08880940000023, 22.616463600000259 ], [ 71.092065600000126, 22.60083123000021 ], [ 71.083482840000215, 22.601625570000181 ], [ 71.08428312000018, 22.585543200000188 ], [ 71.091666000000146, 22.580252820000169 ], [ 71.085073680000221, 22.560649560000172 ], [ 71.065959840000176, 22.553336430000286 ], [ 71.062417440000218, 22.53970395000016 ], [ 71.051776920000179, 22.534094700000196 ], [ 71.088953040000206, 22.509106920000193 ], [ 71.106538320000197, 22.544295120000243 ], [ 71.124547680000092, 22.542666660000123 ], [ 71.15641488000017, 22.493404530000191 ], [ 71.147335320000309, 22.477499370000146 ], [ 71.121903480000185, 22.478581350000297 ], [ 71.12194344000028, 22.459803390000218 ], [ 71.108147520000102, 22.450250880000112 ], [ 71.11658016000024, 22.43753028000009 ], [ 71.091902520000133, 22.432867290000104 ], [ 71.08594668000012, 22.401038070000197 ], [ 71.067726720000223, 22.405518900000175 ], [ 71.06282748000018, 22.423779090000266 ], [ 71.049003840000069, 22.436684010000249 ], [ 71.028131400000177, 22.44015783000026 ], [ 70.972570800000142, 22.413877200000229 ], [ 70.984850040000197, 22.403422440000099 ], [ 71.003757600000199, 22.412849130000268 ], [ 71.032274280000138, 22.39080156000017 ], [ 71.010498240000175, 22.381295130000183 ], [ 71.004463200000146, 22.359343950000266 ], [ 71.010871200000281, 22.338256770000214 ], [ 71.056382760000247, 22.312953180000022 ], [ 71.050064760000055, 22.286059290000253 ], [ 71.075760120000155, 22.262128290000305 ], [ 71.108875800000135, 22.260167010000202 ], [ 71.101964520000138, 22.251291300000162 ], [ 71.113564800000177, 22.227409350000187 ], [ 71.138199240000233, 22.195982520000143 ], [ 71.157621600000198, 22.19011740000019 ], [ 71.15562288000018, 22.170333690000177 ], [ 71.122533480000243, 22.152842730000145 ], [ 71.114272920000303, 22.137072210000213 ], [ 71.121039120000034, 22.128164640000193 ], [ 71.140366080000092, 22.127180130000283 ], [ 71.143222320000177, 22.134829230000264 ], [ 71.174203920000139, 22.147442460000264 ], [ 71.172534240000175, 22.16108826000027 ], [ 71.192084760000057, 22.167288450000285 ], [ 71.189180640000131, 22.178014920000123 ], [ 71.212543560000142, 22.189182120000225 ], [ 71.230200120000177, 22.166390790000264 ], [ 71.248738320000143, 22.172311080000156 ], [ 71.270362440000213, 22.16245752000026 ], [ 71.289143280000189, 22.164667200000281 ], [ 71.30011356000017, 22.188494070000161 ], [ 71.279503560000194, 22.221024570000168 ], [ 71.215760520000231, 22.223018430000138 ], [ 71.210726280000245, 22.246871040000201 ], [ 71.230867920000208, 22.257718380000085 ], [ 71.233768080000175, 22.279406490000099 ], [ 71.282766600000173, 22.272369120000292 ], [ 71.286708240000166, 22.257841860000212 ], [ 71.30165184000009, 22.254823170000179 ], [ 71.307087480000064, 22.28275503000026 ], [ 71.324350200000197, 22.279221720000294 ], [ 71.344300680000288, 22.262582970000267 ], [ 71.358938640000133, 22.271226750000096 ], [ 71.369146800000294, 22.295474100000149 ], [ 71.367314400000225, 22.283882460000257 ], [ 71.376007680000043, 22.27574745000021 ], [ 71.390067480000198, 22.279378590000306 ], [ 71.392358160000185, 22.226581170000031 ], [ 71.426326320000044, 22.236631020000232 ], [ 71.43544584000017, 22.262156190000098 ], [ 71.445075480000241, 22.25428074000024 ], [ 71.455789800000161, 22.256542260000117 ], [ 71.455258800000252, 22.230886410000096 ], [ 71.430212520000225, 22.220537580000212 ], [ 71.429304960000252, 22.208052960000202 ], [ 71.443996560000301, 22.21092216000028 ], [ 71.481831480000096, 22.187530080000158 ], [ 71.472561480000138, 22.142795670000169 ], [ 71.491064040000197, 22.137519240000245 ], [ 71.503850880000186, 22.117966380000155 ], [ 71.496257400000218, 22.107626370000105 ], [ 71.498259720000306, 22.079836890000138 ], [ 71.492354640000201, 22.07801961000024 ], [ 71.509055400000193, 22.061269710000261 ], [ 71.486430840000196, 22.059341910000057 ], [ 71.487342360000298, 22.050473490000286 ], [ 71.458802280000157, 22.038578820000225 ], [ 71.461152000000254, 22.003953480000234 ], [ 71.4393334800003, 22.003236450000202 ], [ 71.390250720000097, 21.98131380000018 ], [ 71.379676080000195, 21.987130500000035 ], [ 71.342324280000184, 21.981561750000253 ], [ 71.332359120000092, 22.027665780000177 ], [ 71.30345256000021, 22.042240020000293 ], [ 71.278128000000208, 22.018785840000191 ], [ 71.295225840000057, 21.971890620000124 ], [ 71.286012, 21.968250570000237 ], [ 71.28873252000011, 21.960419940000179 ], [ 71.277406920000089, 21.95813628000019 ], [ 71.254537920000075, 21.95779221000015 ], [ 71.250918120000222, 22.010750280000195 ], [ 71.227289160000055, 22.00481622000018 ], [ 71.188647840000101, 22.01014089000023 ], [ 71.198271360000035, 21.998967840000148 ], [ 71.198218440000062, 21.968096760000094 ], [ 71.175796200000264, 21.957039720000239 ], [ 71.162517600000058, 21.96137313000014 ], [ 71.144925840000269, 21.94420536000024 ], [ 71.128575000000239, 21.94728066000016 ], [ 71.114099400000157, 21.918982770000184 ], [ 71.068753080000192, 21.915166410000268 ], [ 71.057568600000081, 21.90680640000005 ], [ 71.061263640000107, 21.8871478800001 ], [ 71.029585080000061, 21.875808330000154 ], [ 71.051278320000108, 21.847913370000128 ], [ 71.097677640000143, 21.868250130000263 ], [ 71.10006012000008, 21.847154850000265 ], [ 71.074683000000221, 21.818281230000082 ], [ 71.041220280000118, 21.821582610000235 ], [ 71.033375160000105, 21.80416941000027 ], [ 71.043527520000055, 21.787819020000086 ], [ 71.033562000000302, 21.766257720000283 ], [ 71.038225080000302, 21.752155620000167 ], [ 71.01373572000017, 21.732415650000064 ], [ 70.972918920000154, 21.723879780000289 ], [ 70.959780000000194, 21.747928050000155 ], [ 70.948814040000229, 21.74206869000011 ], [ 70.928027280000151, 21.745951380000236 ], [ 70.917760080000107, 21.763053270000171 ], [ 70.899906600000122, 21.769134300000076 ], [ 70.891205040000102, 21.763813320000168 ], [ 70.887476160000119, 21.737101230000178 ], [ 70.877831760000277, 21.732024600000216 ], [ 70.871492880000176, 21.74011731000013 ], [ 70.81584588000004, 21.742852140000139 ], [ 70.818468120000148, 21.730868640000153 ], [ 70.797729960000197, 21.739570020000144 ], [ 70.778284200000087, 21.730478940000239 ], [ 70.783949160000248, 21.719136420000211 ], [ 70.766331120000189, 21.709528020000107 ], [ 70.775143920000176, 21.69997992000026 ], [ 70.793726760000254, 21.713322600000197 ], [ 70.806841560000066, 21.711774870000227 ], [ 70.79421708000018, 21.697547400000246 ], [ 70.793064360000187, 21.667897710000148 ], [ 70.778682360000175, 21.662585190000243 ], [ 70.758337680000125, 21.676848300000188 ], [ 70.748507880000204, 21.673367910000138 ], [ 70.738888320000115, 21.66448878000017 ], [ 70.740747720000286, 21.645121230000143 ], [ 70.723355400000059, 21.633353550000095 ], [ 70.71954264000027, 21.608969940000179 ], [ 70.697806200000173, 21.602228130000128 ], [ 70.682473440000194, 21.61922616000021 ], [ 70.681524480000235, 21.633287310000128 ], [ 70.653148200000146, 21.64850172000024 ], [ 70.637478840000028, 21.65208390000015 ], [ 70.630207200000029, 21.634866540000246 ], [ 70.604026200000249, 21.621520260000125 ], [ 70.575180480000085, 21.63451869000022 ], [ 70.563460320000104, 21.633424560000151 ], [ 70.555944240000088, 21.622296420000225 ], [ 70.539405480000198, 21.647859390000235 ], [ 70.547685840000156, 21.650669010000172 ], [ 70.546935240000209, 21.674821320000149 ], [ 70.501114800000153, 21.669997410000178 ], [ 70.489884600000153, 21.654105930000128 ], [ 70.472285640000109, 21.659648670000081 ], [ 70.452987840000162, 21.653243190000182 ], [ 70.447740120000276, 21.674898810000172 ], [ 70.43842152000019, 21.676394520000088 ], [ 70.433504280000307, 21.661724610000249 ], [ 70.388547840000115, 21.652112160000229 ], [ 70.382549520000282, 21.640872960000195 ], [ 70.365986280000129, 21.641172300000278 ], [ 70.365278160000116, 21.602804220000223 ], [ 70.301951640000198, 21.591806850000296 ], [ 70.291168920000302, 21.572090820000028 ], [ 70.293435480000255, 21.550025970000149 ], [ 70.258920480000143, 21.530405430000144 ], [ 70.246584720000158, 21.568751730000145 ], [ 70.270884360000252, 21.577831470000206 ], [ 70.265924640000208, 21.614733090000243 ], [ 70.244849520000116, 21.615263460000278 ], [ 70.230396960000178, 21.639568410000265 ], [ 70.159683960000109, 21.612072780000233 ], [ 70.139056680000124, 21.612594510000235 ], [ 70.128246240000237, 21.641661540000257 ], [ 70.152072480000243, 21.65197392000016 ], [ 70.145071560000247, 21.687824340000248 ], [ 70.119340920000241, 21.708316980000291 ], [ 70.091344800000229, 21.705023790000098 ], [ 70.086445200000185, 21.7365486300003 ], [ 70.073875440000222, 21.739560120000249 ], [ 70.055380800000307, 21.775725450000095 ], [ 70.034060160000138, 21.795360570000241 ], [ 70.097095080000088, 21.803436540000178 ], [ 70.084620000000143, 21.820105440000191 ], [ 70.101189360000149, 21.824282070000095 ], [ 70.105489560000137, 21.818757690000268 ], [ 70.113544200000092, 21.825556380000194 ], [ 70.093990800000142, 21.83473674000021 ], [ 70.099039800000241, 21.849812910000082 ], [ 70.132300560000147, 21.865668210000138 ], [ 70.126433640000187, 21.877740630000176 ], [ 70.144575480000242, 21.892231080000272 ], [ 70.148473920000242, 21.941085330000192 ], [ 70.170358320000105, 21.936212280000234 ], [ 70.183254600000282, 21.894572610000182 ], [ 70.199768520000077, 21.893551470000261 ], [ 70.221418200000301, 21.906057690000296 ], [ 70.223297760000207, 21.932770680000203 ], [ 70.208518680000225, 21.963346380000189 ], [ 70.251280200000167, 21.962630520000289 ], [ 70.270480800000257, 22.002769260000093 ], [ 70.282998360000192, 21.999997170000256 ], [ 70.292459880000195, 22.007536470000218 ], [ 70.304577840000093, 21.99480777000025 ], [ 70.297853040000177, 22.014145080000219 ], [ 70.327890360000197, 22.01583222000022 ], [ 70.33151340000029, 22.05073386000015 ], [ 70.379026200000055, 22.047802020000233 ], [ 70.405387920000237, 22.033803600000169 ], [ 70.417190520000133, 22.037387310000213 ], [ 70.417643760000203, 22.029889230000151 ], [ 70.453087560000029, 22.036814010000228 ], [ 70.461777960000177, 22.056207210000252 ], [ 70.494607440000095, 22.056793290000257 ], [ 70.534350720000077, 22.041493470000148 ], [ 70.522874640000055, 22.0194291600003 ], [ 70.499636640000062, 22.020104340000216 ], [ 70.50514140000007, 21.998648700000217 ], [ 70.556965920000266, 22.013831880000282 ], [ 70.573702680000224, 22.035553920000211 ], [ 70.551757080000243, 22.04747118000023 ], [ 70.549395480000214, 22.061123550000218 ], [ 70.563779280000176, 22.072931280000205 ], [ 70.555181040000207, 22.090004820000161 ], [ 70.562694600000157, 22.098214080000275 ], [ 70.58456064000012, 22.099417650000191 ], [ 70.589232, 22.107605490000196 ], [ 70.589327040000171, 22.116631410000196 ], [ 70.56509976000018, 22.128104700000222 ], [ 70.562731320000182, 22.145386050000297 ], [ 70.568021160000171, 22.159997010000211 ], [ 70.586798400000191, 22.167284760000143 ], [ 70.579022760000214, 22.184808120000184 ], [ 70.61225112000028, 22.190214960000048 ], [ 70.586091360000296, 22.207728060000136 ], [ 70.576099200000272, 22.240542420000224 ], [ 70.546912200000293, 22.230792810000196 ], [ 70.533953640000107, 22.250803050000286 ], [ 70.516899720000197, 22.246252290000143 ], [ 70.502141880000181, 22.286189430000206 ], [ 70.470388440000136, 22.313249190000192 ], [ 70.468126920000259, 22.326455970000097 ], [ 70.498691280000173, 22.325344380000161 ], [ 70.5274560000002, 22.34374038000027 ], [ 70.515884520000213, 22.363408080000283 ], [ 70.497461520000172, 22.369658940000193 ], [ 70.485424920000128, 22.363383420000162 ], [ 70.493069520000233, 22.403693430000146 ], [ 70.508915280000167, 22.414885650000201 ], [ 70.506807840000249, 22.425990390000266 ], [ 70.458521400000222, 22.417508610000141 ], [ 70.445004840000252, 22.431782880000299 ], [ 70.46110224000023, 22.438335150000285 ], [ 70.457751720000147, 22.445687610000221 ], [ 70.468871400000182, 22.469252040000185 ], [ 70.489633320000166, 22.449737430000084 ], [ 70.501017240000238, 22.454223300000194 ], [ 70.504561080000144, 22.471488450000152 ], [ 70.495779600000105, 22.476448890000256 ], [ 70.502197320000164, 22.490171370000212 ], [ 70.520483880000086, 22.463274420000175 ], [ 70.527330000000234, 22.468003110000268 ], [ 70.535578680000071, 22.458795840000164 ], [ 70.554392640000174, 22.464435060000255 ], [ 70.544758680000257, 22.480765290000136 ], [ 70.58805156000011, 22.490273070000285 ], [ 70.575967080000169, 22.512496680000197 ], [ 70.536590640000156, 22.495841460000236 ], [ 70.529173200000173, 22.515464160000192 ], [ 70.54327512000026, 22.533672960000274 ], [ 70.566062760000136, 22.533129540000289 ], [ 70.573321080000255, 22.52128662000024 ], [ 70.60146372000014, 22.531639590000282 ], [ 70.577078400000119, 22.553959770000176 ], [ 70.55932284000022, 22.544464230000187 ], [ 70.551008640000305, 22.566671190000136 ], [ 70.573863600000209, 22.613746410000147 ], [ 70.571902680000164, 22.634013870000217 ], [ 70.605459720000226, 22.641328170000179 ], [ 70.613121240000169, 22.65054138000005 ], [ 70.610301360000051, 22.693274910000184 ], [ 70.643623320000074, 22.70432889000017 ], [ 70.637286240000094, 22.726042110000094 ], [ 70.620573600000171, 22.733005950000233 ], [ 70.614352440000232, 22.764043890000266 ], [ 70.622501040000145, 22.778990100000215 ], [ 70.647026760000131, 22.786241940000139 ], [ 70.651226160000306, 22.804217010000286 ], [ 70.643510640000159, 22.824360720000186 ], [ 70.663529880000283, 22.833505260000265 ], [ 70.646645160000162, 22.864026060000299 ], [ 70.623507960000154, 22.882232070000157 ], [ 70.606274760000133, 22.882133610000153 ], [ 70.60550292000022, 22.893003450000208 ], [ 70.581625200000246, 22.918632120000268 ], [ 70.568709120000221, 22.918096530000184 ], [ 70.553973240000062, 22.932658350000111 ], [ 70.547417280000161, 22.925732580000158 ], [ 70.515983880000078, 22.939533270000197 ], [ 70.482498840000289, 22.940238420000242 ], [ 70.443711000000121, 22.974509070000238 ], [ 70.472276640000246, 22.974388110000177 ], [ 70.484086440000226, 22.981926150000163 ], [ 70.517179800000122, 22.965492690000303 ], [ 70.545576239000127, 22.966913070000203 ], [ 70.568626320000305, 23.036448330000155 ], [ 70.57809828000029, 23.043226140000115 ], [ 70.607886840000333, 23.039963190000321 ], [ 70.604194320000147, 23.067552960000171 ], [ 70.635080520000201, 23.069081970000184 ], [ 70.646196240000108, 23.088216960000182 ], [ 70.700599256000146, 23.12627774400022 ], [ 70.756779960000188, 23.152288770000155 ], [ 70.772211360000142, 23.151980069000274 ], [ 70.767397801000243, 23.167898460000288 ], [ 70.77338820000017, 23.174532990000159 ], [ 70.781712840000296, 23.175817290000168 ], [ 70.788188880000178, 23.165851589000283 ], [ 70.799270400000296, 23.173082190000173 ], [ 70.794899280000095, 23.157966869000177 ], [ 70.824766320000037, 23.17067036900022 ], [ 70.822660320000239, 23.143045319000123 ], [ 70.841268721000063, 23.13457389000024 ], [ 70.829329680000171, 23.115558599000167 ], [ 70.835779080000179, 23.110034939000172 ], [ 70.828020000000151, 23.09898663000024 ], [ 70.834105260000229, 23.084354698500192 ], [ 70.837652880000121, 23.099298389000182 ], [ 70.843862881000121, 23.09760171000022 ], [ 70.841758680000225, 23.116886550000174 ], [ 70.848266760000115, 23.113806210000178 ], [ 70.864750080000249, 23.137027739000132 ], [ 70.83474552000007, 23.155385129000251 ], [ 70.83579960100019, 23.163679619000163 ], [ 70.880942161000121, 23.143146929000181 ], [ 70.883278561000168, 23.12708382000028 ], [ 70.887440160000153, 23.141133090000267 ], [ 70.911068040000089, 23.140249830000187 ], [ 70.906577400000174, 23.149378259000287 ], [ 70.896059280000145, 23.148112859000207 ], [ 70.900579440000172, 23.168682359000229 ], [ 70.944879600000093, 23.168300670000178 ], [ 70.950907440000208, 23.156383680000204 ], [ 70.936205400000063, 23.143366169000217 ], [ 70.951417561000085, 23.145952139000144 ], [ 70.956066601000146, 23.137096859000167 ], [ 70.975119600000141, 23.144664780000085 ], [ 70.959393360000149, 23.150206619000244 ], [ 70.965716040000132, 23.151677129000234 ], [ 70.958446560000141, 23.157586890000289 ], [ 70.960019040000248, 23.177293110000278 ], [ 70.970855773000267, 23.180598090500212 ], [ 70.970261021000226, 23.160988100500163 ], [ 70.986570840000127, 23.165956619000269 ], [ 70.990263360000142, 23.177884859000301 ], [ 71.016854760000285, 23.180780520000155 ] ], [ [ 70.519506480000246, 22.461512490000189 ], [ 70.511715720000268, 22.458252330000107 ], [ 70.529430960000184, 22.437922050000168 ], [ 70.538300280000215, 22.440602430000297 ], [ 70.519506480000246, 22.461512490000189 ] ], [ [ 70.51517028000012, 22.38635709000016 ], [ 70.531035840000072, 22.389823800000272 ], [ 70.539449400000251, 22.402192680000155 ], [ 70.535189880000246, 22.419316620000188 ], [ 70.526327040000069, 22.41927072000027 ], [ 70.507859400000029, 22.395043980000196 ], [ 70.51517028000012, 22.38635709000016 ] ], [ [ 70.779002400000195, 21.802403880000213 ], [ 70.764222240000151, 21.766577490000088 ], [ 70.770424320000075, 21.752720370000191 ], [ 70.792446600000062, 21.758984370000121 ], [ 70.805050920000212, 21.775546440000198 ], [ 70.788084480000236, 21.800574630000199 ], [ 70.779002400000195, 21.802403880000213 ] ], [ [ 71.328093120000233, 22.223362950000251 ], [ 71.34903576000022, 22.243209930000148 ], [ 71.331209280000166, 22.263298290000137 ], [ 71.309540160000097, 22.254820830000142 ], [ 71.300106720000144, 22.239360000000261 ], [ 71.307851040000173, 22.221053820000293 ], [ 71.328093120000233, 22.223362950000251 ] ] ] ] } },
{ "type": "Feature", "properties": { "district_name": "Jamnagar", "imd_district": "JAMNAGAR", "cum_actual_mm": 225.8, "cum_normal_mm": 572.5, "cum_dep_pct": -61, "cum_cat": "LD", "deficient": true, "within_pc11_mixed": true, "seceded_children": [ { "name": "Devbhoomi Dwarka", "dep_pct": -88, "cat": "LD" }, { "name": "Morbi", "dep_pct": -2, "cat": "N" } ], "mean_index": 0.57459292668243189, "mean_rainfed": 0.59427317401382529, "n_villages": 699 }, "geometry": { "type": "MultiPolygon", "coordinates": [ [ [ [ 69.657454800000153, 22.339785240000026 ], [ 69.654344760000242, 22.340471580000155 ], [ 69.657598080000298, 22.340993040000171 ], [ 69.657454800000153, 22.339785240000026 ] ] ], [ [ [ 69.662727360000133, 22.341373290000149 ], [ 69.662714761000245, 22.337777610000217 ], [ 69.659469721000164, 22.338235080000231 ], [ 69.662727360000133, 22.341373290000149 ] ] ], [ [ [ 69.658974720000174, 22.345101990000103 ], [ 69.656359321000195, 22.345624800000223 ], [ 69.658064281000236, 22.346563770000273 ], [ 69.658974720000174, 22.345101990000103 ] ] ], [ [ [ 69.599144880000154, 22.346213490000252 ], [ 69.601056841000172, 22.336025490000168 ], [ 69.582675241000175, 22.321302660000242 ], [ 69.605434080000236, 22.339097730000162 ], [ 69.607960168000204, 22.330735189000222 ], [ 69.59545318000005, 22.321681087000172 ], [ 69.586667281000075, 22.30929099000025 ], [ 69.58167480100019, 22.318941240000242 ], [ 69.581707921000088, 22.307274991000156 ], [ 69.576963120000187, 22.328315640000142 ], [ 69.599144880000154, 22.346213490000252 ] ] ], [ [ [ 69.616321978000144, 22.338528068000301 ], [ 69.611400000000231, 22.346475930000111 ], [ 69.61129416000017, 22.349242890000255 ], [ 69.616607401000238, 22.345724970000163 ], [ 69.616321978000144, 22.338528068000301 ] ] ], [ [ [ 69.603975360000163, 22.348698660000196 ], [ 69.600147840000204, 22.348022940000249 ], [ 69.603764761000036, 22.351613041000178 ], [ 69.603975360000163, 22.348698660000196 ] ] ], [ [ [ 69.600729240000192, 22.350227760000223 ], [ 69.596675641000218, 22.349775330000284 ], [ 69.600982680000186, 22.355200800000091 ], [ 69.600729240000192, 22.350227760000223 ] ] ], [ [ [ 69.454996201000142, 22.356851940000297 ], [ 69.452895600000147, 22.35009636000018 ], [ 69.436012320000145, 22.353588270000273 ], [ 69.440487481000162, 22.357159560000184 ], [ 69.454996201000142, 22.356851940000297 ] ] ], [ [ [ 69.334494121000091, 22.387399020000203 ], [ 69.330807721000269, 22.373941500000115 ], [ 69.32277504100017, 22.382639280000205 ], [ 69.334494121000091, 22.387399020000203 ] ] ], [ [ [ 69.501214801000174, 22.393314810000277 ], [ 69.502867920000256, 22.38036102000018 ], [ 69.482822400000259, 22.380431940000165 ], [ 69.484579920000215, 22.389814980000267 ], [ 69.489979920000224, 22.383635130000187 ], [ 69.501214801000174, 22.393314810000277 ] ] ], [ [ [ 70.517684160000272, 22.385910060000299 ], [ 70.507445040000221, 22.394152080000083 ], [ 70.533405360000245, 22.420259730000225 ], [ 70.539585480000142, 22.402464030000203 ], [ 70.517684160000272, 22.385910060000299 ] ] ], [ [ [ 69.646323961000178, 22.439859030000036 ], [ 69.635531880000087, 22.439530800000057 ], [ 69.643402920000142, 22.435724970000138 ], [ 69.635693160000301, 22.433408910000139 ], [ 69.656084640000131, 22.4273412900003 ], [ 69.643419480000262, 22.416816060000201 ], [ 69.635696400000199, 22.420212120000201 ], [ 69.640880760000186, 22.414525470000228 ], [ 69.634721881000132, 22.407555510000122 ], [ 69.598379161000139, 22.423092390000136 ], [ 69.589266120000275, 22.437508320000234 ], [ 69.627868921000129, 22.459596301000204 ], [ 69.646323961000178, 22.439859030000036 ] ] ], [ [ [ 69.756985080000163, 22.440931380000166 ], [ 69.750446760000045, 22.43825199000014 ], [ 69.742764360000194, 22.44815208000017 ], [ 69.755891040000222, 22.45968522000021 ], [ 69.756985080000163, 22.440931380000166 ] ] ], [ [ [ 70.531608600000254, 22.438017270000273 ], [ 70.514151840000238, 22.454944020000141 ], [ 70.511476680000214, 22.460652360000267 ], [ 70.532475120000186, 22.45070115000027 ], [ 70.538339160000078, 22.441029120000223 ], [ 70.531608600000254, 22.438017270000273 ] ] ], [ [ [ 69.138060840000207, 22.477703850000182 ], [ 69.151007160000233, 22.470008400000268 ], [ 69.144557040000166, 22.452039720000187 ], [ 69.142254120000246, 22.464375300000142 ], [ 69.116195160000075, 22.467678930000261 ], [ 69.107017320000239, 22.460827500000221 ], [ 69.108359040000039, 22.438546470000176 ], [ 69.083798760000263, 22.424389110000277 ], [ 69.096935160000214, 22.442247720000182 ], [ 69.093241920000196, 22.462579440000184 ], [ 69.138060840000207, 22.477703850000182 ] ] ], [ [ [ 69.946989839000196, 22.517578169000046 ], [ 69.944207039000162, 22.516114499000082 ], [ 69.944541480000225, 22.519654920000221 ], [ 69.946989839000196, 22.517578169000046 ] ] ], [ [ [ 69.942530160000217, 22.52343105000017 ], [ 69.932443319000072, 22.520296439000276 ], [ 69.936827399000094, 22.530980339000166 ], [ 69.942530160000217, 22.52343105000017 ] ] ], [ [ [ 69.963251040000159, 22.540899329000183 ], [ 69.957429480000201, 22.540674689000241 ], [ 69.962544359000049, 22.542804180000132 ], [ 69.963251040000159, 22.540899329000183 ] ] ], [ [ [ 69.93235367900013, 22.541263289000085 ], [ 69.922304999000062, 22.539608819000193 ], [ 69.933227400000192, 22.535533799000177 ], [ 69.928361639000229, 22.529707829000188 ], [ 69.934967639000035, 22.532613659000106 ], [ 69.933564359000115, 22.523845320000191 ], [ 69.926393879000159, 22.528196100000287 ], [ 69.929913599000201, 22.518014939000125 ], [ 69.915544559000068, 22.511229209000192 ], [ 69.860728080000172, 22.526864099000136 ], [ 69.89954436000022, 22.52629998000026 ], [ 69.917962680000187, 22.550679900000205 ], [ 69.93235367900013, 22.541263289000085 ] ] ], [ [ [ 69.952419359000032, 22.551683399000183 ], [ 69.952950359000056, 22.537141380000207 ], [ 69.939884520000192, 22.537785689000145 ], [ 69.939795599000036, 22.548585960000139 ], [ 69.952419359000032, 22.551683399000183 ] ] ], [ [ [ 70.022390400000234, 22.551961410000217 ], [ 70.011589680000043, 22.55106275900016 ], [ 70.022791980000193, 22.55353820900018 ], [ 70.022390400000234, 22.551961410000217 ] ] ], [ [ [ 70.012178280000285, 22.553404829000158 ], [ 70.006842720000236, 22.55093360900014 ], [ 69.997256279000112, 22.550394510000217 ], [ 70.002788400000156, 22.553453969000145 ], [ 70.012178280000285, 22.553404829000158 ] ] ], [ [ [ 70.024483080000152, 22.555751129000157 ], [ 70.017889320000108, 22.558167179000236 ], [ 70.024817520000113, 22.557580200000245 ], [ 70.024483080000152, 22.555751129000157 ] ] ], [ [ [ 70.008929640000247, 22.592394900000272 ], [ 70.031162880000238, 22.57815096000013 ], [ 70.015062240000134, 22.559392710000282 ], [ 70.004779199000097, 22.555489499000146 ], [ 70.008525720000193, 22.569042419000141 ], [ 70.004898000000253, 22.572958139000093 ], [ 70.002368279000109, 22.556058480000274 ], [ 69.987999239000146, 22.548356550000165 ], [ 69.979883760000178, 22.548366630000146 ], [ 69.977629079000053, 22.55688900000024 ], [ 69.976815480000198, 22.548823019000167 ], [ 69.963319080000076, 22.546202040000253 ], [ 69.971168159000172, 22.556415150000305 ], [ 69.958590120000167, 22.551088769000216 ], [ 69.969032999000262, 22.578749010000251 ], [ 69.974093879000122, 22.573838970000054 ], [ 69.978544919000171, 22.582295369000121 ], [ 69.993549359000156, 22.584537090000254 ], [ 69.997368960000074, 22.579435620000027 ], [ 70.008929640000247, 22.592394900000272 ] ] ], [ [ [ 69.954025680000143, 22.60125324000029 ], [ 69.964511039000058, 22.604143680000163 ], [ 69.961447800000144, 22.598160929000301 ], [ 69.954025680000143, 22.60125324000029 ] ] ], [ [ [ 70.491560040000195, 22.937406750000264 ], [ 70.515983880000078, 22.939533270000197 ], [ 70.547417280000161, 22.925732580000158 ], [ 70.553973240000062, 22.932658350000111 ], [ 70.568709120000221, 22.918096530000184 ], [ 70.581625200000246, 22.918632120000268 ], [ 70.60550292000022, 22.893003450000208 ], [ 70.606274760000133, 22.882133610000153 ], [ 70.623507960000154, 22.882232070000157 ], [ 70.646645160000162, 22.864026060000299 ], [ 70.663637880000124, 22.832748090000166 ], [ 70.643510640000159, 22.824360720000186 ], [ 70.651226160000306, 22.804217010000286 ], [ 70.647026760000131, 22.786241940000139 ], [ 70.622501040000145, 22.778990100000215 ], [ 70.614352440000232, 22.764043890000266 ], [ 70.620573600000171, 22.733005950000233 ], [ 70.637286240000094, 22.726042110000094 ], [ 70.643623320000074, 22.70432889000017 ], [ 70.610301360000051, 22.693274910000184 ], [ 70.613121240000169, 22.65054138000005 ], [ 70.605459720000226, 22.641328170000179 ], [ 70.571902680000164, 22.634013870000217 ], [ 70.573863600000209, 22.613746410000147 ], [ 70.551008640000305, 22.566671190000136 ], [ 70.55932284000022, 22.544464230000187 ], [ 70.577078400000119, 22.553959770000176 ], [ 70.60146372000014, 22.531639590000282 ], [ 70.573321080000255, 22.52128662000024 ], [ 70.566062760000136, 22.533129540000289 ], [ 70.54327512000026, 22.533672960000274 ], [ 70.529173200000173, 22.515464160000192 ], [ 70.536590640000156, 22.495841460000236 ], [ 70.575967080000169, 22.512496680000197 ], [ 70.58805156000011, 22.490273070000285 ], [ 70.544758680000257, 22.480765290000136 ], [ 70.554392640000174, 22.464435060000255 ], [ 70.535578680000071, 22.458795840000164 ], [ 70.527330000000234, 22.468003110000268 ], [ 70.520483880000086, 22.463274420000175 ], [ 70.502197320000164, 22.490171370000212 ], [ 70.495779600000105, 22.476448890000256 ], [ 70.504561080000144, 22.471488450000152 ], [ 70.501017240000238, 22.454223300000194 ], [ 70.489633320000166, 22.449737430000084 ], [ 70.468871400000182, 22.469252040000185 ], [ 70.457751720000147, 22.445687610000221 ], [ 70.46110224000023, 22.438335150000285 ], [ 70.445004840000252, 22.431782880000299 ], [ 70.458521400000222, 22.417508610000141 ], [ 70.505322480000132, 22.427553420000265 ], [ 70.508915280000167, 22.414885650000201 ], [ 70.494850440000164, 22.408259580000106 ], [ 70.485424920000128, 22.363383420000162 ], [ 70.497461520000172, 22.369658940000193 ], [ 70.515884520000213, 22.363408080000283 ], [ 70.527751920000185, 22.346124840000186 ], [ 70.498691280000173, 22.325344380000161 ], [ 70.468126920000259, 22.326455970000097 ], [ 70.471861200000149, 22.310095680000245 ], [ 70.502141880000181, 22.286189430000206 ], [ 70.516899720000197, 22.246252290000143 ], [ 70.533953640000107, 22.250803050000286 ], [ 70.546912200000293, 22.230792810000196 ], [ 70.576099200000272, 22.240542420000224 ], [ 70.586091360000296, 22.207728060000136 ], [ 70.612245000000144, 22.191433830000221 ], [ 70.579022760000214, 22.184808120000184 ], [ 70.586798400000191, 22.167284760000143 ], [ 70.568021160000171, 22.159997010000211 ], [ 70.562731320000182, 22.145386050000297 ], [ 70.56552564000026, 22.127498100000139 ], [ 70.589424960000258, 22.11616701000014 ], [ 70.58456064000012, 22.099417650000191 ], [ 70.555631760000153, 22.091157270000281 ], [ 70.563604320000252, 22.072009680000178 ], [ 70.549395480000214, 22.061123550000218 ], [ 70.552330200000199, 22.04649666000023 ], [ 70.573500360000196, 22.036001580000118 ], [ 70.573024800000098, 22.027524570000253 ], [ 70.555384800000184, 22.012979220000034 ], [ 70.50514140000007, 21.998648700000217 ], [ 70.499636640000062, 22.020104340000216 ], [ 70.522874640000055, 22.0194291600003 ], [ 70.531767000000173, 22.045408470000268 ], [ 70.494607440000095, 22.056793290000257 ], [ 70.464319200000148, 22.056835590000162 ], [ 70.453087560000029, 22.036814010000228 ], [ 70.417643760000203, 22.029889230000151 ], [ 70.417190520000133, 22.037387310000213 ], [ 70.405387920000237, 22.033803600000169 ], [ 70.379026200000055, 22.047802020000233 ], [ 70.333224840000128, 22.051247310000178 ], [ 70.327890360000197, 22.01583222000022 ], [ 70.297853040000177, 22.014145080000219 ], [ 70.304577840000093, 21.99480777000025 ], [ 70.292459880000195, 22.007536470000218 ], [ 70.282998360000192, 21.999997170000256 ], [ 70.270480800000257, 22.002769260000093 ], [ 70.251280200000167, 21.962630520000289 ], [ 70.208518680000225, 21.963346380000189 ], [ 70.223577480000245, 21.931312410000146 ], [ 70.219167840000068, 21.904577100000154 ], [ 70.199768520000077, 21.893551470000261 ], [ 70.183254600000282, 21.894572610000182 ], [ 70.170358320000105, 21.936212280000234 ], [ 70.148473920000242, 21.941085330000192 ], [ 70.144575480000242, 21.892231080000272 ], [ 70.126433640000187, 21.877740630000176 ], [ 70.132300560000147, 21.865668210000138 ], [ 70.099039800000241, 21.849812910000082 ], [ 70.093990800000142, 21.83473674000021 ], [ 70.113544200000092, 21.825556380000194 ], [ 70.105489560000137, 21.818757690000268 ], [ 70.101189360000149, 21.824282070000095 ], [ 70.084620000000143, 21.820105440000191 ], [ 70.097095080000088, 21.803436540000178 ], [ 70.034060160000138, 21.795360570000241 ], [ 70.080888600000151, 21.734172360000116 ], [ 70.059832560000245, 21.704688270000247 ], [ 70.039346040000169, 21.70021104000017 ], [ 70.022383920000209, 21.713181840000289 ], [ 70.022449800000174, 21.745251090000181 ], [ 70.011529560000042, 21.754960110000241 ], [ 70.014277800000059, 21.805153290000305 ], [ 69.98990796000021, 21.806451720000268 ], [ 69.957025200000146, 21.789776970000275 ], [ 69.948524880000093, 21.792969540000286 ], [ 69.933138120000308, 21.778789770000174 ], [ 69.911443440000085, 21.781517850000284 ], [ 69.884463600000117, 21.768611310000153 ], [ 69.868021680000197, 21.782005740000159 ], [ 69.87037824000015, 21.740678010000181 ], [ 69.850369080000178, 21.732386310000152 ], [ 69.834323160000167, 21.743832510000232 ], [ 69.820991640000216, 21.74234958000028 ], [ 69.812446680000221, 21.758447880000176 ], [ 69.816858480000178, 21.824025930000232 ], [ 69.770318400000235, 21.830097510000257 ], [ 69.754347720000055, 21.817087560000289 ], [ 69.744561480000186, 21.835661850000236 ], [ 69.719114520000062, 21.805732620000299 ], [ 69.695700480000028, 21.797855280000249 ], [ 69.692583858000091, 21.824016857000288 ], [ 69.667167960000199, 21.815511750000269 ], [ 69.655730400000152, 21.840975180000214 ], [ 69.631731360000231, 21.830111910000198 ], [ 69.632563320000145, 21.805588260000036 ], [ 69.617122560000155, 21.80476377000025 ], [ 69.609968280000089, 21.86520741000021 ], [ 69.631765920000248, 21.868423740000026 ], [ 69.635983680000152, 21.876255270000172 ], [ 69.657076800000141, 21.871034640000232 ], [ 69.66864540000023, 21.886996050000164 ], [ 69.666222960000198, 21.901783410000121 ], [ 69.673575240000105, 21.904351470000165 ], [ 69.669993960000284, 21.926466990000165 ], [ 69.683893200000284, 21.927719070000023 ], [ 69.691947120000179, 21.913056000000267 ], [ 69.710817600000098, 21.926988630000153 ], [ 69.709596840000188, 21.934438470000202 ], [ 69.726620160000209, 21.937673430000132 ], [ 69.729836400000238, 21.954666240000165 ], [ 69.714065160000246, 21.976636320000239 ], [ 69.690110040000036, 21.978743490000113 ], [ 69.6860301600002, 21.960468990000152 ], [ 69.652160280000146, 21.956137200000171 ], [ 69.658265880000158, 21.925837080000292 ], [ 69.639563880000082, 21.919654350000144 ], [ 69.629412960000252, 21.920782230000214 ], [ 69.621250320000229, 21.941923590000272 ], [ 69.609567960000163, 21.948071670000218 ], [ 69.56981208000019, 21.946731120000152 ], [ 69.550886520000176, 21.937871070000142 ], [ 69.539717160000237, 21.925063980000289 ], [ 69.534788040000251, 21.894816780000156 ], [ 69.503511600000195, 21.904116030000239 ], [ 69.500187360000155, 21.895311240000183 ], [ 69.487826760000246, 21.895138800000154 ], [ 69.488357760000156, 21.854943540000249 ], [ 69.448432320000165, 21.85286283000022 ], [ 69.430264200000124, 21.878794620000178 ], [ 69.40092060000012, 21.892977900000233 ], [ 69.386023800000146, 21.876557670000182 ], [ 69.374430000000302, 21.83063562000018 ], [ 69.353619480000248, 21.838009410000097 ], [ 69.218605080000088, 21.957273900000246 ], [ 68.952123720000202, 22.248306720000301 ], [ 68.95746, 22.258890990000111 ], [ 68.935909320000292, 22.309783380000113 ], [ 68.942319840000266, 22.331387160000077 ], [ 68.956053480000264, 22.337528940000254 ], [ 68.957775720000086, 22.368133800000294 ], [ 68.976367560000256, 22.402011600000264 ], [ 68.996616187500308, 22.402638428000273 ], [ 68.979791160000218, 22.405813920000298 ], [ 69.005980800000145, 22.440108960000146 ], [ 69.06751128000019, 22.480667730000278 ], [ 69.083936280000273, 22.474559160000183 ], [ 69.073278120000225, 22.454100540000127 ], [ 69.043111920000172, 22.438454130000139 ], [ 69.045684840000092, 22.404064950000134 ], [ 69.034898880000128, 22.393929150000304 ], [ 69.045776280000041, 22.401293310000142 ], [ 69.078022560000193, 22.386781530000292 ], [ 69.09825168000026, 22.396833630000287 ], [ 69.102356040000245, 22.409603550000099 ], [ 69.130036080000195, 22.398111720000145 ], [ 69.168691440000089, 22.41190674000029 ], [ 69.176014560000056, 22.424075460000267 ], [ 69.192900000000236, 22.421666430000244 ], [ 69.199298640000166, 22.39275366000021 ], [ 69.177526560000103, 22.378780530000142 ], [ 69.181803360000117, 22.3712951400002 ], [ 69.171104160000198, 22.360196250000058 ], [ 69.175360080000075, 22.347734580000179 ], [ 69.166442520000146, 22.346822070000144 ], [ 69.16893516000016, 22.333262400000194 ], [ 69.157922760000247, 22.315548960000228 ], [ 69.183946080000169, 22.280776380000304 ], [ 69.222448080000277, 22.25822157000016 ], [ 69.285176280000087, 22.269984660000205 ], [ 69.293243880000034, 22.284728820000112 ], [ 69.319056960000296, 22.289567400000237 ], [ 69.338809800000035, 22.309085610000125 ], [ 69.332528880000154, 22.327470180000205 ], [ 69.353392680000127, 22.326312600000165 ], [ 69.364731960000086, 22.317577020000158 ], [ 69.416771040000299, 22.315757580000252 ], [ 69.446463840000206, 22.330865790000303 ], [ 69.482618280000054, 22.332562381000059 ], [ 69.497271720000128, 22.364699041000222 ], [ 69.52478544100012, 22.38134679000018 ], [ 69.512864401000229, 22.425663240000176 ], [ 69.529453561000196, 22.422461220000287 ], [ 69.553156681000132, 22.398842520000244 ], [ 69.545386080000128, 22.393993410000292 ], [ 69.555735720000087, 22.388110560000086 ], [ 69.558366601000102, 22.375434060000202 ], [ 69.545908080000174, 22.375029330000245 ], [ 69.561125641000103, 22.365194400000291 ], [ 69.556781161000174, 22.340601630000265 ], [ 69.574733281000135, 22.368219480000278 ], [ 69.592274280000311, 22.365368821000231 ], [ 69.593092921000277, 22.348162711000157 ], [ 69.576650280000251, 22.339189440000155 ], [ 69.58200996100021, 22.336841160000176 ], [ 69.574152961000095, 22.327145010000095 ], [ 69.576608881000254, 22.305547710000155 ], [ 69.590739859333496, 22.305611387333613 ], [ 69.595759743000144, 22.320323815000165 ], [ 69.610291261000214, 22.330531965000148 ], [ 69.607196640000041, 22.353938190000292 ], [ 69.614114262000271, 22.335011913000244 ], [ 69.606294439000294, 22.322918080000136 ], [ 69.599053936000132, 22.318889445000138 ], [ 69.592709384557338, 22.306161769351434 ], [ 69.610104862000185, 22.32548731400027 ], [ 69.618505321000214, 22.341272130000164 ], [ 69.618440520000092, 22.367812230000141 ], [ 69.654207961000225, 22.343379480000237 ], [ 69.652070640000034, 22.338808560000246 ], [ 69.65719920000015, 22.329190980000305 ], [ 69.666160321000234, 22.328032500000177 ], [ 69.682273561000102, 22.299935220000293 ], [ 69.665889600000128, 22.335191550000275 ], [ 69.672215880000067, 22.336057890000177 ], [ 69.661549081000089, 22.34701962000014 ], [ 69.647045041000126, 22.351898700000277 ], [ 69.659212320000279, 22.357682280000063 ], [ 69.654913921000173, 22.374711450000234 ], [ 69.663479761000133, 22.394586060000108 ], [ 69.70026600000017, 22.398101910000264 ], [ 69.698028241000202, 22.414679010000157 ], [ 69.708724201000166, 22.42795005000022 ], [ 69.703927560000238, 22.444314030000271 ], [ 69.711096241000178, 22.45500756000024 ], [ 69.726709441000253, 22.459622850000187 ], [ 69.737333400000239, 22.445843760000173 ], [ 69.728170320000231, 22.439546910000161 ], [ 69.752940480000177, 22.423316760000205 ], [ 69.759846360000097, 22.438394280000182 ], [ 69.79361184000004, 22.396746600000199 ], [ 69.808564079000234, 22.405303710000169 ], [ 69.821079840000039, 22.426296750000233 ], [ 69.829644959000234, 22.459856490000163 ], [ 69.832569600000227, 22.453383330000122 ], [ 69.867718560000185, 22.446973260000163 ], [ 69.900073919000249, 22.467335219000176 ], [ 69.911924759000215, 22.466424149000261 ], [ 69.913462319000246, 22.488469019000149 ], [ 69.931866240000204, 22.48920540000023 ], [ 69.919606799000235, 22.49419212000015 ], [ 69.930064800000196, 22.509902699000236 ], [ 69.953406120000238, 22.505097239000179 ], [ 69.954674759000284, 22.493508030000214 ], [ 69.980383439000093, 22.468211729000188 ], [ 69.976948320000133, 22.481476739000129 ], [ 69.955883280000194, 22.496046210000088 ], [ 69.955485840000165, 22.505753430000198 ], [ 69.967863359000148, 22.503197070000226 ], [ 69.955804079000131, 22.509302309000304 ], [ 69.976308240000151, 22.506897510000158 ], [ 69.958637640000177, 22.510096920000194 ], [ 69.965679599000282, 22.517514540000207 ], [ 69.949591920000103, 22.511104740000292 ], [ 69.944685120000031, 22.526029439000126 ], [ 69.96338712000022, 22.525566389000232 ], [ 69.955240679000212, 22.530279240000141 ], [ 69.981817319000243, 22.541373540000279 ], [ 69.977308680000306, 22.524069960000304 ], [ 69.989605199000152, 22.52273292000018 ], [ 69.985661040000195, 22.528470240000217 ], [ 69.978138480000212, 22.524547230000167 ], [ 69.984637199000304, 22.539327660000254 ], [ 69.982354439000062, 22.543257600000175 ], [ 69.975801720000163, 22.543578179000122 ], [ 70.001503919000186, 22.547574900000143 ], [ 69.993141119000143, 22.537788210000258 ], [ 69.995519279000064, 22.519171350000192 ], [ 70.000684919000093, 22.52128950000008 ], [ 69.996799439000142, 22.540989420000074 ], [ 70.005124079000211, 22.527753930000301 ], [ 70.003699919000155, 22.545699569000192 ], [ 70.025817960000097, 22.550406029000214 ], [ 70.015454639000041, 22.538287530000161 ], [ 70.013617560000171, 22.531897080000249 ], [ 70.018966440000042, 22.538300760000197 ], [ 70.020759959000202, 22.527577440000243 ], [ 70.021781999000211, 22.537996200000237 ], [ 70.027894080000124, 22.518935010000177 ], [ 70.023647520000111, 22.539978539000231 ], [ 70.038663840000197, 22.56055631900017 ], [ 70.061993280000138, 22.554173340000261 ], [ 70.063777799000263, 22.544505809000157 ], [ 70.082320679000247, 22.549666410000214 ], [ 70.086219480000182, 22.540712849000215 ], [ 70.08888599900024, 22.548423059000072 ], [ 70.116776279000248, 22.548335400000212 ], [ 70.11968543900025, 22.534549470000172 ], [ 70.127005319000148, 22.548862620000136 ], [ 70.163650440000197, 22.551066900000251 ], [ 70.172674199000141, 22.560861600000294 ], [ 70.167187439000202, 22.572270900000206 ], [ 70.211392920000208, 22.624511310000173 ], [ 70.219273680000128, 22.650807420000035 ], [ 70.23139956000017, 22.656826350000131 ], [ 70.245888480000303, 22.649771250000299 ], [ 70.248817800000211, 22.66080525000018 ], [ 70.240518720000068, 22.654030230000274 ], [ 70.235076600000298, 22.658326200000261 ], [ 70.244061840000143, 22.672661130000279 ], [ 70.226595000000202, 22.67792766000008 ], [ 70.25769216000009, 22.694009400000198 ], [ 70.255146240000158, 22.703578290000223 ], [ 70.247152800000094, 22.694652900000165 ], [ 70.243686720000198, 22.700807910000151 ], [ 70.250737320000212, 22.718887650000227 ], [ 70.25595372000015, 22.715321220000192 ], [ 70.255964520000191, 22.737465540000073 ], [ 70.284094920000143, 22.749373980000257 ], [ 70.301201400000309, 22.768468560000258 ], [ 70.307623800000215, 22.80303108000021 ], [ 70.405926480000062, 22.942022310000254 ], [ 70.422919920000083, 22.977574650000236 ], [ 70.443711000000121, 22.974509070000238 ], [ 70.462711080000133, 22.952833200000157 ], [ 70.491560040000195, 22.937406750000264 ] ], [ [ 70.43664060000026, 22.403378520000217 ], [ 70.405818480000164, 22.394249550000154 ], [ 70.407814680000115, 22.369257900000207 ], [ 70.434490680000181, 22.358803680000165 ], [ 70.443991440000048, 22.333992570000191 ], [ 70.456432680000262, 22.331922030000101 ], [ 70.460771400000226, 22.353139170000247 ], [ 70.424255160000087, 22.371469200000206 ], [ 70.449718680000217, 22.392659610000237 ], [ 70.43664060000026, 22.403378520000217 ] ] ] ] } },
{ "type": "Feature", "properties": { "district_name": "Porbandar", "imd_district": "PORBANDAR", "cum_actual_mm": 162.7, "cum_normal_mm": 627.6, "cum_dep_pct": -74, "cum_cat": "LD", "deficient": true, "within_pc11_mixed": false, "seceded_children": "", "mean_index": 0.39325382710663626, "mean_rainfed": 0.71092292257785539, "n_villages": 180 }, "geometry": { "type": "Polygon", "coordinates": [ [ [ 69.725370600000247, 21.937025790000234 ], [ 69.709596840000188, 21.934438470000202 ], [ 69.710817600000098, 21.926988630000153 ], [ 69.691947120000179, 21.913056000000267 ], [ 69.683893200000284, 21.927719070000023 ], [ 69.669993960000284, 21.926466990000165 ], [ 69.673575240000105, 21.904351470000165 ], [ 69.666222960000198, 21.901783410000121 ], [ 69.66864540000023, 21.886996050000164 ], [ 69.657076800000141, 21.871034640000232 ], [ 69.635983680000152, 21.876255270000172 ], [ 69.631765920000248, 21.868423740000026 ], [ 69.609968280000089, 21.86520741000021 ], [ 69.617122560000155, 21.80476377000025 ], [ 69.632563320000145, 21.805588260000036 ], [ 69.631731360000231, 21.830111910000198 ], [ 69.655730400000152, 21.840975180000214 ], [ 69.667167960000199, 21.815511750000269 ], [ 69.692583858000091, 21.824016857000288 ], [ 69.695700480000028, 21.797855280000249 ], [ 69.719114520000062, 21.805732620000299 ], [ 69.744561480000186, 21.835661850000236 ], [ 69.754347720000055, 21.817087560000289 ], [ 69.770318400000235, 21.830097510000257 ], [ 69.816858480000178, 21.824025930000232 ], [ 69.812446680000221, 21.758447880000176 ], [ 69.820991640000216, 21.74234958000028 ], [ 69.834323160000167, 21.743832510000232 ], [ 69.850369080000178, 21.732386310000152 ], [ 69.87037824000015, 21.740678010000181 ], [ 69.868021680000197, 21.782005740000159 ], [ 69.884463600000117, 21.768611310000153 ], [ 69.911443440000085, 21.781517850000284 ], [ 69.933138120000308, 21.778789770000174 ], [ 69.948524880000093, 21.792969540000286 ], [ 69.957025200000146, 21.789776970000275 ], [ 69.98990796000021, 21.806451720000268 ], [ 70.014277800000059, 21.805153290000305 ], [ 70.011529560000042, 21.754960110000241 ], [ 70.022449800000174, 21.745251090000181 ], [ 70.027331400000094, 21.704846490000193 ], [ 70.044365880000214, 21.699615150000056 ], [ 70.059832560000245, 21.704688270000247 ], [ 70.085859480000067, 21.736917630000278 ], [ 70.091344800000229, 21.705023790000098 ], [ 70.119340920000241, 21.708316980000291 ], [ 70.145071560000247, 21.687824340000248 ], [ 70.148926080000138, 21.661804620000112 ], [ 70.135329960000149, 21.660146100000247 ], [ 70.119573120000098, 21.678352200000234 ], [ 70.103063520000092, 21.658904730000188 ], [ 70.107374520000292, 21.642371190000176 ], [ 70.091047080000294, 21.64566528000023 ], [ 70.054242120000254, 21.633839550000175 ], [ 70.040783520000105, 21.606859260000192 ], [ 70.067862000000218, 21.608639100000175 ], [ 70.070423400000038, 21.585205170000108 ], [ 70.048665, 21.585730770000282 ], [ 70.048112400000207, 21.59665200000029 ], [ 70.034912280000299, 21.592955070000301 ], [ 70.03104084000006, 21.600246780000191 ], [ 69.992387640000231, 21.579471090000141 ], [ 69.987107160000107, 21.60140301000007 ], [ 69.969993480000085, 21.591864990000147 ], [ 69.978205080000066, 21.566919420000261 ], [ 69.989095440000142, 21.571560540000235 ], [ 70.003980720000186, 21.544631100000174 ], [ 69.985069200000055, 21.531880350000108 ], [ 70.000182360000167, 21.474509040000157 ], [ 70.043691240000157, 21.476097900000184 ], [ 70.053030720000208, 21.450550680000276 ], [ 70.042092120000177, 21.439317150000193 ], [ 70.031702880000125, 21.437364330000264 ], [ 70.020815760000119, 21.446061660000282 ], [ 69.981948720000162, 21.434625540000297 ], [ 69.985526760000084, 21.422777850000216 ], [ 69.960547800000143, 21.41442099000011 ], [ 69.967444320000197, 21.410038980000138 ], [ 69.962936760000275, 21.402242730000239 ], [ 69.944642280000039, 21.3968570400001 ], [ 69.950420640000289, 21.385866960000101 ], [ 69.941853000000151, 21.373575300000255 ], [ 69.948699480000187, 21.357472050000297 ], [ 69.956764920000296, 21.344371740000099 ], [ 69.978807720000191, 21.336213240000291 ], [ 69.977524680000215, 21.295374840000079 ], [ 69.997838400000205, 21.298888260000183 ], [ 70.012498680000306, 21.280268790000264 ], [ 70.028084880000279, 21.282975630000237 ], [ 70.02861804000014, 21.275541720000092 ], [ 70.00113996000016, 21.255137550000086 ], [ 70.001512560000094, 21.244436730000245 ], [ 69.979383720000214, 21.228958440000099 ], [ 69.762407400000086, 21.472462530000143 ], [ 69.789524400000232, 21.450844170000209 ], [ 69.804423720000045, 21.4518875400002 ], [ 69.80333832000008, 21.459573810000222 ], [ 69.787629360000096, 21.455242470000144 ], [ 69.758617320000212, 21.48102576000025 ], [ 69.758653320000178, 21.47544081000018 ], [ 69.709587480000096, 21.531741750000208 ], [ 69.727580280000268, 21.539262600000256 ], [ 69.728847480000127, 21.551471370000172 ], [ 69.717189960000155, 21.53695077000026 ], [ 69.704551800000218, 21.535851240000227 ], [ 69.593242320000286, 21.642180534000204 ], [ 69.599427120000257, 21.650505984000176 ], [ 69.628866120000112, 21.648752910000269 ], [ 69.595670880000171, 21.653166420000218 ], [ 69.589701720000107, 21.661813260000145 ], [ 69.57919800000019, 21.651881490000108 ], [ 69.590406600000165, 21.637910430000204 ], [ 69.579345600000124, 21.638657250000165 ], [ 69.444824040000242, 21.761522550000166 ], [ 69.461615880000124, 21.749588370000254 ], [ 69.485280840000087, 21.74043429000028 ], [ 69.491923920000147, 21.741630390000296 ], [ 69.459572160000164, 21.753367650000087 ], [ 69.44539068000023, 21.765304890000152 ], [ 69.448186440000086, 21.770339310000168 ], [ 69.442356240000152, 21.762706320000063 ], [ 69.431339160000221, 21.768294420000245 ], [ 69.372567000000174, 21.829059450000159 ], [ 69.386023800000146, 21.876557670000182 ], [ 69.399963720000187, 21.892453560000206 ], [ 69.430264200000124, 21.878794620000178 ], [ 69.448432320000165, 21.85286283000022 ], [ 69.488357760000156, 21.854943540000249 ], [ 69.488118720000102, 21.895476300000155 ], [ 69.500187360000155, 21.895311240000183 ], [ 69.503511600000195, 21.904116030000239 ], [ 69.534788040000251, 21.894816780000156 ], [ 69.540135120000173, 21.92574978000016 ], [ 69.56981208000019, 21.946731120000152 ], [ 69.610979160000056, 21.947721030000139 ], [ 69.621729120000055, 21.941242020000175 ], [ 69.629412960000252, 21.920782230000214 ], [ 69.639563880000082, 21.919654350000144 ], [ 69.658265880000158, 21.925837080000292 ], [ 69.651714960000049, 21.95574030000023 ], [ 69.685415640000144, 21.960113400000182 ], [ 69.694074720000174, 21.978957330000242 ], [ 69.722226720000151, 21.973350600000117 ], [ 69.729836400000238, 21.954666240000165 ], [ 69.725370600000247, 21.937025790000234 ] ] ] } },
{ "type": "Feature", "properties": { "district_name": "Junagadh", "imd_district": "JUNAGADH", "cum_actual_mm": 592.5, "cum_normal_mm": 795.6, "cum_dep_pct": -26, "cum_cat": "D", "deficient": true, "within_pc11_mixed": false, "seceded_children": [ { "name": "Gir Somnath", "dep_pct": -41, "cat": "D" } ], "mean_index": 0.48743904478871247, "mean_rainfed": 0.49123486173152914, "n_villages": 901 }, "geometry": { "type": "Polygon", "coordinates": [ [ [ 70.130125080000255, 21.665783160000331 ], [ 70.148926080000308, 21.661804620000339 ], [ 70.152268320000474, 21.653216190000421 ], [ 70.12839240000045, 21.642352650000419 ], [ 70.139056680000294, 21.612594510000406 ], [ 70.15968396000028, 21.612072780000403 ], [ 70.230396960000348, 21.639568410000436 ], [ 70.244849520000287, 21.615263460000449 ], [ 70.265924640000378, 21.614733090000414 ], [ 70.270884360000423, 21.577831470000376 ], [ 70.246584720000328, 21.568751730000372 ], [ 70.262524080000389, 21.529318950000459 ], [ 70.293435480000426, 21.55002597000032 ], [ 70.291168920000473, 21.572090820000199 ], [ 70.301951640000368, 21.591806850000467 ], [ 70.365278160000344, 21.602804220000394 ], [ 70.3659862800003, 21.641172300000449 ], [ 70.382549520000453, 21.640872960000365 ], [ 70.388547840000285, 21.652112160000399 ], [ 70.433504280000477, 21.661724610000419 ], [ 70.438421520000361, 21.676394520000258 ], [ 70.447740120000446, 21.674898810000343 ], [ 70.452987840000333, 21.653243190000353 ], [ 70.47228564000028, 21.659648670000252 ], [ 70.489884600000323, 21.654105930000298 ], [ 70.501114800000323, 21.669997410000349 ], [ 70.54693524000038, 21.674821320000319 ], [ 70.547685840000327, 21.650669010000342 ], [ 70.539405480000369, 21.647859390000406 ], [ 70.555944240000258, 21.622296420000396 ], [ 70.563460320000274, 21.633424560000321 ], [ 70.575180480000256, 21.634518690000391 ], [ 70.604026200000419, 21.621520260000352 ], [ 70.6302072000002, 21.634866540000417 ], [ 70.637478840000256, 21.652083900000378 ], [ 70.653148200000317, 21.648501720000411 ], [ 70.681524480000405, 21.633287310000298 ], [ 70.682473440000365, 21.61922616000038 ], [ 70.697806200000343, 21.602228130000299 ], [ 70.719140160000393, 21.608467200000348 ], [ 70.727510520000351, 21.639246300000423 ], [ 70.76520324000046, 21.641936670000462 ], [ 70.774726680000299, 21.661863300000391 ], [ 70.792043760000468, 21.666738600000372 ], [ 70.806970080000212, 21.640900140000326 ], [ 70.814484360000222, 21.643774470000437 ], [ 70.86005820000031, 21.600180810000381 ], [ 70.87488696000031, 21.577640580000377 ], [ 70.877638080000395, 21.550075830000367 ], [ 70.885504080000374, 21.551112180000473 ], [ 70.889693760000284, 21.536711820000392 ], [ 70.884189360000335, 21.529685160000383 ], [ 70.845154200000479, 21.532861350000474 ], [ 70.841914200000303, 21.5157192300004 ], [ 70.833690000000331, 21.511766340000349 ], [ 70.801030440000432, 21.516888240000469 ], [ 70.805495160000362, 21.492855270000405 ], [ 70.828843680000261, 21.494683710000345 ], [ 70.826692320000234, 21.458036070000389 ], [ 70.861743720000334, 21.466893060000245 ], [ 70.883704800000373, 21.443798070000412 ], [ 70.895435760000396, 21.46063734000046 ], [ 70.918602120000344, 21.462960870000359 ], [ 70.926440760000332, 21.427337250000335 ], [ 70.941529440000352, 21.421709910000345 ], [ 70.942692240000326, 21.399028920000205 ], [ 70.912912680000318, 21.384721170000319 ], [ 70.901039880000269, 21.388240620000374 ], [ 70.899765120000325, 21.400464690000376 ], [ 70.887249000000338, 21.398070870000367 ], [ 70.876459080000359, 21.380006880000394 ], [ 70.862244480000413, 21.379873590000329 ], [ 70.870608360000347, 21.340518930000371 ], [ 70.863510600000325, 21.335925780000309 ], [ 70.863959520000378, 21.322106280000469 ], [ 70.897532040000272, 21.328841610000325 ], [ 70.916989320000312, 21.349566180000409 ], [ 70.938828000000342, 21.313639530000387 ], [ 70.903886040000202, 21.301409070000375 ], [ 70.886426760000347, 21.270653370000275 ], [ 70.821587160000263, 21.265158600000404 ], [ 70.799981760000378, 21.236752260000344 ], [ 70.820130240000367, 21.202238520000321 ], [ 70.844881680000299, 21.185921880000308 ], [ 70.850047680000387, 21.171905100000345 ], [ 70.888766580000322, 21.188030085000435 ], [ 70.94674044000061, 21.171329550000507 ], [ 70.998903000000325, 21.168654030000312 ], [ 71.019413280000606, 21.146345910000491 ], [ 71.073195480000777, 21.117926160000422 ], [ 71.093739960000505, 21.088112580000427 ], [ 71.132482440000786, 21.068254350000529 ], [ 71.136901800000544, 21.043106010000542 ], [ 71.146751760000541, 21.032503650000479 ], [ 71.12999196000078, 21.007627380000486 ], [ 71.122440960000574, 20.964414600000453 ], [ 71.144938440000772, 20.952205740000522 ], [ 71.186892840000723, 20.967602940000461 ], [ 71.19410724000079, 20.978972730000464 ], [ 71.217945000000668, 20.958609420000471 ], [ 71.202040920000684, 20.927392830000429 ], [ 71.174037240000587, 20.919489030000705 ], [ 71.189607600000443, 20.902759740000477 ], [ 71.173586520000583, 20.883455550000519 ], [ 71.185379400000556, 20.874449610000568 ], [ 71.201549880000755, 20.874988170000506 ], [ 71.222918400000765, 20.819695140000761 ], [ 71.204131440000822, 20.801495430000728 ], [ 71.210603160000574, 20.801901960000578 ], [ 71.204540760000611, 20.791018710000742 ], [ 71.160537600000737, 20.780983530000697 ], [ 71.149137480000547, 20.758510350000563 ], [ 71.088356880000617, 20.756634840000459 ], [ 71.078074560000516, 20.749261140000556 ], [ 71.080234920000748, 20.738762280000515 ], [ 71.064848520000794, 20.734284420000563 ], [ 70.999942462000718, 20.741214731000639 ], [ 70.972650360000671, 20.728869750000513 ], [ 70.958724480000569, 20.736584730000629 ], [ 70.913091240000711, 20.739073410000458 ], [ 70.877784960000497, 20.728751580000505 ], [ 70.86936744000036, 20.711272770000448 ], [ 70.873628400000314, 20.705062320000309 ], [ 70.850152800000387, 20.706382620000284 ], [ 70.83681444000041, 20.697564330000205 ], [ 70.817698800000414, 20.714123520000214 ], [ 70.815243600000315, 20.726109720000409 ], [ 70.793141400000309, 20.730602520000389 ], [ 70.79551596000033, 20.719831950000412 ], [ 70.804216800000461, 20.725387110000327 ], [ 70.814840760000379, 20.718351630000313 ], [ 70.812430920000281, 20.700145980000343 ], [ 70.839002880000464, 20.691305910000381 ], [ 70.826976360000288, 20.690730270000358 ], [ 70.766307360000326, 20.720364750000442 ], [ 70.743039480000391, 20.720055060000391 ], [ 70.670754360000274, 20.759652360000359 ], [ 70.654903560000434, 20.760241950000307 ], [ 70.649133120000329, 20.766260250000357 ], [ 70.661229840000374, 20.769660450000288 ], [ 70.663068000000408, 20.77925769000035 ], [ 70.654962600000374, 20.777751360000423 ], [ 70.65719640000043, 20.789769060000367 ], [ 70.652997720000315, 20.778256890000307 ], [ 70.636750920000395, 20.780839260000278 ], [ 70.632682200000374, 20.769160230000466 ], [ 70.613590680000243, 20.771987940000315 ], [ 70.544992320000404, 20.807416620000367 ], [ 70.581576240000459, 20.798595180000405 ], [ 70.580778120000332, 20.816581320000353 ], [ 70.549271280000255, 20.810652930000458 ], [ 70.540277400000377, 20.818206270000474 ], [ 70.545037320000404, 20.810152440000422 ], [ 70.539298920000419, 20.803926240000408 ], [ 70.487203680000391, 20.835215100000369 ], [ 70.448423400000479, 20.847935430000405 ], [ 70.407834480000361, 20.879073450000305 ], [ 70.416700920000324, 20.881386450000377 ], [ 70.409143440000321, 20.884196160000329 ], [ 70.413129000000367, 20.891148840000426 ], [ 70.40419524000032, 20.883553470000265 ], [ 70.375177800000358, 20.901772080000455 ], [ 70.365297960000362, 20.899716120000335 ], [ 70.222328640000342, 21.001784940000391 ], [ 70.134976080000399, 21.079177200000458 ], [ 70.149774600000342, 21.07214415000027 ], [ 70.154917200000227, 21.07357371000046 ], [ 70.1334205200003, 21.090767310000388 ], [ 70.132027320000304, 21.080716650000454 ], [ 70.096719240000255, 21.108611160000464 ], [ 70.038867600000344, 21.166885440000328 ], [ 70.033747680000374, 21.177646650000213 ], [ 70.039888200000405, 21.182885550000435 ], [ 70.046950320000349, 21.20228568000033 ], [ 70.028990640000416, 21.17929689000033 ], [ 69.97966560000026, 21.229142400000399 ], [ 70.001512560000265, 21.244436730000416 ], [ 70.00113996000033, 21.255137550000256 ], [ 70.028618040000367, 21.275541720000263 ], [ 70.028084880000449, 21.282975630000408 ], [ 70.012498680000476, 21.280268790000434 ], [ 69.997838400000376, 21.298888260000354 ], [ 69.977692800000455, 21.295147140000438 ], [ 69.978670560000353, 21.336620310000399 ], [ 69.956764920000467, 21.344371740000327 ], [ 69.941918160000398, 21.373037640000348 ], [ 69.950420640000459, 21.385866960000271 ], [ 69.944753880000349, 21.397174920000282 ], [ 69.962936760000446, 21.40224273000041 ], [ 69.967444320000368, 21.410038980000309 ], [ 69.960547800000313, 21.414420990000281 ], [ 69.985526760000255, 21.422777850000386 ], [ 69.981948720000332, 21.434625540000468 ], [ 70.020815760000289, 21.446061660000453 ], [ 70.032025440000382, 21.437276220000399 ], [ 70.053030000000319, 21.447204300000294 ], [ 70.043691240000328, 21.476097900000354 ], [ 70.000182360000338, 21.474509040000328 ], [ 69.985069200000282, 21.531880350000336 ], [ 70.003980720000413, 21.544631100000345 ], [ 69.989095440000312, 21.571560540000405 ], [ 69.978205080000237, 21.566919420000431 ], [ 69.970427280000422, 21.592629180000472 ], [ 69.988066200000276, 21.600871020000284 ], [ 69.992387640000402, 21.579471090000311 ], [ 70.03104084000023, 21.600246780000361 ], [ 70.034912280000469, 21.592955070000471 ], [ 70.048112400000377, 21.596652000000461 ], [ 70.048665000000256, 21.585730770000453 ], [ 70.070423400000209, 21.585205170000336 ], [ 70.067862000000389, 21.608639100000346 ], [ 70.040783520000275, 21.606859260000363 ], [ 70.054242120000424, 21.633839550000346 ], [ 70.091047080000465, 21.645665280000401 ], [ 70.107374520000462, 21.642371190000347 ], [ 70.103063520000319, 21.658904730000359 ], [ 70.119573120000268, 21.678352200000404 ], [ 70.130125080000255, 21.665783160000331 ] ], [ [ 70.878089520000458, 21.421985040000322 ], [ 70.846749360000331, 21.412942740000403 ], [ 70.849883160000275, 21.402645840000332 ], [ 70.865828280000414, 21.395009250000328 ], [ 70.878089520000458, 21.421985040000322 ] ] ] } },
{ "type": "Feature", "properties": { "district_name": "Amreli", "imd_district": "AMRELI", "cum_actual_mm": 497.7, "cum_normal_mm": 503.1, "cum_dep_pct": -1, "cum_cat": "N", "deficient": false, "within_pc11_mixed": false, "seceded_children": "", "mean_index": 0.42090425335180814, "mean_rainfed": 0.73267382431655836, "n_villages": 614 }, "geometry": { "type": "MultiPolygon", "coordinates": [ [ [ [ 71.512692480000226, 20.903889870000171 ], [ 71.506504800000187, 20.90183463000011 ], [ 71.504137080000078, 20.903924430000188 ], [ 71.509884840000097, 20.911500090000118 ], [ 71.512692480000226, 20.903889870000171 ] ] ], [ [ [ 71.654086440000128, 21.101869530000045 ], [ 71.642120040000179, 21.088891170000238 ], [ 71.636351400000194, 21.090609810000103 ], [ 71.643132, 21.097357470000304 ], [ 71.636538960000053, 21.101212800000269 ], [ 71.650875240000175, 21.116001060000087 ], [ 71.654086440000128, 21.101869530000045 ] ] ], [ [ [ 70.878089520000287, 21.421985040000152 ], [ 70.864674840000191, 21.394823850000137 ], [ 70.852818600000148, 21.399212430000148 ], [ 70.84661508000022, 21.412107990000266 ], [ 70.871659200000238, 21.424031460000208 ], [ 70.878089520000287, 21.421985040000152 ] ] ], [ [ [ 70.765703280000082, 21.642741810000302 ], [ 70.739253360000077, 21.63946446000017 ], [ 70.738888320000115, 21.66448878000017 ], [ 70.755256080000095, 21.67727310000015 ], [ 70.778682360000175, 21.662585190000243 ], [ 70.765703280000082, 21.642741810000302 ] ] ], [ [ [ 70.773129720000099, 21.752751690000139 ], [ 70.764222240000151, 21.766577490000088 ], [ 70.772688720000247, 21.795690870000215 ], [ 70.783978680000189, 21.803066640000111 ], [ 70.805050920000212, 21.775546440000198 ], [ 70.792446600000062, 21.758984370000121 ], [ 70.773129720000099, 21.752751690000139 ] ] ], [ [ [ 71.332359120000092, 22.027665780000177 ], [ 71.342324280000184, 21.981561750000253 ], [ 71.383493880000231, 21.986615340000242 ], [ 71.398466280000207, 21.948936480000157 ], [ 71.443111320000241, 21.950904960000173 ], [ 71.462512800000241, 21.927518010000085 ], [ 71.455098600000156, 21.894778890000225 ], [ 71.442446040000277, 21.906765360000236 ], [ 71.411936760000287, 21.904031880000161 ], [ 71.422012800000175, 21.884866830000192 ], [ 71.418048840000097, 21.872659050000152 ], [ 71.424698400000125, 21.878752950000262 ], [ 71.449214040000186, 21.868081830000165 ], [ 71.442448920000118, 21.851335170000084 ], [ 71.454378960000099, 21.844835010000168 ], [ 71.450573400000167, 21.82507470000013 ], [ 71.464232160000051, 21.79821834000029 ], [ 71.493298920000029, 21.80150964000029 ], [ 71.51065632000018, 21.778267770000127 ], [ 71.533521720000238, 21.773896830000126 ], [ 71.549707320000039, 21.746643570000288 ], [ 71.595753120000154, 21.726851940000188 ], [ 71.582557320000262, 21.686955120000277 ], [ 71.585141760000226, 21.657166290000248 ], [ 71.616177360000222, 21.642813270000147 ], [ 71.617824000000212, 21.630473640000218 ], [ 71.551557360000174, 21.626168220000125 ], [ 71.545947480000166, 21.615730830000189 ], [ 71.551636200000132, 21.581597970000303 ], [ 71.540259120000087, 21.558189870000263 ], [ 71.494993800000088, 21.543461010000158 ], [ 71.472044520000168, 21.479674680000187 ], [ 71.486333640000112, 21.459041100000206 ], [ 71.51998680000014, 21.459035070000255 ], [ 71.52783192000004, 21.440916450000145 ], [ 71.590308120000145, 21.442152510000142 ], [ 71.609996520000209, 21.435921180000207 ], [ 71.607606120000128, 21.400720200000194 ], [ 71.612834040000166, 21.385865610000167 ], [ 71.627157000000238, 21.384962910000297 ], [ 71.628193440000189, 21.336331950000158 ], [ 71.617740120000178, 21.31695819000015 ], [ 71.585501761000273, 21.312551340000198 ], [ 71.561156401000119, 21.283074360000228 ], [ 71.529268320000199, 21.285627930000089 ], [ 71.530319520000148, 21.262160160000292 ], [ 71.520441480000102, 21.246972660000267 ], [ 71.52498072000003, 21.22655058100014 ], [ 71.51546124000015, 21.215494800000272 ], [ 71.523630000000139, 21.1909839300003 ], [ 71.514402120000113, 21.172617900000205 ], [ 71.54369856000028, 21.174296220000144 ], [ 71.553899160000128, 21.157710390000034 ], [ 71.570253960000116, 21.154505130000246 ], [ 71.605808281000179, 21.129236730000287 ], [ 71.630746200000203, 21.087731250000161 ], [ 71.627335920000121, 21.070020240000247 ], [ 71.608491001000289, 21.068054280000297 ], [ 71.610621840000078, 21.053155320000144 ], [ 71.636383441000248, 21.059225100000219 ], [ 71.640052201000231, 21.029572800000267 ], [ 71.665944120000177, 21.030832350000196 ], [ 71.678164680000179, 20.996230950000211 ], [ 71.646536160000153, 20.993196510000132 ], [ 71.638451280000197, 20.973190770000258 ], [ 71.597211840000227, 20.967446250000137 ], [ 71.578870560000212, 20.954368800000282 ], [ 71.533062720000089, 20.944920240000272 ], [ 71.594900640000162, 20.995009920000086 ], [ 71.555391360000158, 20.96866800000015 ], [ 71.535420000000272, 20.985279750000245 ], [ 71.541523080000218, 20.961513540000226 ], [ 71.516998080000121, 20.945787840000264 ], [ 71.506382760000236, 20.92132359000027 ], [ 71.461865520000117, 20.881127970000136 ], [ 71.449208280000221, 20.882160540000143 ], [ 71.428973040000187, 20.867529330000139 ], [ 71.396721360000072, 20.865544020000186 ], [ 71.394022080000241, 20.874070170000266 ], [ 71.382542760000035, 20.875572540000235 ], [ 71.374380120000069, 20.86809057000022 ], [ 71.381926800000087, 20.857150890000298 ], [ 71.322761880000201, 20.848071690000097 ], [ 71.203469040000186, 20.797068780000188 ], [ 71.222918400000253, 20.819695140000192 ], [ 71.201549880000186, 20.874988170000165 ], [ 71.185379400000215, 20.874449610000227 ], [ 71.173586520000242, 20.883455550000178 ], [ 71.189607600000102, 20.902759740000135 ], [ 71.174037240000189, 20.919489030000136 ], [ 71.202040920000172, 20.927392830000258 ], [ 71.217945000000157, 20.9586094200003 ], [ 71.194107240000108, 20.978972730000294 ], [ 71.186892840000041, 20.96760294000012 ], [ 71.144938440000033, 20.952205740000181 ], [ 71.122440960000233, 20.964414600000282 ], [ 71.129991960000098, 21.007627380000088 ], [ 71.146751760000143, 21.032503650000137 ], [ 71.136901800000146, 21.043106010000201 ], [ 71.132482440000103, 21.068254350000132 ], [ 71.093739960000107, 21.088112580000086 ], [ 71.073195480000095, 21.117926160000252 ], [ 71.019413280000038, 21.14634591000015 ], [ 70.998903000000325, 21.168654030000312 ], [ 70.946740440000212, 21.171329550000166 ], [ 70.888766580000322, 21.188030085000435 ], [ 70.850047680000216, 21.171905100000174 ], [ 70.844881680000128, 21.185921880000137 ], [ 70.82013024000014, 21.202238520000151 ], [ 70.799981760000207, 21.236752260000173 ], [ 70.821587160000092, 21.265158600000234 ], [ 70.886426760000177, 21.270653370000105 ], [ 70.903886040000032, 21.301409070000204 ], [ 70.938828000000115, 21.31363953000016 ], [ 70.916989320000084, 21.349566180000238 ], [ 70.897532040000101, 21.328841610000154 ], [ 70.863959520000208, 21.322106280000298 ], [ 70.863510600000154, 21.335925780000139 ], [ 70.870608360000176, 21.340518930000201 ], [ 70.862244480000186, 21.379873590000159 ], [ 70.876459080000188, 21.380006880000167 ], [ 70.885868760000164, 21.396882510000296 ], [ 70.898254200000167, 21.400515720000158 ], [ 70.901039880000098, 21.388240620000204 ], [ 70.912912680000147, 21.384721170000148 ], [ 70.941732480000098, 21.396147930000268 ], [ 70.941990240000109, 21.419445510000173 ], [ 70.926440760000162, 21.427337250000164 ], [ 70.918602120000173, 21.462960870000188 ], [ 70.895435760000225, 21.460637340000289 ], [ 70.883704800000203, 21.443798070000184 ], [ 70.861743720000163, 21.466893060000075 ], [ 70.826692320000063, 21.458036070000162 ], [ 70.828843680000091, 21.494683710000174 ], [ 70.805495160000191, 21.492855270000234 ], [ 70.801030440000261, 21.516888240000299 ], [ 70.833690000000161, 21.511766340000179 ], [ 70.841914200000133, 21.515719230000173 ], [ 70.845154200000309, 21.532861350000303 ], [ 70.884189360000164, 21.529685160000213 ], [ 70.889573160000282, 21.537475740000161 ], [ 70.885504080000203, 21.551112180000302 ], [ 70.877638080000224, 21.550075830000196 ], [ 70.87488696000014, 21.577640580000207 ], [ 70.86005820000014, 21.600180810000211 ], [ 70.814484360000051, 21.643774470000267 ], [ 70.806970080000042, 21.640900140000156 ], [ 70.796175840000217, 21.657894480000266 ], [ 70.793813160000127, 21.696210180000264 ], [ 70.806841560000066, 21.711774870000227 ], [ 70.793726760000254, 21.713322600000197 ], [ 70.775143920000176, 21.69997992000026 ], [ 70.766331120000189, 21.709528020000107 ], [ 70.783949160000248, 21.719136420000211 ], [ 70.778284200000087, 21.730478940000239 ], [ 70.800568560000045, 21.740569380000238 ], [ 70.817935680000119, 21.730897440000035 ], [ 70.81584588000004, 21.742852140000139 ], [ 70.834912560000248, 21.743402940000237 ], [ 70.848846720000097, 21.736668060000227 ], [ 70.872379200000125, 21.740023260000157 ], [ 70.877831760000277, 21.732024600000216 ], [ 70.887476160000119, 21.737101230000178 ], [ 70.891205040000102, 21.763813320000168 ], [ 70.899906600000122, 21.769134300000076 ], [ 70.917760080000107, 21.763053270000171 ], [ 70.928027280000151, 21.745951380000236 ], [ 70.948814040000229, 21.74206869000011 ], [ 70.959780000000194, 21.747928050000155 ], [ 70.972918920000154, 21.723879780000289 ], [ 71.014335840000228, 21.732688440000288 ], [ 71.038225080000302, 21.752155620000167 ], [ 71.033562000000302, 21.766257720000283 ], [ 71.043527520000055, 21.787819020000086 ], [ 71.033375160000105, 21.80416941000027 ], [ 71.041220280000118, 21.821582610000235 ], [ 71.074683000000221, 21.818281230000082 ], [ 71.10006012000008, 21.847154850000265 ], [ 71.09728704000014, 21.868377840000164 ], [ 71.051995440000098, 21.847891320000258 ], [ 71.032874760000254, 21.868446510000126 ], [ 71.02987740000026, 21.876140700000292 ], [ 71.061604920000093, 21.887557290000245 ], [ 71.058571200000301, 21.90847473000025 ], [ 71.08448364000003, 21.919944870000222 ], [ 71.114099400000157, 21.918982770000184 ], [ 71.128575000000239, 21.94728066000016 ], [ 71.144925840000269, 21.94420536000024 ], [ 71.162517600000058, 21.96137313000014 ], [ 71.175796200000264, 21.957039720000239 ], [ 71.198218440000062, 21.968096760000094 ], [ 71.198271360000035, 21.998967840000148 ], [ 71.189033760000257, 22.010355540000205 ], [ 71.227289160000055, 22.00481622000018 ], [ 71.250918120000222, 22.010750280000195 ], [ 71.249218560000088, 21.974036760000274 ], [ 71.257219920000125, 21.955426830000192 ], [ 71.28873252000011, 21.960419940000179 ], [ 71.286012, 21.968250570000237 ], [ 71.295225840000057, 21.971890620000124 ], [ 71.277129720000232, 22.010493330000259 ], [ 71.30345256000021, 22.042240020000293 ], [ 71.332359120000092, 22.027665780000177 ] ] ] ] } },
{ "type": "Feature", "properties": { "district_name": "Bhavnagar", "imd_district": "BHAVNAGAR", "cum_actual_mm": 482.5, "cum_normal_mm": 500.6, "cum_dep_pct": -4, "cum_cat": "N", "deficient": false, "within_pc11_mixed": false, "seceded_children": [ { "name": "Botad", "dep_pct": -10, "cat": "N" } ], "mean_index": 0.47068139656932317, "mean_rainfed": 0.59191060661619044, "n_villages": 791 }, "geometry": { "type": "MultiPolygon", "coordinates": [ [ [ [ 72.141689880000143, 21.218755140000088 ], [ 72.137698560000132, 21.227631570000092 ], [ 72.153814680000067, 21.255201900000074 ], [ 72.154795679000145, 21.239983440000152 ], [ 72.141689880000143, 21.218755140000088 ] ] ], [ [ [ 72.191710079000103, 21.291491431000107 ], [ 72.188826120000144, 21.319878510000077 ], [ 72.196961760000136, 21.324528630000071 ], [ 72.203297400000139, 21.311236980000146 ], [ 72.191710079000103, 21.291491431000107 ] ] ], [ [ [ 72.37482300000012, 21.618808380000186 ], [ 72.373959360000157, 21.592391580000079 ], [ 72.359501759000139, 21.598590690000162 ], [ 72.346424039000141, 21.62061278900018 ], [ 72.353383199000149, 21.63266550000009 ], [ 72.37482300000012, 21.618808380000186 ] ] ], [ [ [ 72.374202720000042, 21.641327190000091 ], [ 72.372215880000141, 21.626764470000158 ], [ 72.369047879000121, 21.642643440000107 ], [ 72.374202720000042, 21.641327190000091 ] ] ], [ [ [ 72.357991200000114, 21.811744260000186 ], [ 72.325829519000123, 21.82856733000018 ], [ 72.310018320000097, 21.855312090000155 ], [ 72.289824479000089, 21.977373600000181 ], [ 72.33856632000014, 22.028742809000111 ], [ 72.384611039000148, 22.034757419000115 ], [ 72.413553960000101, 22.021602030000096 ], [ 72.433099800000136, 22.001993190000178 ], [ 72.443801879000119, 21.97679867900013 ], [ 72.440635679000152, 21.945860549000116 ], [ 72.400653719000147, 21.894843510000104 ], [ 72.390240360000163, 21.831219089000118 ], [ 72.357991200000114, 21.811744260000186 ] ] ], [ [ [ 71.602106040000137, 22.351909860000106 ], [ 71.615745000000103, 22.33074501000014 ], [ 71.616729600000127, 22.299492420000131 ], [ 71.628209640000179, 22.284402840000126 ], [ 71.641449720000182, 22.28207193000009 ], [ 71.655756840000109, 22.252716540000115 ], [ 71.630030880000135, 22.23733068000011 ], [ 71.627793480000108, 22.21816563000014 ], [ 71.637636960000108, 22.209675930000159 ], [ 71.663807520000091, 22.224306780000134 ], [ 71.680836600000163, 22.207047120000077 ], [ 71.701879320000145, 22.208863140000144 ], [ 71.714432160000143, 22.191265710000117 ], [ 71.72353512000015, 22.197878640000155 ], [ 71.726600880000063, 22.190680440000097 ], [ 71.745540840000146, 22.188467610000149 ], [ 71.741867040000102, 22.163787990000159 ], [ 71.759137320000065, 22.15345446000012 ], [ 71.762261760000129, 22.141441530000126 ], [ 71.780463720000071, 22.146961500000149 ], [ 71.805462120000158, 22.139075160000175 ], [ 71.822998800000121, 22.147385760000169 ], [ 71.848371240000148, 22.14106623000016 ], [ 71.843524200000118, 22.125108060000141 ], [ 71.855064000000141, 22.118853510000179 ], [ 71.856897120000113, 22.104905220000102 ], [ 71.907613200000171, 22.112469540000166 ], [ 71.915421960000131, 22.134241080000148 ], [ 72.012465000000105, 22.1080879800001 ], [ 72.027273600000129, 22.123629450000191 ], [ 72.054808920000141, 22.10609196000015 ], [ 72.054377640000084, 22.089091050000096 ], [ 72.072788760000108, 22.061320109000125 ], [ 72.11699820000014, 22.062333689000145 ], [ 72.163685582000113, 22.002758626000183 ], [ 72.214703280000094, 21.990873329000181 ], [ 72.228986639000183, 21.998975400000152 ], [ 72.224935200000161, 22.008839535000167 ], [ 72.240258960000091, 22.001717970000144 ], [ 72.246513599000153, 21.928616820000133 ], [ 72.257778719000086, 21.905121690000094 ], [ 72.261829080000112, 21.868959510000117 ], [ 72.271281600000165, 21.863634660000162 ], [ 72.285565320000117, 21.830890410000102 ], [ 72.284400359000173, 21.795368040000128 ], [ 72.298267200000083, 21.769604010000119 ], [ 72.29654100100008, 21.739779630000154 ], [ 72.260734320000125, 21.773766599000098 ], [ 72.241624800000125, 21.773132280000105 ], [ 72.285803639000108, 21.709143000000129 ], [ 72.272160311500173, 21.707098741000095 ], [ 72.290032920000101, 21.704095890000151 ], [ 72.295853400000126, 21.676551390000085 ], [ 72.317269080000145, 21.654282240000143 ], [ 72.313199999000091, 21.630570570000128 ], [ 72.280700279000101, 21.572761589000098 ], [ 72.244770840000101, 21.458642040000118 ], [ 72.188784360000142, 21.395364300000129 ], [ 72.116192880000114, 21.281838841000098 ], [ 72.115810560000099, 21.244347631000114 ], [ 72.106512119000087, 21.230378550000182 ], [ 72.113014800000059, 21.224859840000086 ], [ 72.110470679000144, 21.198797640000187 ], [ 72.084819960000104, 21.192128100000172 ], [ 72.023428619000143, 21.15600889500011 ], [ 72.009409679000086, 21.142930230000132 ], [ 72.013050360000136, 21.130862400000126 ], [ 71.995755241000069, 21.138209731000178 ], [ 71.976341881000067, 21.128266081000156 ], [ 71.976973321000088, 21.118450321000147 ], [ 71.899285681000109, 21.10769532000014 ], [ 71.87966100100013, 21.088089991000157 ], [ 71.802979200000067, 21.062699101000202 ], [ 71.806853160000145, 21.038765940000157 ], [ 71.785232641000135, 21.039486661000193 ], [ 71.78412852100017, 21.030070141000177 ], [ 71.726081401000059, 21.011078341000154 ], [ 71.71835328100012, 21.017079180000174 ], [ 71.708683321000095, 21.003354630000135 ], [ 71.717568480000111, 20.998302211000162 ], [ 71.693770681000075, 21.001606560000095 ], [ 71.676355681000132, 20.983405321000202 ], [ 71.66594412000012, 21.030832350000093 ], [ 71.640052201000103, 21.02957280000015 ], [ 71.632699200000118, 21.060899550000165 ], [ 71.61062184000015, 21.053155320000137 ], [ 71.609384880000121, 21.069029700000151 ], [ 71.628559921000118, 21.071934270000135 ], [ 71.622735480000117, 21.110618790000089 ], [ 71.590235040000067, 21.142758781000158 ], [ 71.553899160000114, 21.157710390000116 ], [ 71.543698560000152, 21.174296220000109 ], [ 71.514402120000071, 21.172617900000155 ], [ 71.523630000000111, 21.190983930000183 ], [ 71.515461240000135, 21.215494800000155 ], [ 71.524980720000059, 21.22655058100009 ], [ 71.520441480000088, 21.24697266000015 ], [ 71.530319520000091, 21.262160160000175 ], [ 71.529268320000071, 21.285627930000082 ], [ 71.561156401000076, 21.283074360000096 ], [ 71.585501761000131, 21.312551340000095 ], [ 71.617740120000164, 21.316958190000122 ], [ 71.62819344000016, 21.33633195000013 ], [ 71.627157000000125, 21.384962910000159 ], [ 71.612834040000124, 21.385865610000153 ], [ 71.607606120000113, 21.400720200000077 ], [ 71.609996520000095, 21.435921180000104 ], [ 71.590308120000074, 21.442152510000099 ], [ 71.527831920000068, 21.440916450000145 ], [ 71.519986800000126, 21.45903507000013 ], [ 71.486333640000083, 21.459041100000096 ], [ 71.472044520000139, 21.479674680000159 ], [ 71.494993800000046, 21.543461010000129 ], [ 71.540259120000044, 21.558189870000131 ], [ 71.551636200000104, 21.581597970000164 ], [ 71.545947480000152, 21.615730830000189 ], [ 71.551557360000146, 21.626168220000118 ], [ 71.617824, 21.630473640000101 ], [ 71.616177360000094, 21.642813270000126 ], [ 71.585141760000099, 21.657166290000117 ], [ 71.582557320000134, 21.68695512000016 ], [ 71.595753120000111, 21.726851940000145 ], [ 71.54970732000011, 21.746643570000177 ], [ 71.53352172000011, 21.773896830000126 ], [ 71.510656320000123, 21.778267770000113 ], [ 71.493298920000058, 21.801509640000159 ], [ 71.46423216000008, 21.798218340000151 ], [ 71.450573400000152, 21.825074700000123 ], [ 71.454378960000071, 21.844835010000139 ], [ 71.442448920000103, 21.851335170000084 ], [ 71.449214040000115, 21.86808183000015 ], [ 71.424698400000111, 21.878752950000145 ], [ 71.418048840000054, 21.872659050000152 ], [ 71.422012800000118, 21.884866830000192 ], [ 71.41193676000016, 21.904031880000161 ], [ 71.442446040000135, 21.906765360000112 ], [ 71.455098600000113, 21.894778890000175 ], [ 71.462512800000098, 21.927518010000078 ], [ 71.443111320000114, 21.950904960000138 ], [ 71.398466280000093, 21.948936480000157 ], [ 71.386704720000111, 21.971185470000119 ], [ 71.388729720000157, 21.980790000000148 ], [ 71.423188560000057, 21.996548280000148 ], [ 71.461152000000126, 22.003953480000103 ], [ 71.458802280000128, 22.038578820000108 ], [ 71.487342360000156, 22.050473490000176 ], [ 71.486430840000139, 22.059341910000139 ], [ 71.509512960000109, 22.062600990000146 ], [ 71.492354640000087, 22.078019610000108 ], [ 71.498259720000178, 22.079836890000102 ], [ 71.496257400000147, 22.107626370000098 ], [ 71.503850880000144, 22.117966380000141 ], [ 71.491064040000154, 22.137519240000135 ], [ 71.47256148000011, 22.142795670000169 ], [ 71.481831480000082, 22.187530080000116 ], [ 71.443996560000173, 22.210922160000155 ], [ 71.429304960000138, 22.208052960000078 ], [ 71.430212520000097, 22.220537580000109 ], [ 71.455258800000138, 22.230886410000082 ], [ 71.458576920000141, 22.247522910000093 ], [ 71.455228920000152, 22.256951040000093 ], [ 71.44507548000017, 22.25428074000013 ], [ 71.435445840000114, 22.262156190000091 ], [ 71.445569400000096, 22.291697790000107 ], [ 71.494831800000142, 22.305921210000122 ], [ 71.532474840000177, 22.345388820000121 ], [ 71.563996440000139, 22.343080500000088 ], [ 71.568609840000121, 22.324542390000122 ], [ 71.576634600000091, 22.321420380000177 ], [ 71.588670840000148, 22.335980310000146 ], [ 71.582786640000094, 22.348654380000131 ], [ 71.592015240000109, 22.355190900000064 ], [ 71.602106040000137, 22.351909860000106 ] ], [ [ 71.651546280000062, 21.115855170000096 ], [ 71.636538960000124, 21.101212800000145 ], [ 71.643074400000145, 21.097902510000164 ], [ 71.638836841000085, 21.088620630000097 ], [ 71.653925520000101, 21.099549150000072 ], [ 71.651546280000062, 21.115855170000096 ] ] ] ] } },
{ "type": "Feature", "properties": { "district_name": "Anand", "imd_district": "ANAND", "cum_actual_mm": 759.8, "cum_normal_mm": 766.6, "cum_dep_pct": -1, "cum_cat": "N", "deficient": false, "within_pc11_mixed": false, "seceded_children": "", "mean_index": 0.23745012485786937, "mean_rainfed": 0.079250571799557287, "n_villages": 348 }, "geometry": { "type": "Polygon", "coordinates": [ [ [ 73.028293200000093, 22.73157891000017 ], [ 73.035835200000093, 22.720377150000147 ], [ 73.057239000000109, 22.719649950000196 ], [ 73.088369280000123, 22.730905530000143 ], [ 73.087389360000131, 22.7214650700001 ], [ 73.124218116000108, 22.716714906000089 ], [ 73.150042680000155, 22.678225290000096 ], [ 73.189882080000174, 22.68164142000013 ], [ 73.193042520000105, 22.672721520000081 ], [ 73.185089760000139, 22.663098720000139 ], [ 73.209284640000178, 22.619239470000128 ], [ 73.146777480000168, 22.585328280000237 ], [ 73.140875280000145, 22.550890410000111 ], [ 73.126102320000129, 22.521908610000139 ], [ 73.083135240000217, 22.507797780000114 ], [ 73.091251080000092, 22.451646150000169 ], [ 73.066883400000236, 22.425154110000232 ], [ 73.07113788000018, 22.388190480000201 ], [ 73.045547280000221, 22.360128300000202 ], [ 73.063034640000112, 22.317732450000126 ], [ 73.009501920000147, 22.268398770000129 ], [ 72.973168200000188, 22.25425212000016 ], [ 72.96311484000023, 22.258022940000142 ], [ 72.948780000000241, 22.27429431000014 ], [ 72.943623720000105, 22.303024380000156 ], [ 72.924899040000156, 22.307273460000186 ], [ 72.909376920000156, 22.296951450000211 ], [ 72.915035040000248, 22.270247460000146 ], [ 72.90360252000022, 22.253443650000147 ], [ 72.876737160000133, 22.255370280000218 ], [ 72.835743310500106, 22.276447207000103 ], [ 72.749363031000087, 22.209885839000119 ], [ 72.658885449666798, 22.211675125333439 ], [ 72.609416280000119, 22.22356581000011 ], [ 72.510601320000077, 22.217752620000162 ], [ 72.412099200000085, 22.167743131000115 ], [ 72.310165560000101, 22.161553920000141 ], [ 72.309222000000105, 22.174274970000106 ], [ 72.32204556000012, 22.188376980000111 ], [ 72.319011480000071, 22.202135820000144 ], [ 72.357061680000129, 22.248850769000182 ], [ 72.352943640000106, 22.302161820000109 ], [ 72.403377120000144, 22.363245990000145 ], [ 72.396199440000103, 22.388551920000175 ], [ 72.345807720000138, 22.388522400000131 ], [ 72.368445240000085, 22.405334580000112 ], [ 72.376244640000067, 22.439658150000195 ], [ 72.360587880000111, 22.437036720000101 ], [ 72.366094800000127, 22.448467890000188 ], [ 72.379882440000145, 22.448476350000178 ], [ 72.378033480000099, 22.467774960000096 ], [ 72.411561360000164, 22.472348940000185 ], [ 72.439985520000093, 22.50342675000012 ], [ 72.44043840000009, 22.531330350000143 ], [ 72.42404004000015, 22.553276040000146 ], [ 72.429309720000063, 22.56543090000007 ], [ 72.443649240000099, 22.560861060000146 ], [ 72.466952760000183, 22.573621440000167 ], [ 72.507410640000131, 22.608312210000168 ], [ 72.508254840000092, 22.617359100000154 ], [ 72.519907680000131, 22.610952270000116 ], [ 72.528327000000147, 22.585236750000124 ], [ 72.535442400000107, 22.585068360000136 ], [ 72.533372040000131, 22.566428640000112 ], [ 72.553713840000128, 22.564163430000182 ], [ 72.557143920000073, 22.538341440000174 ], [ 72.5661248400001, 22.540038390000159 ], [ 72.568108080000144, 22.517548920000106 ], [ 72.574176600000087, 22.517393220000102 ], [ 72.579103200000134, 22.500044100000103 ], [ 72.599784120000109, 22.497545610000145 ], [ 72.617703120000101, 22.509952380000129 ], [ 72.65832084000013, 22.499279910000112 ], [ 72.669154320000146, 22.503647790000112 ], [ 72.663689160000132, 22.526245890000094 ], [ 72.639814320000113, 22.526245890000094 ], [ 72.640022040000161, 22.536588420000168 ], [ 72.667365480000115, 22.56167430000011 ], [ 72.672416640000066, 22.58361495000014 ], [ 72.687820680000158, 22.587893010000169 ], [ 72.695311560000093, 22.580343990000127 ], [ 72.706186800000111, 22.587105060000166 ], [ 72.702941760000101, 22.596272100000146 ], [ 72.686385000000115, 22.602874410000105 ], [ 72.684500760000091, 22.626376740000119 ], [ 72.706479120000139, 22.630901940000168 ], [ 72.713917440000074, 22.621935510000178 ], [ 72.738819000000134, 22.642837470000153 ], [ 72.757163160000133, 22.632912360000155 ], [ 72.753561720000121, 22.62243528000014 ], [ 72.767331360000171, 22.612684860000119 ], [ 72.772069680000172, 22.640653980000145 ], [ 72.783350640000094, 22.64216580000009 ], [ 72.797487120000099, 22.631929470000099 ], [ 72.787141440000127, 22.623696090000188 ], [ 72.786879, 22.611005010000127 ], [ 72.817079400000168, 22.608176220000196 ], [ 72.823597200000151, 22.594836510000114 ], [ 72.846146160000146, 22.60185003000008 ], [ 72.85037616000011, 22.618472760000106 ], [ 72.866647440000094, 22.620376800000084 ], [ 72.870329880000142, 22.604008680000163 ], [ 72.859277880000079, 22.601404260000145 ], [ 72.855090360000162, 22.591392840000111 ], [ 72.862230240000102, 22.582613430000141 ], [ 72.891682920000136, 22.595601330000068 ], [ 72.923954040000126, 22.593133170000133 ], [ 72.915981480000127, 22.602620610000155 ], [ 72.924581160000145, 22.629886470000081 ], [ 72.969665400000082, 22.643086860000093 ], [ 72.97145928000009, 22.653989550000151 ], [ 72.981401400000081, 22.658617620000097 ], [ 72.99309888000009, 22.702314420000167 ], [ 73.001643840000114, 22.70632833000019 ], [ 73.002624840000095, 22.727257290000178 ], [ 73.028293200000093, 22.73157891000017 ] ] ] } },
{ "type": "Feature", "properties": { "district_name": "Kheda", "imd_district": "KHEDA", "cum_actual_mm": 867.4, "cum_normal_mm": 755.8, "cum_dep_pct": 15, "cum_cat": "N", "deficient": false, "within_pc11_mixed": false, "seceded_children": [ { "name": "Mahisagar", "dep_pct": -9, "cat": "N" } ], "mean_index": 0.46820176175726969, "mean_rainfed": 0.43129114819513048, "n_villages": 614 }, "geometry": { "type": "Polygon", "coordinates": [ [ [ 73.473741720000106, 23.289223680000191 ], [ 73.47589992000016, 23.269530690000149 ], [ 73.528351920000063, 23.287255830000174 ], [ 73.533781440000141, 23.273805150000147 ], [ 73.524438000000131, 23.267913750000123 ], [ 73.533203280000095, 23.247848520000101 ], [ 73.553684400000151, 23.272051320000163 ], [ 73.573775280000163, 23.277414240000159 ], [ 73.578569400000077, 23.242444020000129 ], [ 73.551852360000098, 23.232965400000126 ], [ 73.548714960000112, 23.221466640000131 ], [ 73.570014000000171, 23.193239310000145 ], [ 73.520809200000087, 23.167809090000134 ], [ 73.520334720000093, 23.150699010000107 ], [ 73.508725080000076, 23.140846350000153 ], [ 73.455548760000099, 23.147503290000103 ], [ 73.436878440000115, 23.135951340000148 ], [ 73.423069200000086, 23.150354850000141 ], [ 73.380714480000137, 23.129958150000139 ], [ 73.365017400000127, 23.110572060000088 ], [ 73.373586480000114, 23.097680910000172 ], [ 73.417779, 23.096329830000116 ], [ 73.411440840000125, 23.06081484000013 ], [ 73.420336080000169, 23.049857970000119 ], [ 73.411050600000166, 23.025743640000094 ], [ 73.430619840000176, 23.021398080000164 ], [ 73.454268960000078, 22.967332200000133 ], [ 73.371285000000114, 22.900695750000153 ], [ 73.369634400000137, 22.885740540000075 ], [ 73.387532160000063, 22.859529120000087 ], [ 73.366219080000079, 22.815726210000118 ], [ 73.366050960000123, 22.800330180000159 ], [ 73.318356000000179, 22.781940210000283 ], [ 73.276030080000197, 22.781217240000149 ], [ 73.258474680000191, 22.766293080000064 ], [ 73.249798680000154, 22.718303820000283 ], [ 73.265627880000167, 22.670292600000106 ], [ 73.258715520000223, 22.65746229000025 ], [ 73.207530360000149, 22.619413260000119 ], [ 73.185089760000139, 22.663098720000139 ], [ 73.193042520000105, 22.672721520000081 ], [ 73.189882080000174, 22.68164142000013 ], [ 73.150042680000155, 22.678225290000096 ], [ 73.1220969580001, 22.718111311000076 ], [ 73.087389360000131, 22.7214650700001 ], [ 73.088369280000123, 22.730905530000143 ], [ 73.067276520000163, 22.720862250000138 ], [ 73.037238840000143, 22.720064130000093 ], [ 73.023449400000146, 22.735826280000147 ], [ 73.002624840000095, 22.727257290000178 ], [ 73.001643840000114, 22.70632833000019 ], [ 72.99309888000009, 22.702314420000167 ], [ 72.981401400000081, 22.658617620000097 ], [ 72.97145928000009, 22.653989550000151 ], [ 72.969665400000082, 22.643086860000093 ], [ 72.924581160000145, 22.629886470000081 ], [ 72.915981480000127, 22.602620610000155 ], [ 72.923954040000126, 22.593133170000133 ], [ 72.891682920000136, 22.595601330000068 ], [ 72.862230240000102, 22.582613430000141 ], [ 72.855090360000162, 22.591392840000111 ], [ 72.859277880000079, 22.601404260000145 ], [ 72.870329880000142, 22.604008680000163 ], [ 72.867763440000061, 22.620170250000136 ], [ 72.85037616000011, 22.618472760000106 ], [ 72.846146160000146, 22.60185003000008 ], [ 72.825943680000137, 22.594261050000107 ], [ 72.817079400000168, 22.608176220000196 ], [ 72.785871720000145, 22.612205610000167 ], [ 72.787141440000127, 22.623696090000188 ], [ 72.797329080000083, 22.63039254000012 ], [ 72.794241720000159, 22.638756150000148 ], [ 72.772425, 22.641005700000115 ], [ 72.766638720000145, 22.612680630000124 ], [ 72.753561720000121, 22.62243528000014 ], [ 72.757163160000133, 22.632912360000155 ], [ 72.738220680000097, 22.64285808000017 ], [ 72.713917440000074, 22.621935510000178 ], [ 72.706479120000139, 22.630901940000168 ], [ 72.684169560000129, 22.626092970000176 ], [ 72.686385000000115, 22.602874410000105 ], [ 72.702941760000101, 22.596272100000146 ], [ 72.706186800000111, 22.587105060000166 ], [ 72.695311560000093, 22.580343990000127 ], [ 72.687820680000158, 22.587893010000169 ], [ 72.672416640000066, 22.58361495000014 ], [ 72.667365480000115, 22.56167430000011 ], [ 72.638114760000093, 22.532418090000171 ], [ 72.640508760000117, 22.525987230000098 ], [ 72.663270480000136, 22.527023940000166 ], [ 72.668862000000118, 22.502961900000116 ], [ 72.651932640000126, 22.498354620000114 ], [ 72.649273680000121, 22.506681690000139 ], [ 72.638733600000137, 22.500527490000131 ], [ 72.617703120000101, 22.509952380000129 ], [ 72.599784120000109, 22.497545610000145 ], [ 72.578190960000057, 22.500795420000095 ], [ 72.5661248400001, 22.540038390000159 ], [ 72.557143920000073, 22.538341440000174 ], [ 72.553713840000128, 22.564163430000182 ], [ 72.533372040000131, 22.566428640000112 ], [ 72.535442400000107, 22.585068360000136 ], [ 72.528327000000147, 22.585236750000124 ], [ 72.519907680000131, 22.610952270000116 ], [ 72.508254840000092, 22.617359100000154 ], [ 72.514935, 22.63757562000017 ], [ 72.535941360000095, 22.623120180000143 ], [ 72.534822840000089, 22.646079090000136 ], [ 72.552746160000169, 22.670547570000153 ], [ 72.530111880000121, 22.679039340000127 ], [ 72.529655400000109, 22.695894180000085 ], [ 72.52023672000017, 22.702662270000172 ], [ 72.53502732000014, 22.716830070000114 ], [ 72.525542400000148, 22.736745990000127 ], [ 72.540838800000117, 22.750151760000168 ], [ 72.523287000000138, 22.752449100000092 ], [ 72.530560800000146, 22.767899130000167 ], [ 72.515874240000173, 22.779015390000133 ], [ 72.522823320000143, 22.795464240000161 ], [ 72.569544480000076, 22.82552316000017 ], [ 72.579134520000139, 22.818667050000084 ], [ 72.596731320000117, 22.823350110000138 ], [ 72.597917520000124, 22.814240130000083 ], [ 72.60704496000011, 22.812609870000198 ], [ 72.602181720000075, 22.835933640000182 ], [ 72.60757740000011, 22.863100950000124 ], [ 72.598339800000161, 22.870410750000179 ], [ 72.606063960000128, 22.883654160000109 ], [ 72.6317031600001, 22.880488770000127 ], [ 72.644061240000141, 22.895828280000117 ], [ 72.665928000000108, 22.894197840000128 ], [ 72.672373440000143, 22.879821060000125 ], [ 72.688804560000122, 22.878605700000108 ], [ 72.723031200000094, 22.912850520000159 ], [ 72.74039652000009, 22.905199260000185 ], [ 72.788352840000172, 22.906732050000176 ], [ 72.804012840000127, 22.941061020000173 ], [ 72.840215880000102, 22.965531210000155 ], [ 72.836827560000145, 22.98139308000011 ], [ 72.829303560000042, 22.984271640000074 ], [ 72.84715200000015, 22.998936060000162 ], [ 72.843057, 23.008541490000088 ], [ 72.889915320000071, 23.012713980000175 ], [ 72.912712320000168, 23.050064790000178 ], [ 72.906644160000084, 23.061898260000156 ], [ 72.922578840000114, 23.066108370000158 ], [ 72.925761600000115, 23.074605630000143 ], [ 72.959806080000106, 23.068805310000194 ], [ 72.956761200000159, 23.080408380000115 ], [ 72.96731424000015, 23.085647460000168 ], [ 72.967028760000147, 23.104269270000131 ], [ 72.979136640000092, 23.102285040000091 ], [ 72.985265640000151, 23.123603610000075 ], [ 73.028598840000072, 23.120673120000166 ], [ 73.032507720000112, 23.128232940000125 ], [ 73.018249920000173, 23.141917530000143 ], [ 73.023112440000077, 23.168846250000151 ], [ 73.058423760000082, 23.165800920000155 ], [ 73.06976556000015, 23.156941320000122 ], [ 73.078256160000109, 23.164056450000146 ], [ 73.092368880000109, 23.159946600000179 ], [ 73.134196200000133, 23.197986990000128 ], [ 73.155677400000158, 23.185056870000096 ], [ 73.155411000000143, 23.154755130000158 ], [ 73.172272680000134, 23.130760410000171 ], [ 73.188753840000089, 23.145397830000157 ], [ 73.203336000000121, 23.140773450000161 ], [ 73.205253, 23.105608560000189 ], [ 73.224383760000165, 23.101434360000138 ], [ 73.240079040000111, 23.067604980000176 ], [ 73.271957400000105, 23.056237890000151 ], [ 73.294149960000112, 23.08102902000013 ], [ 73.321861680000069, 23.079344670000122 ], [ 73.326549960000108, 23.095564650000131 ], [ 73.338047280000168, 23.10095277000017 ], [ 73.331967600000098, 23.125987080000197 ], [ 73.350269280000134, 23.135558760000084 ], [ 73.361441160000169, 23.128201350000086 ], [ 73.37029356000015, 23.135197770000147 ], [ 73.365588720000147, 23.146920990000151 ], [ 73.371328920000096, 23.167506060000107 ], [ 73.338870600000163, 23.178956220000078 ], [ 73.337187960000122, 23.199263910000177 ], [ 73.380952080000071, 23.219578350000123 ], [ 73.371191400000086, 23.237325450000188 ], [ 73.405965240000128, 23.263289100000105 ], [ 73.473741720000106, 23.289223680000191 ] ] ] } },
{ "type": "Feature", "properties": { "district_name": "Panch Mahals", "imd_district": "PANCHMAHAL", "cum_actual_mm": 699.6, "cum_normal_mm": 863.1, "cum_dep_pct": -19, "cum_cat": "N", "deficient": false, "within_pc11_mixed": false, "seceded_children": [ { "name": "Mahisagar", "dep_pct": -9, "cat": "N" } ], "mean_index": 0.32620936212391827, "mean_rainfed": 0.78221117252219641, "n_villages": 1196 }, "geometry": { "type": "Polygon", "coordinates": [ [ [ 73.774528560000121, 23.442709860000075 ], [ 73.830730320000129, 23.452415370000111 ], [ 73.832788440000158, 23.429289600000168 ], [ 73.871610840000145, 23.390746380000092 ], [ 73.894530240000151, 23.335026480000163 ], [ 73.937817720000112, 23.341605120000118 ], [ 73.942463160000074, 23.370129540000171 ], [ 73.95514020000013, 23.377392540000173 ], [ 73.975531320000115, 23.375169450000087 ], [ 73.986950880000123, 23.339250000000121 ], [ 74.008242720000112, 23.335352730000157 ], [ 73.994366880000086, 23.305036950000122 ], [ 74.005301880000147, 23.289895710000106 ], [ 73.988560800000101, 23.266694250000118 ], [ 73.998455400000154, 23.254031970000131 ], [ 73.99536732000017, 23.229171450000095 ], [ 73.969588440000095, 23.231129220000167 ], [ 73.968981840000168, 23.220514440000127 ], [ 73.988192160000068, 23.214579030000102 ], [ 73.9747551600001, 23.185765080000163 ], [ 73.99705860000013, 23.170426110000129 ], [ 73.999605960000139, 23.15572029000008 ], [ 73.999707840000127, 23.146473060000126 ], [ 73.981084680000137, 23.143678020000145 ], [ 73.981094040000116, 23.13293724000016 ], [ 74.007771480000116, 23.127846840000153 ], [ 74.009265480000096, 23.116572180000137 ], [ 74.028034080000126, 23.098335660000078 ], [ 74.009788920000148, 23.089052970000122 ], [ 73.991130840000125, 23.104255770000169 ], [ 73.976833440000107, 23.105852910000156 ], [ 73.967045760000119, 23.119343730000129 ], [ 73.91294208000015, 23.08603392000008 ], [ 73.92315204000009, 23.019945210000124 ], [ 73.911390120000178, 23.013712170000165 ], [ 73.908184680000076, 22.99117545000011 ], [ 73.93316580000014, 22.982514300000155 ], [ 73.9319446800001, 22.975462800000155 ], [ 73.909664280000115, 22.969278180000117 ], [ 73.905946200000145, 22.958089470000107 ], [ 73.886281560000128, 22.950384390000121 ], [ 73.912249080000109, 22.931341830000161 ], [ 73.884228480000075, 22.904676810000122 ], [ 73.858547520000101, 22.845709800000112 ], [ 73.842717600000128, 22.846458150000124 ], [ 73.840129920000081, 22.826695410000173 ], [ 73.850148000000132, 22.819041720000087 ], [ 73.852563240000123, 22.795045920000188 ], [ 73.833075720000124, 22.803927930000121 ], [ 73.82101284000008, 22.788286920000143 ], [ 73.85338260000006, 22.74451389000016 ], [ 73.835287200000138, 22.729876110000145 ], [ 73.835415360000169, 22.704331500000084 ], [ 73.806742800000109, 22.69781847000014 ], [ 73.802363760000077, 22.689069480000111 ], [ 73.80861516000013, 22.674039930000099 ], [ 73.82702520000008, 22.665210930000111 ], [ 73.831877280000171, 22.646641050000092 ], [ 73.818219600000162, 22.641337890000155 ], [ 73.80301392000014, 22.616538120000083 ], [ 73.846940040000092, 22.615093080000157 ], [ 73.856116800000066, 22.592155410000146 ], [ 73.866729960000072, 22.588553160000167 ], [ 73.868372640000175, 22.574819340000072 ], [ 73.815076080000125, 22.569296490000166 ], [ 73.809003600000125, 22.54874922000014 ], [ 73.756930320000208, 22.545945360000228 ], [ 73.74091140000013, 22.532516910000087 ], [ 73.730658600000197, 22.514741010000126 ], [ 73.73326716000021, 22.489356600000175 ], [ 73.723832640000126, 22.463916750000255 ], [ 73.72635588000017, 22.456315890000099 ], [ 73.73620980000014, 22.457293650000263 ], [ 73.742322600000193, 22.44105621000023 ], [ 73.732811040000129, 22.418648550000196 ], [ 73.741190760000151, 22.398019920000099 ], [ 73.737052200000207, 22.390710840000192 ], [ 73.768398480000158, 22.392260010000118 ], [ 73.769751000000156, 22.386123900000097 ], [ 73.753085160000197, 22.349557170000221 ], [ 73.728415800000079, 22.338927810000218 ], [ 73.732830840000162, 22.291987500000186 ], [ 73.718401680000184, 22.294994040000258 ], [ 73.711965960000242, 22.306270680000171 ], [ 73.702628640000199, 22.301852400000087 ], [ 73.700754840000243, 22.289623290000147 ], [ 73.665401760000236, 22.289470110000085 ], [ 73.633231080000115, 22.313115270000193 ], [ 73.648019160000132, 22.316058720000196 ], [ 73.659123720000196, 22.337037630000143 ], [ 73.693581120000161, 22.338852030000165 ], [ 73.69205004000014, 22.346468550000107 ], [ 73.705795560000226, 22.349704320000139 ], [ 73.706383800000225, 22.359485250000109 ], [ 73.684611360000162, 22.374482130000171 ], [ 73.633564800000201, 22.388288310000124 ], [ 73.63610316000026, 22.377264480000168 ], [ 73.614200040000227, 22.346647200000145 ], [ 73.614620520000202, 22.338248040000106 ], [ 73.630857960000228, 22.331616390000118 ], [ 73.619256960000129, 22.324774680000157 ], [ 73.566282240000135, 22.328589780000161 ], [ 73.567658160000121, 22.336247250000117 ], [ 73.547191440000091, 22.344794820000178 ], [ 73.519128360000195, 22.341244500000233 ], [ 73.511443440000107, 22.350875310000216 ], [ 73.483495200000121, 22.348063260000249 ], [ 73.467069840000164, 22.358143980000154 ], [ 73.476122400000094, 22.37934591000008 ], [ 73.461587400000226, 22.379141250000199 ], [ 73.442189160000154, 22.398356430000231 ], [ 73.447198920000233, 22.422672180000223 ], [ 73.421275320000262, 22.426099200000181 ], [ 73.419462000000152, 22.44429873000011 ], [ 73.427751360000158, 22.458866220000171 ], [ 73.422766800000204, 22.483641150000143 ], [ 73.409287680000133, 22.503823830000112 ], [ 73.400108760000236, 22.504308030000118 ], [ 73.416209760000172, 22.545953010000151 ], [ 73.366896600000103, 22.553972910000073 ], [ 73.386070560000093, 22.612314870000148 ], [ 73.38119688000026, 22.625548200000221 ], [ 73.359416880000111, 22.625978130000266 ], [ 73.365475320000101, 22.645975230000158 ], [ 73.394911800000116, 22.642685280000084 ], [ 73.39868532000024, 22.655965140000188 ], [ 73.416218400000176, 22.661270100000184 ], [ 73.403153640000113, 22.690203480000147 ], [ 73.389357360000261, 22.691398950000117 ], [ 73.386948960000126, 22.743998730000168 ], [ 73.427651280000234, 22.763569050000097 ], [ 73.429358400000254, 22.772973510000181 ], [ 73.407996720000085, 22.810421880000174 ], [ 73.387948320000206, 22.811306850000211 ], [ 73.386289080000239, 22.798398780000138 ], [ 73.380616200000176, 22.801544820000117 ], [ 73.382091480000199, 22.761182340000151 ], [ 73.364556600000114, 22.772918790000272 ], [ 73.35272124000015, 22.794312420000161 ], [ 73.36681020000006, 22.801594500000142 ], [ 73.366219080000079, 22.815726210000118 ], [ 73.387313640000102, 22.856296950000175 ], [ 73.369411560000088, 22.895367660000108 ], [ 73.45454868000013, 22.969079100000165 ], [ 73.437783840000165, 22.993198380000067 ], [ 73.430619840000176, 23.021398080000164 ], [ 73.411050600000166, 23.025743640000094 ], [ 73.420336080000169, 23.049857970000119 ], [ 73.411440840000125, 23.06081484000013 ], [ 73.417779, 23.096329830000116 ], [ 73.373586480000114, 23.097680910000172 ], [ 73.365017400000127, 23.110572060000088 ], [ 73.380714480000137, 23.129958150000139 ], [ 73.423069200000086, 23.150354850000141 ], [ 73.436878440000115, 23.135951340000148 ], [ 73.455548760000099, 23.147503290000103 ], [ 73.508725080000076, 23.140846350000153 ], [ 73.531529640000088, 23.176824570000186 ], [ 73.569062160000115, 23.191300710000149 ], [ 73.548714960000112, 23.221466640000131 ], [ 73.551852360000098, 23.232965400000126 ], [ 73.578569400000077, 23.242444020000129 ], [ 73.574840520000109, 23.275671570000121 ], [ 73.553684400000151, 23.272051320000163 ], [ 73.533203280000095, 23.247848520000101 ], [ 73.524438000000131, 23.267913750000123 ], [ 73.533781440000141, 23.273805150000147 ], [ 73.528351920000063, 23.287255830000174 ], [ 73.543690800000078, 23.311497960000114 ], [ 73.559576880000094, 23.320836450000158 ], [ 73.566711360000113, 23.351363550000091 ], [ 73.588482360000143, 23.371392870000072 ], [ 73.595448720000107, 23.389945560000179 ], [ 73.623936240000134, 23.4085722300001 ], [ 73.63165464000015, 23.429934990000099 ], [ 73.620618480000161, 23.440981770000178 ], [ 73.625217120000158, 23.454606780000152 ], [ 73.64556180000011, 23.440835340000142 ], [ 73.692327600000098, 23.453196750000192 ], [ 73.718710200000132, 23.430580740000149 ], [ 73.725658560000113, 23.413450230000119 ], [ 73.753369200000165, 23.456027070000161 ], [ 73.774528560000121, 23.442709860000075 ] ], [ [ 73.797131880000094, 22.785749010000121 ], [ 73.776542760000069, 22.789014390000116 ], [ 73.77995628000015, 22.764463380000109 ], [ 73.796676120000129, 22.772475000000146 ], [ 73.797131880000094, 22.785749010000121 ] ] ] } },
{ "type": "Feature", "properties": { "district_name": "Dohad", "imd_district": "DAHOD", "cum_actual_mm": 375.3, "cum_normal_mm": 723.6, "cum_dep_pct": -48, "cum_cat": "D", "deficient": true, "within_pc11_mixed": false, "seceded_children": "", "mean_index": 0.33250799197869507, "mean_rainfed": 0.83457253767150863, "n_villages": 694 }, "geometry": { "type": "MultiPolygon", "coordinates": [ [ [ [ 73.791072360000101, 22.79072052000015 ], [ 73.796444280000131, 22.771932660000125 ], [ 73.77959664000015, 22.764605850000173 ], [ 73.776656160000115, 22.789279260000182 ], [ 73.791072360000101, 22.79072052000015 ] ] ], [ [ [ 74.133463320000132, 23.265864630000131 ], [ 74.118327120000089, 23.184290700000119 ], [ 74.163534480000095, 23.153263740000128 ], [ 74.183029200000163, 23.157073620000144 ], [ 74.190619800000093, 23.177583090000152 ], [ 74.211063480000163, 23.185211400000181 ], [ 74.257689960000079, 23.165646930000115 ], [ 74.288184840000099, 23.09124447000017 ], [ 74.311498800000066, 23.076941400000138 ], [ 74.353869, 23.00209974000018 ], [ 74.33710380000015, 22.974903090000119 ], [ 74.33841528000012, 22.959832950000123 ], [ 74.395056240000059, 22.905847890000118 ], [ 74.406190320000164, 22.906661580000119 ], [ 74.41742052000015, 22.924447560000115 ], [ 74.458752120000099, 22.917459150000184 ], [ 74.477553120000138, 22.854267540000127 ], [ 74.468329200000156, 22.821327900000153 ], [ 74.459103120000094, 22.812883110000069 ], [ 74.438639640000162, 22.81416138000014 ], [ 74.442046680000061, 22.790611890000132 ], [ 74.403042480000124, 22.726842300000126 ], [ 74.380886280000112, 22.644780480000158 ], [ 74.329899840000152, 22.650859890000106 ], [ 74.313647640000141, 22.642528140000138 ], [ 74.275806240000136, 22.652832600000171 ], [ 74.270539440000093, 22.642536960000069 ], [ 74.261476440000109, 22.647194190000118 ], [ 74.210416920000128, 22.576738140000117 ], [ 74.192748120000061, 22.574331630000131 ], [ 74.187719280000081, 22.563166140000178 ], [ 74.157131160000162, 22.546133010000123 ], [ 74.156879880000162, 22.527032670000089 ], [ 74.107762200000181, 22.532285520000126 ], [ 74.086011720000073, 22.548491820000159 ], [ 74.06331624000012, 22.551631020000105 ], [ 74.045612520000276, 22.574919870000219 ], [ 74.0204294400001, 22.580810100000146 ], [ 74.006598960000275, 22.563336780000174 ], [ 73.968177600000246, 22.539322890000111 ], [ 73.935013320000152, 22.538926710000194 ], [ 73.910373480000175, 22.509905040000209 ], [ 73.881727560000186, 22.504916520000105 ], [ 73.853223840000254, 22.513103280000156 ], [ 73.840098240000117, 22.534149330000151 ], [ 73.809003600000125, 22.54874922000014 ], [ 73.815076080000125, 22.569296490000166 ], [ 73.868410440000105, 22.575237210000186 ], [ 73.846940040000092, 22.615093080000157 ], [ 73.804496400000147, 22.615607340000164 ], [ 73.800739080000128, 22.621292370000166 ], [ 73.831877280000171, 22.646641050000092 ], [ 73.82702520000008, 22.665210930000111 ], [ 73.80861516000013, 22.674039930000099 ], [ 73.803024, 22.690943730000111 ], [ 73.835415360000169, 22.704331500000084 ], [ 73.835287200000138, 22.729876110000145 ], [ 73.85338260000006, 22.74451389000016 ], [ 73.82101284000008, 22.788286920000143 ], [ 73.833075720000124, 22.803927930000121 ], [ 73.852563240000123, 22.795045920000188 ], [ 73.850148000000132, 22.819041720000087 ], [ 73.840129920000081, 22.826695410000173 ], [ 73.842717600000128, 22.846458150000124 ], [ 73.858547520000101, 22.845709800000112 ], [ 73.884228480000075, 22.904676810000122 ], [ 73.912249080000109, 22.931341830000161 ], [ 73.886281560000128, 22.950384390000121 ], [ 73.905946200000145, 22.958089470000107 ], [ 73.909664280000115, 22.969278180000117 ], [ 73.9319446800001, 22.975462800000155 ], [ 73.93316580000014, 22.982514300000155 ], [ 73.908184680000076, 22.99117545000011 ], [ 73.911390120000178, 23.013712170000165 ], [ 73.92315204000009, 23.019945210000124 ], [ 73.91331540000013, 23.086699470000081 ], [ 73.967045760000119, 23.119343730000129 ], [ 73.976833440000107, 23.105852910000156 ], [ 73.991130840000125, 23.104255770000169 ], [ 74.009788920000148, 23.089052970000122 ], [ 74.027927520000105, 23.09799600000013 ], [ 74.009265480000096, 23.116572180000137 ], [ 74.007771480000116, 23.127846840000153 ], [ 73.981094040000116, 23.13293724000016 ], [ 73.981084680000137, 23.143678020000145 ], [ 73.999707840000127, 23.146473060000126 ], [ 73.999605960000139, 23.15572029000008 ], [ 73.99705860000013, 23.170426110000129 ], [ 73.9747551600001, 23.185765080000163 ], [ 73.988192160000068, 23.214579030000102 ], [ 73.968981840000168, 23.220514440000127 ], [ 73.969588440000095, 23.231129220000167 ], [ 73.99536732000017, 23.229171450000095 ], [ 73.998455400000154, 23.254031970000131 ], [ 73.988560800000101, 23.266694250000118 ], [ 74.005301880000147, 23.289895710000106 ], [ 73.994366880000086, 23.305036950000122 ], [ 74.008051920000142, 23.333335020000099 ], [ 74.017790640000086, 23.329974330000123 ], [ 74.037827880000094, 23.298864840000142 ], [ 74.093961240000127, 23.291651520000165 ], [ 74.127356640000158, 23.274855900000134 ], [ 74.133463320000132, 23.265864630000131 ] ] ] ] } },
{ "type": "Feature", "properties": { "district_name": "Vadodara", "imd_district": "VADODARA", "cum_actual_mm": 530.0, "cum_normal_mm": 819.2, "cum_dep_pct": -35, "cum_cat": "D", "deficient": true, "within_pc11_mixed": false, "seceded_children": [ { "name": "Chhota Udepur", "dep_pct": -33, "cat": "D" } ], "mean_index": 0.42186210650079231, "mean_rainfed": 0.46605531995086757, "n_villages": 1547 }, "geometry": { "type": "Polygon", "coordinates": [ [ [ 73.38695868000022, 22.810797630000177 ], [ 73.4160672000001, 22.803846030000184 ], [ 73.429358400000254, 22.772973510000181 ], [ 73.427651280000234, 22.763569050000097 ], [ 73.386948960000126, 22.743998730000168 ], [ 73.389357360000261, 22.691398950000117 ], [ 73.403153640000113, 22.690203480000147 ], [ 73.416218400000176, 22.661270100000184 ], [ 73.39868532000024, 22.655965140000188 ], [ 73.394911800000116, 22.642685280000084 ], [ 73.365475320000101, 22.645975230000158 ], [ 73.359416880000111, 22.625978130000266 ], [ 73.38119688000026, 22.625548200000221 ], [ 73.386070560000093, 22.612314870000148 ], [ 73.366896600000103, 22.553972910000073 ], [ 73.416209760000172, 22.545953010000151 ], [ 73.400108760000236, 22.504308030000118 ], [ 73.409287680000133, 22.503823830000112 ], [ 73.422766800000204, 22.483641150000143 ], [ 73.427751360000158, 22.458866220000171 ], [ 73.419462000000152, 22.44429873000011 ], [ 73.421275320000262, 22.426099200000181 ], [ 73.447198920000233, 22.422672180000223 ], [ 73.442189160000154, 22.398356430000231 ], [ 73.461587400000226, 22.379141250000199 ], [ 73.475385480000227, 22.380634710000134 ], [ 73.466955, 22.358577690000157 ], [ 73.483495200000121, 22.348063260000249 ], [ 73.511443440000107, 22.350875310000216 ], [ 73.519858800000236, 22.341188070000182 ], [ 73.547191440000091, 22.344794820000178 ], [ 73.567658160000121, 22.336247250000117 ], [ 73.566282240000135, 22.328589780000161 ], [ 73.619256960000129, 22.324774680000157 ], [ 73.630857960000228, 22.331616390000118 ], [ 73.614304800000184, 22.338659430000217 ], [ 73.618773120000242, 22.360072680000219 ], [ 73.63610316000026, 22.377264480000168 ], [ 73.633564800000201, 22.388288310000124 ], [ 73.649567160000146, 22.385888820000186 ], [ 73.693434960000147, 22.369311630000109 ], [ 73.706383800000225, 22.359485250000109 ], [ 73.705795560000226, 22.349704320000139 ], [ 73.69205004000014, 22.346468550000107 ], [ 73.693581120000161, 22.338852030000165 ], [ 73.658078280000211, 22.336472340000267 ], [ 73.648019160000132, 22.316058720000196 ], [ 73.633231080000115, 22.313115270000193 ], [ 73.638880920000233, 22.303452690000068 ], [ 73.658744280000249, 22.290354450000248 ], [ 73.700754840000243, 22.289623290000147 ], [ 73.702628640000199, 22.301852400000087 ], [ 73.715764680000134, 22.306183380000231 ], [ 73.718401680000184, 22.294994040000258 ], [ 73.732830840000162, 22.291987500000186 ], [ 73.728415800000079, 22.338927810000218 ], [ 73.753085160000197, 22.349557170000221 ], [ 73.769792040000169, 22.38652386000015 ], [ 73.76741352000019, 22.392387900000131 ], [ 73.737052200000207, 22.390710840000192 ], [ 73.741190760000151, 22.398019920000099 ], [ 73.732811040000129, 22.418648550000196 ], [ 73.742322600000193, 22.44105621000023 ], [ 73.73620980000014, 22.457293650000263 ], [ 73.72635588000017, 22.456315890000099 ], [ 73.723832640000126, 22.463916750000255 ], [ 73.73326716000021, 22.489356600000175 ], [ 73.730658600000197, 22.514741010000126 ], [ 73.742331240000198, 22.53408921000015 ], [ 73.756930320000208, 22.545945360000228 ], [ 73.813013280000149, 22.549955130000175 ], [ 73.840098240000117, 22.534149330000151 ], [ 73.849429080000149, 22.515405030000178 ], [ 73.883827800000233, 22.504910400000131 ], [ 73.910373480000175, 22.509905040000209 ], [ 73.937064960000086, 22.540008780000107 ], [ 73.972002240000151, 22.541340870000102 ], [ 74.0204294400001, 22.580810100000146 ], [ 74.045612520000276, 22.574919870000219 ], [ 74.059720200000129, 22.560264810000195 ], [ 74.039627160000109, 22.53860856000016 ], [ 74.031411240000139, 22.507020450000102 ], [ 74.035612800000138, 22.491475650000179 ], [ 74.04360912000007, 22.489702740000215 ], [ 74.058197760000098, 22.506817860000126 ], [ 74.080972080000095, 22.505920200000105 ], [ 74.090495880000105, 22.4905720500002 ], [ 74.076382440000131, 22.470284340000244 ], [ 74.105825040000127, 22.462318620000186 ], [ 74.100899880000114, 22.443574500000228 ], [ 74.111487840000251, 22.427348670000267 ], [ 74.127791520000258, 22.423523400000132 ], [ 74.145123360000241, 22.453308630000233 ], [ 74.155530240000132, 22.450625190000249 ], [ 74.159411400000096, 22.435129800000151 ], [ 74.173818240000188, 22.435008660000165 ], [ 74.189431800000122, 22.446320760000258 ], [ 74.186144640000094, 22.46479416000011 ], [ 74.192306400000106, 22.476916890000041 ], [ 74.205512640000165, 22.47355224000027 ], [ 74.204442360000073, 22.440146130000247 ], [ 74.237166720000175, 22.441276080000126 ], [ 74.26131552000021, 22.430269260000156 ], [ 74.283099120000116, 22.399354620000221 ], [ 74.259127080000141, 22.401373500000108 ], [ 74.251648080000209, 22.390102530000132 ], [ 74.227477320000133, 22.381381170000168 ], [ 74.220264360000186, 22.365203400000098 ], [ 74.204151120000134, 22.357733220000096 ], [ 74.188492200000184, 22.324842450000258 ], [ 74.13912000000019, 22.333244400000172 ], [ 74.108754360000205, 22.370463810000228 ], [ 74.073777120000216, 22.354252470000223 ], [ 74.060705160000083, 22.293018540000229 ], [ 74.063652120000199, 22.270236840000155 ], [ 74.088285840000211, 22.24022652000026 ], [ 74.07899784000017, 22.220943930000157 ], [ 74.122196400000234, 22.210452990000238 ], [ 74.125678320000205, 22.174867890000225 ], [ 74.136507480000219, 22.161580830000236 ], [ 74.127602880000097, 22.140056520000105 ], [ 74.130807600000225, 22.10767425000024 ], [ 74.168720640000117, 22.10510691000027 ], [ 74.178176040000153, 22.091304420000089 ], [ 74.163937320000116, 22.083462270000041 ], [ 74.159651520000253, 22.062140820000085 ], [ 74.141713800000218, 22.059532800000124 ], [ 74.13521112000025, 22.043345760000175 ], [ 74.097630720000168, 22.019956380000092 ], [ 74.105859960000174, 22.00762395000022 ], [ 74.143960560000139, 21.9957663600002 ], [ 74.138330520000238, 21.974295150000199 ], [ 74.14604758233348, 21.954097847666841 ], [ 74.046669006000116, 21.922809601000235 ], [ 73.947587159000193, 21.869446406000169 ], [ 73.934053253000215, 21.89097786700027 ], [ 73.914537143000146, 21.898395717000117 ], [ 73.891405440000156, 21.927937140000207 ], [ 73.867947480000083, 21.930081390000165 ], [ 73.856767680000189, 21.953804220000126 ], [ 73.804068000000228, 21.930231330000137 ], [ 73.801831680000106, 21.950848530000087 ], [ 73.789714800000127, 21.932994780000168 ], [ 73.777497120000163, 21.941769330000181 ], [ 73.779384240000155, 21.959681400000218 ], [ 73.770571800000212, 21.964632480000244 ], [ 73.745806320000128, 21.964059180000238 ], [ 73.728455400000158, 21.980934630000124 ], [ 73.694344320000255, 21.977050860000123 ], [ 73.684124640000221, 21.986742420000159 ], [ 73.687353120000182, 22.009555530000167 ], [ 73.678419360000134, 22.006692450000241 ], [ 73.67046300000014, 22.021103250000127 ], [ 73.67495112000023, 22.029187410000215 ], [ 73.66256028000015, 22.031056080000109 ], [ 73.658505600000211, 22.041599310000091 ], [ 73.668314520000195, 22.066586640000139 ], [ 73.651896720000153, 22.059803880000171 ], [ 73.637522280000084, 22.069961010000181 ], [ 73.632076920000188, 22.064652630000257 ], [ 73.625743800000208, 22.073299470000183 ], [ 73.61632980000023, 22.070600190000132 ], [ 73.611650880000155, 22.081553010000164 ], [ 73.579057200000207, 22.05871623000024 ], [ 73.564695, 22.060711980000168 ], [ 73.564904880000213, 22.053742200000091 ], [ 73.546281720000138, 22.045370040000154 ], [ 73.526216400000109, 22.049887230000163 ], [ 73.514261160000189, 22.034296260000151 ], [ 73.501359120000259, 22.035229020000145 ], [ 73.49661864000025, 22.010332410000142 ], [ 73.509986880000199, 21.996807930000227 ], [ 73.498123440000057, 21.960698490000084 ], [ 73.459537920000116, 21.981082680000117 ], [ 73.44436068000023, 21.980436480000119 ], [ 73.439181720000178, 21.971985570000239 ], [ 73.443425760000153, 21.930422310000129 ], [ 73.421858880000229, 21.90840642000018 ], [ 73.360046160000124, 21.93134418000011 ], [ 73.34798832000024, 21.917257920000164 ], [ 73.346843880000222, 21.881769210000133 ], [ 73.332677160000102, 21.874539510000222 ], [ 73.291115160000103, 21.898635930000186 ], [ 73.267252200000087, 21.932543610000142 ], [ 73.239351840000154, 21.931966440000171 ], [ 73.225050480000093, 21.912384870000199 ], [ 73.250942400000113, 21.858718050000146 ], [ 73.24404444000011, 21.841993980000172 ], [ 73.217338200000214, 21.825753030000204 ], [ 73.179185760000237, 21.836703420000124 ], [ 73.125700200000082, 21.881390130000209 ], [ 73.09134504000022, 21.878144730000091 ], [ 73.083393720000117, 21.885756301000246 ], [ 73.057105080000127, 21.886920720000223 ], [ 73.06275528000009, 21.916991790000171 ], [ 73.088015040000215, 21.922904791000118 ], [ 73.089535680000083, 21.932893260000117 ], [ 73.053479520000181, 21.926587500000092 ], [ 73.046899080000159, 21.940086780000232 ], [ 73.033941960000121, 21.924491040000181 ], [ 72.996748920000115, 21.918698280000147 ], [ 72.995997240000094, 21.936342780000249 ], [ 73.011486960000255, 21.946048200000188 ], [ 73.051084080000223, 21.945264300000165 ], [ 73.050999840000173, 21.981445920000152 ], [ 73.068780960000211, 21.989266560000107 ], [ 73.061110080000219, 22.016980081000124 ], [ 73.046047320000213, 22.004177041000215 ], [ 73.021808880000222, 21.998839590000106 ], [ 72.98774280000012, 22.02879924000025 ], [ 72.978022800000218, 22.052243970000116 ], [ 72.958068000000281, 22.046868000000284 ], [ 72.94856040000019, 22.053535110000098 ], [ 72.92764404000026, 22.0435788600001 ], [ 72.920121480000105, 22.06177461000016 ], [ 72.903445560000208, 22.073422950000275 ], [ 72.896548320000264, 22.095080100000207 ], [ 72.881719200000234, 22.094288010000128 ], [ 72.87556824000022, 22.105133280000143 ], [ 72.88468200000024, 22.12116192000013 ], [ 72.864707760000101, 22.155017760000238 ], [ 72.893609640000122, 22.162878630000147 ], [ 72.915800400000151, 22.157129880000202 ], [ 72.934338960000161, 22.16588076000021 ], [ 72.935886240000102, 22.178626290000157 ], [ 72.921921840000209, 22.185399600000142 ], [ 72.886955400000218, 22.174955640000203 ], [ 72.866920680000234, 22.246407360000074 ], [ 72.841647240000228, 22.252412430000089 ], [ 72.837562680000133, 22.276311030000116 ], [ 72.84964428000022, 22.265449560000093 ], [ 72.895938480000083, 22.250947230000182 ], [ 72.915035040000248, 22.270247460000146 ], [ 72.909782640000159, 22.297532220000125 ], [ 72.935357760000073, 22.30711929000022 ], [ 72.944692920000108, 22.300686090000131 ], [ 72.953791560000113, 22.265872110000149 ], [ 72.973168200000188, 22.25425212000016 ], [ 73.009501920000147, 22.268398770000129 ], [ 73.053848520000159, 22.304835990000125 ], [ 73.063034640000112, 22.317732450000126 ], [ 73.045547280000221, 22.360128300000202 ], [ 73.07113788000018, 22.388190480000201 ], [ 73.066883400000236, 22.425154110000232 ], [ 73.091710800000115, 22.45361787000024 ], [ 73.083135240000217, 22.507797780000114 ], [ 73.126974600000182, 22.522724370000223 ], [ 73.150462800000099, 22.588884630000148 ], [ 73.207464480000212, 22.616097570000136 ], [ 73.232178840000145, 22.643822250000188 ], [ 73.264164120000203, 22.662444960000226 ], [ 73.249798680000154, 22.718303820000283 ], [ 73.263650040000115, 22.774368150000111 ], [ 73.35272124000015, 22.794312420000161 ], [ 73.364556600000114, 22.772918790000272 ], [ 73.382091480000199, 22.761182340000151 ], [ 73.380616200000176, 22.801544820000117 ], [ 73.386289080000239, 22.798398780000138 ], [ 73.38695868000022, 22.810797630000177 ] ], [ [ 73.71699192000024, 22.018879890000107 ], [ 73.700513640000182, 22.018635450000222 ], [ 73.697457960000122, 22.006360800000156 ], [ 73.70534736000026, 22.001209110000229 ], [ 73.71699192000024, 22.018879890000107 ] ], [ [ 74.179924920000261, 22.390408440000218 ], [ 74.180167920000116, 22.420294650000148 ], [ 74.164864320000078, 22.420506420000084 ], [ 74.159459640000179, 22.411158930000095 ], [ 74.179924920000261, 22.390408440000218 ] ] ] } },
{ "type": "Feature", "properties": { "district_name": "Narmada", "imd_district": "NARMADA", "cum_actual_mm": 867.4, "cum_normal_mm": 951.6, "cum_dep_pct": -9, "cum_cat": "N", "deficient": false, "within_pc11_mixed": false, "seceded_children": "", "mean_index": 0.3073603078116211, "mean_rainfed": 0.7822347556839071, "n_villages": 559 }, "geometry": { "type": "MultiPolygon", "coordinates": [ [ [ [ 73.71699192000024, 22.018879890000107 ], [ 73.71081216000016, 22.00119147000019 ], [ 73.697457960000122, 22.006360800000156 ], [ 73.700513640000182, 22.018635450000222 ], [ 73.71699192000024, 22.018879890000107 ] ] ], [ [ [ 73.61632980000023, 22.070600190000132 ], [ 73.625743800000208, 22.073299470000183 ], [ 73.632557520000162, 22.064569290000112 ], [ 73.637522280000084, 22.069961010000181 ], [ 73.651444920000259, 22.059804240000201 ], [ 73.668314520000195, 22.066586640000139 ], [ 73.658505600000211, 22.041599310000091 ], [ 73.66256028000015, 22.031056080000109 ], [ 73.67495112000023, 22.029187410000215 ], [ 73.67046300000014, 22.021103250000127 ], [ 73.678419360000134, 22.006692450000241 ], [ 73.687353120000182, 22.009555530000167 ], [ 73.684124640000221, 21.986742420000159 ], [ 73.694344320000255, 21.977050860000123 ], [ 73.728455400000158, 21.980934630000124 ], [ 73.745806320000128, 21.964059180000238 ], [ 73.770571800000212, 21.964632480000244 ], [ 73.779384240000155, 21.959681400000218 ], [ 73.777497120000163, 21.941769330000181 ], [ 73.789714800000127, 21.932994780000168 ], [ 73.801831680000106, 21.950848530000087 ], [ 73.804068000000228, 21.930231330000137 ], [ 73.856767680000189, 21.953804220000126 ], [ 73.867947480000083, 21.930081390000165 ], [ 73.891405440000156, 21.927937140000207 ], [ 73.914537143000146, 21.898395717000117 ], [ 73.934053253000215, 21.89097786700027 ], [ 73.947587159000193, 21.869446406000169 ], [ 73.899513245000065, 21.854490280000103 ], [ 73.879600525000143, 21.838640213000147 ], [ 73.841522217000076, 21.838500977000084 ], [ 73.810516357000139, 21.823337555000098 ], [ 73.813568115000137, 21.810119629000145 ], [ 73.832107544000124, 21.810850143000103 ], [ 73.835670471000142, 21.793479919000134 ], [ 73.84496307400012, 21.790681839000168 ], [ 73.838378906000145, 21.78413009600013 ], [ 73.841293335000145, 21.768650055000148 ], [ 73.831207275000153, 21.762889862000144 ], [ 73.896362305000125, 21.700281143000087 ], [ 73.898101807000089, 21.667270660000113 ], [ 73.885627747000129, 21.64505958600018 ], [ 73.870269775000125, 21.638790131000139 ], [ 73.860252380000119, 21.641847610000163 ], [ 73.845237732000101, 21.633159637000119 ], [ 73.829032898000108, 21.639789581000144 ], [ 73.787612915000125, 21.62504959100011 ], [ 73.80683898900017, 21.602371216000147 ], [ 73.823150635000118, 21.600679398000143 ], [ 73.845031738000117, 21.521568298000158 ], [ 73.860786438000076, 21.495822906000182 ], [ 73.882568359000118, 21.509782791000152 ], [ 73.903602600000113, 21.508752823000108 ], [ 73.910476685000091, 21.520170212000121 ], [ 73.933776855000161, 21.523590088000109 ], [ 73.939407349000092, 21.510110855000118 ], [ 73.957283020000048, 21.516471863000096 ], [ 73.966316223000064, 21.539070129000091 ], [ 73.974456787000108, 21.524080276000166 ], [ 73.988885611000157, 21.522264807000145 ], [ 73.97750415100009, 21.491307524000145 ], [ 73.987338060000098, 21.480566931000176 ], [ 73.969007486000166, 21.463061192000097 ], [ 73.873181520000159, 21.450653460000122 ], [ 73.83405780000011, 21.42252612000015 ], [ 73.818835560000139, 21.40007499000016 ], [ 73.802502000000146, 21.409342920000139 ], [ 73.743669000000125, 21.409046370000116 ], [ 73.700679960000087, 21.39182109000015 ], [ 73.693507320000094, 21.395681640000184 ], [ 73.694034, 21.427900110000174 ], [ 73.675466640000167, 21.474080550000128 ], [ 73.64924172000012, 21.479725890000132 ], [ 73.611060840000093, 21.473115480000125 ], [ 73.59575544000009, 21.485974140000106 ], [ 73.562550480000183, 21.477270780000122 ], [ 73.53121464000013, 21.480529950000136 ], [ 73.478777040000082, 21.498441210000106 ], [ 73.483692840000131, 21.514198140000172 ], [ 73.468031400000058, 21.511787040000161 ], [ 73.46396628000015, 21.523334040000151 ], [ 73.439044920000143, 21.537317430000112 ], [ 73.437901920000158, 21.55746159000018 ], [ 73.471775400000126, 21.595905540000125 ], [ 73.470797280000113, 21.609502200000151 ], [ 73.480448880000125, 21.61285542000013 ], [ 73.479811320000138, 21.631879350000148 ], [ 73.486755360000117, 21.637765170000065 ], [ 73.47525192000009, 21.647991960000155 ], [ 73.476285840000116, 21.66278490000013 ], [ 73.50126012000014, 21.681823860000147 ], [ 73.473998760000057, 21.720753450000128 ], [ 73.436713560000072, 21.70958778000016 ], [ 73.431200160000145, 21.716108460000115 ], [ 73.410559200000179, 21.710213550000155 ], [ 73.39212540000014, 21.718148400000146 ], [ 73.406778480000085, 21.735633960000154 ], [ 73.407516120000111, 21.749452740000084 ], [ 73.361613240000111, 21.802379130000158 ], [ 73.334388600000139, 21.815801550000156 ], [ 73.33987428000016, 21.820808970000137 ], [ 73.333080000000123, 21.834362250000126 ], [ 73.302443280000091, 21.83184171000012 ], [ 73.300347720000076, 21.892111830000125 ], [ 73.326906720000139, 21.875724360000202 ], [ 73.342618920000234, 21.876901110000222 ], [ 73.34918568000019, 21.921057180000101 ], [ 73.363731480000226, 21.932460720000211 ], [ 73.398738240000171, 21.911670450000241 ], [ 73.421858880000229, 21.90840642000018 ], [ 73.443425760000153, 21.930422310000129 ], [ 73.439181720000178, 21.971985570000239 ], [ 73.44436068000023, 21.980436480000119 ], [ 73.459537920000116, 21.981082680000117 ], [ 73.498123440000057, 21.960698490000084 ], [ 73.509986880000199, 21.996807930000227 ], [ 73.49661864000025, 22.010332410000142 ], [ 73.501359120000259, 22.035229020000145 ], [ 73.514261160000189, 22.034296260000151 ], [ 73.526216400000109, 22.049887230000163 ], [ 73.546281720000138, 22.045370040000154 ], [ 73.564904880000213, 22.053742200000091 ], [ 73.564695, 22.060711980000168 ], [ 73.579057200000207, 22.05871623000024 ], [ 73.611207000000206, 22.081513050000144 ], [ 73.61632980000023, 22.070600190000132 ] ] ] ] } },
{ "type": "Feature", "properties": { "district_name": "Bharuch", "imd_district": "BHARUCH", "cum_actual_mm": 747.6, "cum_normal_mm": 655.9, "cum_dep_pct": 14, "cum_cat": "N", "deficient": false, "within_pc11_mixed": false, "seceded_children": "", "mean_index": 0.31865678327366342, "mean_rainfed": 0.72176775886097966, "n_villages": 658 }, "geometry": { "type": "MultiPolygon", "coordinates": [ [ [ [ 72.540558720000121, 21.616358760000097 ], [ 72.532859401000081, 21.625046280000102 ], [ 72.542140560000092, 21.627226440000189 ], [ 72.540558720000121, 21.616358760000097 ] ] ], [ [ [ 72.563494320000146, 21.631813560000122 ], [ 72.603024480000073, 21.631768110000092 ], [ 72.597618360000155, 21.599208630000131 ], [ 72.56392920000016, 21.605681520000129 ], [ 72.563494320000146, 21.631813560000122 ] ] ], [ [ [ 72.752864760000108, 21.664258290000181 ], [ 72.771112800000139, 21.652317630000127 ], [ 72.756265680000126, 21.646751310000177 ], [ 72.751611600000061, 21.636282510000136 ], [ 72.782251200000161, 21.656529000000145 ], [ 72.813216240000088, 21.648010320000076 ], [ 72.811753920000157, 21.616052490000158 ], [ 72.768921120000158, 21.612611430000193 ], [ 72.752902560000123, 21.626816310000095 ], [ 72.74853432000009, 21.621205260000174 ], [ 72.760886280000165, 21.610808010000103 ], [ 72.742791960000048, 21.606665490000186 ], [ 72.741971520000121, 21.62179800000019 ], [ 72.736542000000114, 21.605812110000098 ], [ 72.698007600000054, 21.593333340000196 ], [ 72.689886000000158, 21.564017820000146 ], [ 72.638151480000118, 21.537557460000166 ], [ 72.608066280000145, 21.559880790000062 ], [ 72.606626280000114, 21.594727080000141 ], [ 72.618521760000149, 21.642497190000086 ], [ 72.648442440000096, 21.650349780000109 ], [ 72.666834120000118, 21.634938 ], [ 72.673912440000109, 21.640763790000104 ], [ 72.664747200000107, 21.647462130000104 ], [ 72.678641400000146, 21.652736580000152 ], [ 72.724070880000141, 21.650192370000141 ], [ 72.752864760000108, 21.664258290000181 ] ] ], [ [ [ 72.58093812000007, 21.64912605000011 ], [ 72.563253120000169, 21.647878380000172 ], [ 72.589913281000165, 21.66571602000009 ], [ 72.590002200000143, 21.662496990000111 ], [ 72.58093812000007, 21.64912605000011 ] ] ], [ [ [ 72.522824040000117, 22.17175326000018 ], [ 72.538815240000105, 22.142349810000137 ], [ 72.527246640000115, 22.111594650000075 ], [ 72.497910601000143, 22.096912050000171 ], [ 72.48700620000011, 22.087404540000087 ], [ 72.490452120000128, 22.082437890000104 ], [ 72.4682764800001, 22.075633080000088 ], [ 72.467593200000152, 22.085849520000121 ], [ 72.484703280000176, 22.103831520000082 ], [ 72.516037320000166, 22.120203420000138 ], [ 72.523526040000107, 22.140798930000159 ], [ 72.512411401000094, 22.121065530000148 ], [ 72.492464520000098, 22.110884730000134 ], [ 72.513982080000119, 22.132278270000104 ], [ 72.509552280000051, 22.146146910000073 ], [ 72.504582480000167, 22.128960600000134 ], [ 72.481499280000108, 22.120657740000158 ], [ 72.461565, 22.09828140000014 ], [ 72.456316201000121, 22.130223930000124 ], [ 72.466112160000179, 22.147617240000137 ], [ 72.475590600000075, 22.155083550000086 ], [ 72.476115120000131, 22.133136780000083 ], [ 72.513973440000115, 22.166673210000141 ], [ 72.524654640000136, 22.160312640000111 ], [ 72.522824040000117, 22.17175326000018 ] ] ], [ [ [ 72.865642320000163, 22.24870452000016 ], [ 72.888243840000072, 22.173799770000134 ], [ 72.921921840000209, 22.185399600000142 ], [ 72.935886240000102, 22.178626290000157 ], [ 72.934338960000161, 22.16588076000021 ], [ 72.915800400000151, 22.157129880000202 ], [ 72.893609640000122, 22.162878630000147 ], [ 72.864582840000253, 22.15344123000018 ], [ 72.88468200000024, 22.12116192000013 ], [ 72.876090240000252, 22.10817699000027 ], [ 72.879365880000208, 22.097107080000232 ], [ 72.896548320000264, 22.095080100000207 ], [ 72.903445560000208, 22.073422950000275 ], [ 72.920121480000105, 22.06177461000016 ], [ 72.927381960000076, 22.043817990000168 ], [ 72.94856040000019, 22.053535110000098 ], [ 72.958068000000281, 22.046868000000284 ], [ 72.977565600000233, 22.052512530000133 ], [ 72.98774280000012, 22.02879924000025 ], [ 73.022584680000108, 21.998595420000154 ], [ 73.061636400000239, 22.015762200000164 ], [ 73.068780960000211, 21.989266560000107 ], [ 73.050999840000173, 21.981445920000152 ], [ 73.051084080000223, 21.945264300000165 ], [ 73.011486960000255, 21.946048200000188 ], [ 72.995997240000094, 21.936342780000249 ], [ 72.997333920000202, 21.918071880000188 ], [ 73.033941960000121, 21.924491040000181 ], [ 73.044891720000166, 21.93977412000012 ], [ 73.053479520000181, 21.926587500000092 ], [ 73.089535680000083, 21.932893260000117 ], [ 73.088015040000215, 21.922904791000118 ], [ 73.06275528000009, 21.916991790000171 ], [ 73.057105080000127, 21.886920720000223 ], [ 73.083393720000117, 21.885756301000246 ], [ 73.09134504000022, 21.878144730000091 ], [ 73.125700200000082, 21.881390130000209 ], [ 73.179185760000237, 21.836703420000124 ], [ 73.211623920000108, 21.824949330000141 ], [ 73.24404444000011, 21.841993980000172 ], [ 73.250942400000113, 21.858718050000146 ], [ 73.231213320000194, 21.889764180000125 ], [ 73.22580900000014, 21.918041460000158 ], [ 73.239351840000154, 21.931966440000171 ], [ 73.264217760000193, 21.934216530000182 ], [ 73.301254200000116, 21.890404620000091 ], [ 73.302443280000091, 21.83184171000012 ], [ 73.333080000000123, 21.834362250000126 ], [ 73.33987428000016, 21.820808970000137 ], [ 73.334388600000139, 21.815801550000156 ], [ 73.361613240000111, 21.802379130000158 ], [ 73.40507136000015, 21.753830340000089 ], [ 73.40914836000016, 21.742082370000169 ], [ 73.39212540000014, 21.718148400000146 ], [ 73.410559200000179, 21.710213550000155 ], [ 73.431200160000145, 21.716108460000115 ], [ 73.436713560000072, 21.70958778000016 ], [ 73.474815600000142, 21.720169260000109 ], [ 73.501895520000133, 21.679104240000189 ], [ 73.476285840000116, 21.66278490000013 ], [ 73.47525192000009, 21.647991960000155 ], [ 73.486755360000117, 21.637765170000065 ], [ 73.479811320000138, 21.631879350000148 ], [ 73.480448880000125, 21.61285542000013 ], [ 73.470797280000113, 21.609502200000151 ], [ 73.471775400000126, 21.595905540000125 ], [ 73.43703828000011, 21.555182070000132 ], [ 73.439044920000143, 21.537317430000112 ], [ 73.449470160000132, 21.527791740000122 ], [ 73.419588, 21.525173280000097 ], [ 73.40097888000011, 21.512232450000155 ], [ 73.379222640000151, 21.519499320000122 ], [ 73.342281240000091, 21.517243290000152 ], [ 73.322203680000115, 21.497511600000106 ], [ 73.301095440000125, 21.511804500000096 ], [ 73.263582720000144, 21.51273834000018 ], [ 73.243105200000116, 21.497433120000096 ], [ 73.182174120000127, 21.511569690000119 ], [ 73.166504760000123, 21.500053920000138 ], [ 73.138236480000117, 21.50266815000008 ], [ 73.11464100000012, 21.492218520000115 ], [ 73.107496800000092, 21.50283204000014 ], [ 73.096104960000147, 21.503832930000087 ], [ 73.095770520000102, 21.51205263000011 ], [ 73.072267200000098, 21.514262580000086 ], [ 73.069907760000092, 21.551298840000175 ], [ 73.049434920000095, 21.572596800000142 ], [ 73.031046120000141, 21.539715030000071 ], [ 73.050930360000109, 21.509192970000111 ], [ 73.049113440000141, 21.489988050000129 ], [ 73.022094720000069, 21.48989409000017 ], [ 73.012793760000108, 21.501338580000116 ], [ 73.014010200000129, 21.529718910000149 ], [ 72.999207, 21.532402620000067 ], [ 72.992047680000056, 21.543248160000193 ], [ 72.987931440000096, 21.521078280000115 ], [ 72.949038120000097, 21.509384670000074 ], [ 72.953912880000118, 21.491762490000131 ], [ 72.931957560000114, 21.47309514000013 ], [ 72.916247881000146, 21.42307656000013 ], [ 72.897851880000118, 21.439261620000092 ], [ 72.887523120000125, 21.428130060000104 ], [ 72.886301280000097, 21.445907040000154 ], [ 72.881500321000061, 21.433567500000137 ], [ 72.867191400000166, 21.444543900000166 ], [ 72.845475121000135, 21.426473790000109 ], [ 72.837714600000183, 21.408689970000115 ], [ 72.81289188100007, 21.407235840000148 ], [ 72.806034601000164, 21.445313760000094 ], [ 72.788173921000109, 21.434383080000117 ], [ 72.760703298000124, 21.458610023000134 ], [ 72.724689251000058, 21.451173994000115 ], [ 72.697004250000177, 21.423572994000082 ], [ 72.672434280000104, 21.414660390000105 ], [ 72.668330280000177, 21.448210319000125 ], [ 72.752247360000084, 21.555420570000148 ], [ 72.789012720000144, 21.590726399000147 ], [ 72.826108200000164, 21.61064601000011 ], [ 72.831641002000183, 21.644689120000169 ], [ 72.805955040000143, 21.665540881000076 ], [ 72.773997480000077, 21.669758731000098 ], [ 72.739472940500107, 21.689606025000117 ], [ 72.705000600000105, 21.677215140000115 ], [ 72.670488378689086, 21.685856545223768 ], [ 72.655806960000149, 21.67938990000011 ], [ 72.597681000000179, 21.680257230000109 ], [ 72.537970321000103, 21.643485570000152 ], [ 72.514047960000156, 21.653686980000096 ], [ 72.506546640000153, 21.69087525000015 ], [ 72.521146440000123, 21.720704130000133 ], [ 72.519621120000139, 21.741110730000155 ], [ 72.532386, 21.782367090000097 ], [ 72.604592460000134, 21.914329635000083 ], [ 72.618890040000068, 21.921704640000115 ], [ 72.612000360000138, 21.941327430000122 ], [ 72.625455000000144, 21.950099730000126 ], [ 72.670023720000145, 21.955794750000155 ], [ 72.689218560000086, 21.968234550000119 ], [ 72.712339920000119, 21.954131190000179 ], [ 72.728481240000093, 21.956170680000174 ], [ 72.70705116000012, 21.964904280000084 ], [ 72.71327520000014, 21.986964720000167 ], [ 72.6924711610001, 21.971053621000134 ], [ 72.64283616000013, 21.966375780000156 ], [ 72.609388201000101, 21.942981090000167 ], [ 72.596695320000066, 21.927128220000156 ], [ 72.57007044100007, 21.920604300000111 ], [ 72.549080640000113, 21.925992510000157 ], [ 72.554822280000081, 21.917059650000102 ], [ 72.594250561000123, 21.918883860000136 ], [ 72.59558400000013, 21.909689280000187 ], [ 72.572140800000128, 21.879837540000089 ], [ 72.535827241000149, 21.881754090000126 ], [ 72.530476560000096, 21.895378110000106 ], [ 72.564085620000128, 21.906940725000144 ], [ 72.523685880000102, 21.899342970000156 ], [ 72.501563160000103, 21.909219030000092 ], [ 72.487344961000161, 21.93624819000015 ], [ 72.476796961000147, 22.004487991000186 ], [ 72.500283000000138, 22.020242760000073 ], [ 72.498360960000099, 22.049640000000135 ], [ 72.487894680000082, 22.031684010000106 ], [ 72.474290640000078, 22.040737110000162 ], [ 72.518032800000171, 22.0868261100001 ], [ 72.50069844000015, 22.090398390000175 ], [ 72.523247041000118, 22.100434740000139 ], [ 72.535412880000152, 22.118309280000179 ], [ 72.543237840000103, 22.1537977200001 ], [ 72.537401521000106, 22.169451510000158 ], [ 72.549163800000059, 22.184825130000128 ], [ 72.533963161000102, 22.183854570000115 ], [ 72.590194800000091, 22.221196020000143 ], [ 72.749363031000087, 22.209885839000119 ], [ 72.83656116000013, 22.276530810000093 ], [ 72.840863880000072, 22.253224230000111 ], [ 72.865642320000163, 22.24870452000016 ] ] ] ] } },
{ "type": "Feature", "properties": { "district_name": "The Dangs", "imd_district": "DANGS", "cum_actual_mm": 2352.3, "cum_normal_mm": 2042.7, "cum_dep_pct": 15, "cum_cat": "N", "deficient": false, "within_pc11_mixed": false, "seceded_children": "", "mean_index": 0.12435283145489695, "mean_rainfed": 0.97140322005636259, "n_villages": 310 }, "geometry": { "type": "MultiPolygon", "coordinates": [ [ [ [ 73.545760800000323, 21.007822410000415 ], [ 73.571662440000466, 21.009882780000396 ], [ 73.594170360000419, 20.993467320000377 ], [ 73.588482360000341, 20.964270690000262 ], [ 73.600209360000406, 20.954442420000305 ], [ 73.616483520000259, 20.975835510000252 ], [ 73.615157280000346, 20.988747360000275 ], [ 73.64381976000044, 20.969863200000475 ], [ 73.662232320000328, 21.000393810000389 ], [ 73.680954840000425, 20.993549670000448 ], [ 73.758439264000287, 20.999676895000334 ], [ 73.796345353000447, 20.982445083000471 ], [ 73.799933983000358, 20.960338247000266 ], [ 73.817462160000332, 20.948110560000259 ], [ 73.829839734000359, 20.953526816000419 ], [ 73.86975630000029, 20.947720343000412 ], [ 73.878520680000349, 20.93427891000033 ], [ 73.891579320000289, 20.935703520000402 ], [ 73.920326233000367, 20.911230087000263 ], [ 73.931037903000401, 20.885917664000317 ], [ 73.931060791000391, 20.848390579000295 ], [ 73.945098877000305, 20.840131760000418 ], [ 73.947608948000266, 20.829399109000292 ], [ 73.938346863000334, 20.76078987100027 ], [ 73.947181702000421, 20.760780334000458 ], [ 73.949531555000419, 20.742309570000373 ], [ 73.920906067000374, 20.72352981600028 ], [ 73.885566711000422, 20.729610443000411 ], [ 73.863601685000447, 20.694299698000293 ], [ 73.842758179000327, 20.702119827000274 ], [ 73.822647095000434, 20.693820953000397 ], [ 73.825431824000361, 20.673618317000376 ], [ 73.84150695800048, 20.675138474000278 ], [ 73.845352173000379, 20.667070389000401 ], [ 73.84641265900035, 20.623519897000335 ], [ 73.838287354000329, 20.615760803000342 ], [ 73.805961609000462, 20.601520538000443 ], [ 73.787055969000448, 20.602258682000411 ], [ 73.748207092000314, 20.5673599240003 ], [ 73.701019287000292, 20.578380585000275 ], [ 73.665840149000303, 20.56281089800035 ], [ 73.634483337000404, 20.582290649000299 ], [ 73.622192383000367, 20.625299454000412 ], [ 73.584182739000312, 20.647899628000403 ], [ 73.562942505000422, 20.647390366000366 ], [ 73.538375854000378, 20.673860550000256 ], [ 73.517807007000329, 20.670141220000346 ], [ 73.498435974000472, 20.653419495000321 ], [ 73.487411499000359, 20.675550461000341 ], [ 73.497291565000353, 20.686019897000278 ], [ 73.46583252000039, 20.741387400000463 ], [ 73.492194240000401, 20.755961190000335 ], [ 73.485770040000375, 20.79310428000025 ], [ 73.502599320000343, 20.817389340000375 ], [ 73.505593440000439, 20.847534030000418 ], [ 73.491908400000398, 20.862591570000347 ], [ 73.499466240000459, 20.875316220000343 ], [ 73.489617000000351, 20.891106720000323 ], [ 73.490545800000461, 20.909628180000311 ], [ 73.515243960000475, 20.934723960000383 ], [ 73.532602800000348, 20.934383850000302 ], [ 73.527153120000321, 20.943742950000342 ], [ 73.536969600000361, 20.949018300000375 ], [ 73.544937120000384, 20.971515600000373 ], [ 73.545760800000323, 21.007822410000415 ] ] ], [ [ [ 73.811295511000367, 21.058546862000412 ], [ 73.800066600000378, 21.047127631000308 ], [ 73.814626120000298, 21.02533593200036 ], [ 73.836656145000291, 21.012980689000301 ], [ 73.843282048000219, 20.993490764000171 ], [ 73.850128174000417, 21.001419067000256 ], [ 73.856680428000402, 20.997926950000419 ], [ 73.845802401000299, 20.989855969000416 ], [ 73.800386983000351, 20.999937809000414 ], [ 73.795528493000347, 21.019755280000311 ], [ 73.771008556000425, 21.012769480000316 ], [ 73.775093943000286, 21.023454607000417 ], [ 73.767340533000436, 21.038104028000419 ], [ 73.74351770300035, 21.044694367000261 ], [ 73.745602097000301, 21.077745563000406 ], [ 73.791480960000399, 21.06477417400032 ], [ 73.809192273000406, 21.079096286000322 ], [ 73.811295511000367, 21.058546862000412 ] ] ] ] } },
{ "type": "Feature", "properties": { "district_name": "Navsari", "imd_district": "NAVSARI", "cum_actual_mm": 2261.7, "cum_normal_mm": 1674.4, "cum_dep_pct": 35, "cum_cat": "E", "deficient": false, "within_pc11_mixed": false, "seceded_children": "", "mean_index": 0.50706464378418092, "mean_rainfed": 0.51213529630220467, "n_villages": 380 }, "geometry": { "type": "Polygon", "coordinates": [ [ [ 72.793814760000103, 21.071981250000203 ], [ 72.815029200000168, 21.051449371000118 ], [ 72.825133321000152, 21.055994730000148 ], [ 72.843050880000106, 21.045674880000085 ], [ 72.834048000000124, 21.034040221000126 ], [ 72.847570680000146, 21.029805721000148 ], [ 72.873172800000177, 21.052415970000069 ], [ 72.888244920000062, 21.04649136000014 ], [ 72.890489160000129, 21.058057441000198 ], [ 72.913855320000067, 21.039955560000177 ], [ 72.925473240000059, 21.041977950000089 ], [ 72.922429440000101, 21.051415891000101 ], [ 72.960633, 21.067781850000198 ], [ 72.971941680000128, 21.060696510000152 ], [ 73.007888040000097, 21.068616420000151 ], [ 73.015957440000122, 21.057378750000176 ], [ 73.001982240000132, 21.036584880000174 ], [ 73.004160240000132, 21.025157670000148 ], [ 73.0207008000001, 21.020991300000123 ], [ 73.059264000000141, 20.97793044000009 ], [ 73.082842560000159, 20.967191280000151 ], [ 73.089410400000105, 20.939160420000167 ], [ 73.120395240000079, 20.92353777000011 ], [ 73.124957520000095, 20.902146120000118 ], [ 73.168219080000114, 20.903180760000104 ], [ 73.184383800000091, 20.889968490000175 ], [ 73.197162720000136, 20.863553400000121 ], [ 73.24565976000018, 20.851344000000125 ], [ 73.243238760000153, 20.831610240000085 ], [ 73.253349360000129, 20.822907150000123 ], [ 73.301016600000182, 20.818399410000097 ], [ 73.311281280000117, 20.847935160000162 ], [ 73.301550840000147, 20.853100260000133 ], [ 73.305271800000099, 20.88021528000019 ], [ 73.312859880000175, 20.884189950000163 ], [ 73.334126160000096, 20.863196370000068 ], [ 73.346081760000132, 20.864036700000142 ], [ 73.353944520000113, 20.84726970000008 ], [ 73.38244752000017, 20.824940520000144 ], [ 73.396410840000073, 20.828523240000106 ], [ 73.445623920000131, 20.811099960000099 ], [ 73.501299000000159, 20.819764440000153 ], [ 73.485770040000133, 20.793104280000072 ], [ 73.492194240000103, 20.755961190000114 ], [ 73.466348040000128, 20.742912540000134 ], [ 73.472709178000116, 20.720565430000136 ], [ 73.447296143000102, 20.70111084000019 ], [ 73.456542969000111, 20.693399429000124 ], [ 73.45288085900016, 20.683000565000096 ], [ 73.439918518000127, 20.664840698000074 ], [ 73.401580811000088, 20.649209976000147 ], [ 73.418460187000122, 20.625727313000162 ], [ 73.394501874000127, 20.617071350000103 ], [ 73.365731280000134, 20.619125010000115 ], [ 73.32825384000013, 20.598940350000159 ], [ 73.317651840000082, 20.604537090000139 ], [ 73.312231680000153, 20.595913920000129 ], [ 73.265955120000143, 20.583065970000145 ], [ 73.210821120000119, 20.602227240000158 ], [ 73.189404720000113, 20.591084070000097 ], [ 73.142990280000078, 20.60606772000013 ], [ 73.126406880000104, 20.599581060000148 ], [ 73.101958200000126, 20.604960900000123 ], [ 73.094022000000109, 20.59629084000014 ], [ 73.069480800000122, 20.59951680000016 ], [ 73.060138080000087, 20.632402350000188 ], [ 73.067408280000151, 20.653094340000109 ], [ 73.035827280000049, 20.662169130000095 ], [ 73.025696880000126, 20.674466550000091 ], [ 73.039974120000153, 20.684844360000152 ], [ 73.042291800000072, 20.700644580000159 ], [ 73.001882880000082, 20.718297810000095 ], [ 72.996588360000061, 20.73634821000012 ], [ 72.974611080000102, 20.744362890000144 ], [ 72.955603440000104, 20.719211490000198 ], [ 72.929669760000181, 20.735505450000112 ], [ 72.882449280000145, 20.734215390000131 ], [ 72.823845960000128, 20.794686301000141 ], [ 72.815783760000073, 20.836239661000143 ], [ 72.784233721000149, 20.902971151000081 ], [ 72.781353361000129, 20.932778070000111 ], [ 72.808730820500173, 20.937258855000128 ], [ 72.826287120000131, 20.954494981000103 ], [ 72.813145320000174, 20.952898830000198 ], [ 72.813678840000179, 20.958957090000172 ], [ 72.806408641000104, 20.96399358000016 ], [ 72.810522721000069, 20.95155405000013 ], [ 72.781432921000132, 20.938202820000161 ], [ 72.76728636000017, 20.920209750000083 ], [ 72.733479120000183, 20.995966531000086 ], [ 72.723491641000166, 21.044290861000146 ], [ 72.741332160000155, 21.059652690000117 ], [ 72.764570160000147, 21.056888566000207 ], [ 72.793814760000103, 21.071981250000203 ] ] ] } },
{ "type": "Feature", "properties": { "district_name": "Valsad", "imd_district": "VALSAD", "cum_actual_mm": 2738.3, "cum_normal_mm": 1900.2, "cum_dep_pct": 44, "cum_cat": "E", "deficient": false, "within_pc11_mixed": false, "seceded_children": "", "mean_index": 0.28900418209806827, "mean_rainfed": 0.8329396131940795, "n_villages": 451 }, "geometry": { "type": "MultiPolygon", "coordinates": [ [ [ [ 73.001923857001088, 20.235589674001005 ], [ 73.012012772001071, 20.226928436001117 ], [ 73.00183978300106, 20.213766844001043 ], [ 72.980509150932448, 20.216472797386302 ], [ 72.980318351001188, 20.229450664001092 ], [ 73.001923857001088, 20.235589674001005 ] ] ], [ [ [ 72.884335320000275, 20.644852860000185 ], [ 72.880681680000123, 20.64079863000029 ], [ 72.876669120000145, 20.650216590000241 ], [ 72.884335320000275, 20.644852860000185 ] ] ], [ [ [ 72.857570400000156, 20.739052080000135 ], [ 72.929669760000309, 20.735505450000119 ], [ 72.955603440000232, 20.719211490000248 ], [ 72.974024280000265, 20.744275680000158 ], [ 72.996338880000224, 20.736569340000244 ], [ 73.001882880000096, 20.718297810000138 ], [ 73.044850320000251, 20.698198830000138 ], [ 73.025696880000169, 20.674466550000091 ], [ 73.035827280000092, 20.662169130000109 ], [ 73.067408280000279, 20.653094340000109 ], [ 73.060138080000229, 20.632402350000291 ], [ 73.069728480000208, 20.599357680000139 ], [ 73.094022000000166, 20.596290840000279 ], [ 73.10195820000024, 20.604960900000151 ], [ 73.126406880000218, 20.599581060000162 ], [ 73.142990280000106, 20.606067720000226 ], [ 73.189404720000141, 20.591084070000193 ], [ 73.210821120000048, 20.602227240000275 ], [ 73.265955120000172, 20.583065970000064 ], [ 73.312231680000195, 20.595913920000157 ], [ 73.31765184000011, 20.604537090000235 ], [ 73.328253840000173, 20.598940350000078 ], [ 73.365731280000261, 20.619125010000232 ], [ 73.394501874000241, 20.617071350000117 ], [ 73.418460187000051, 20.625727313000198 ], [ 73.430786133000311, 20.620531082000241 ], [ 73.440361023000094, 20.59511947600015 ], [ 73.48081970200019, 20.583599091000224 ], [ 73.481796265000071, 20.543359756000143 ], [ 73.500740051000037, 20.54024124100016 ], [ 73.472267151000153, 20.514049530000079 ], [ 73.475936890000128, 20.495019913000249 ], [ 73.449012756000172, 20.466699600000084 ], [ 73.429740906000234, 20.414390564000144 ], [ 73.391349792000597, 20.390199661000622 ], [ 73.391578674000868, 20.37289047200062 ], [ 73.41478729200071, 20.381570816000647 ], [ 73.436943054000892, 20.282121658000619 ], [ 73.424621582000668, 20.276830673000632 ], [ 73.420410156000742, 20.256999969000674 ], [ 73.426826477000759, 20.201570511000796 ], [ 73.398078918000635, 20.196001053000543 ], [ 73.3952865600005, 20.209169388000589 ], [ 73.37632751500081, 20.205320358000449 ], [ 73.374313354000492, 20.192659378000542 ], [ 73.3647995000008, 20.200998306000429 ], [ 73.367599487000746, 20.213371277000533 ], [ 73.352851868000585, 20.198471069000675 ], [ 73.311149597000451, 20.20721054100062 ], [ 73.294059753000965, 20.193861008000681 ], [ 73.29363250700095, 20.153881073000775 ], [ 73.268463135000843, 20.139289856000971 ], [ 73.259523558000751, 20.124668470000699 ], [ 73.238121033000311, 20.1281108860004 ], [ 73.235488892000603, 20.140991211000255 ], [ 73.221488953000517, 20.120798111000454 ], [ 73.200691223000604, 20.129699707000668 ], [ 73.19609832800063, 20.156112671000642 ], [ 73.222099304000835, 20.171421051000721 ], [ 73.229156494000847, 20.184299469000678 ], [ 73.209930420000603, 20.197351456000661 ], [ 73.181137085000785, 20.202400208000597 ], [ 73.180175781000628, 20.208608627000842 ], [ 73.168952942000658, 20.199689865000607 ], [ 73.142181396000865, 20.204389572000707 ], [ 73.152381897000623, 20.176059723000662 ], [ 73.135826111000938, 20.172319412000718 ], [ 73.128028870000662, 20.157119751000664 ], [ 73.105140686000652, 20.159969330000649 ], [ 73.096160889000828, 20.174240112000859 ], [ 73.082443237000916, 20.156589508000593 ], [ 73.072448730000758, 20.163450241000987 ], [ 73.07435607900095, 20.192520142000774 ], [ 73.064239502000987, 20.203161240000668 ], [ 73.070365906000916, 20.221450806000689 ], [ 73.081878662000634, 20.232812881000655 ], [ 73.110466003000852, 20.232130051000638 ], [ 73.108520508000709, 20.238550186000623 ], [ 73.136848450000684, 20.260469437000665 ], [ 73.146286011000939, 20.280530930000623 ], [ 73.153556824000759, 20.277019501000609 ], [ 73.161293030000706, 20.291791916000875 ], [ 73.169097900000736, 20.282318115000635 ], [ 73.179542542000945, 20.289861679000751 ], [ 73.177101135000612, 20.312322617000746 ], [ 73.1613998410009, 20.317190170000686 ], [ 73.141792297000734, 20.317461014000742 ], [ 73.134292603000688, 20.30532836900079 ], [ 73.112869263000732, 20.304941177000728 ], [ 73.121459961000994, 20.336429596000812 ], [ 73.10338592500068, 20.360361099000897 ], [ 73.090896606000911, 20.326839447000907 ], [ 73.05047607400013, 20.322998047000112 ], [ 73.044166565000239, 20.291112900000087 ], [ 73.026519775000111, 20.294120789000203 ], [ 73.019836426000211, 20.317398071000241 ], [ 73.020492554000157, 20.290901184000177 ], [ 72.990463257000215, 20.292089462000263 ], [ 72.984092712000233, 20.271680832000243 ], [ 72.945976257000098, 20.29343032800017 ], [ 72.924591064000197, 20.278659821000304 ], [ 72.923751831000118, 20.268199921000246 ], [ 72.94084930400021, 20.246820450000143 ], [ 72.969627380000247, 20.233940125000117 ], [ 72.975433350000174, 20.219200134000289 ], [ 72.96924591100003, 20.210910797000167 ], [ 72.928428650000114, 20.22336959800009 ], [ 72.874542236000195, 20.225809097000251 ], [ 72.87200164800015, 20.208240509000234 ], [ 72.850288391000277, 20.207941055000106 ], [ 72.844139099000188, 20.197790146000159 ], [ 72.849670410000044, 20.1892509460003 ], [ 72.835533142000202, 20.1876602170002 ], [ 72.828842163000218, 20.156570435000162 ], [ 72.835342407000155, 20.144641876000208 ], [ 72.815856934000067, 20.153280258000166 ], [ 72.802062988000216, 20.148469925000143 ], [ 72.801849365000237, 20.125019073000146 ], [ 72.737777112500169, 20.136516315000165 ], [ 72.750399169000048, 20.202390155000217 ], [ 72.738083160000201, 20.246317740000279 ], [ 72.773407440000142, 20.354062770000155 ], [ 72.804242880000288, 20.374903440000196 ], [ 72.82292364000017, 20.368079550000289 ], [ 72.842895360000227, 20.376059130000272 ], [ 72.881328600000188, 20.37194154000025 ], [ 72.89840772000025, 20.381554170000186 ], [ 72.885351600000149, 20.397426390000192 ], [ 72.902898000000164, 20.407516650000161 ], [ 72.903220560000193, 20.415169260000255 ], [ 72.894893400000228, 20.421719370000233 ], [ 72.87180120000022, 20.413830510000139 ], [ 72.858596040000293, 20.418775740000228 ], [ 72.874913400000196, 20.445299370000271 ], [ 72.887430600000243, 20.437817760000144 ], [ 72.893909520000193, 20.443078350000178 ], [ 72.885807360000058, 20.460081690000152 ], [ 72.85352724000029, 20.460675240000285 ], [ 72.859244760000308, 20.481417990000182 ], [ 72.879844320000302, 20.499772590000248 ], [ 72.875036520000037, 20.516595750000079 ], [ 72.881899920000194, 20.536141680000298 ], [ 72.874093320000156, 20.545263180000234 ], [ 72.890765280000096, 20.581101901000181 ], [ 72.881271360000255, 20.639307780000195 ], [ 72.885683160000042, 20.6384734800003 ], [ 72.885970800000223, 20.653421309000294 ], [ 72.879817680000031, 20.658398760000068 ], [ 72.884535840000183, 20.648952721000228 ], [ 72.876622320000195, 20.652827310000248 ], [ 72.874129320000122, 20.648649510000268 ], [ 72.865234800000167, 20.655857250000111 ], [ 72.828935640000225, 20.768146021000121 ], [ 72.857570400000156, 20.739052080000135 ] ], [ [ 72.984108666000111, 20.298631646000104 ], [ 72.991845848000082, 20.322251907000236 ], [ 72.982695400000239, 20.334464492000222 ], [ 72.961711200000195, 20.33461638000017 ], [ 72.956192349000048, 20.314723209000249 ], [ 72.984108666000111, 20.298631646000104 ] ] ] ] } },
{ "type": "Feature", "properties": { "district_name": "Surat", "imd_district": "SURAT", "cum_actual_mm": 1467.1, "cum_normal_mm": 1177.5, "cum_dep_pct": 25, "cum_cat": "E", "deficient": false, "within_pc11_mixed": false, "seceded_children": "", "mean_index": 0.34233686970074934, "mean_rainfed": 0.35079470607662766, "n_villages": 705 }, "geometry": { "type": "MultiPolygon", "coordinates": [ [ [ [ 72.667185479000139, 21.121756920000177 ], [ 72.666371520000112, 21.131592481000137 ], [ 72.672255360000136, 21.135028410000121 ], [ 72.672461640000151, 21.132017280000113 ], [ 72.667185479000139, 21.121756920000177 ] ] ], [ [ [ 72.671091120000085, 21.128339341000178 ], [ 72.698893920000117, 21.138353281000153 ], [ 72.686437200000086, 21.098755261000111 ], [ 72.671091120000085, 21.128339341000178 ] ] ], [ [ [ 72.667092960000119, 21.136497211000147 ], [ 72.671986079000149, 21.151961010000118 ], [ 72.684914399000121, 21.150347850000138 ], [ 72.677170080000081, 21.142738080000132 ], [ 72.667092960000119, 21.136497211000147 ] ] ], [ [ [ 72.751499280000104, 21.171637351000115 ], [ 72.771687359000154, 21.172558950000163 ], [ 72.765612360000134, 21.161636371000146 ], [ 72.750670920000132, 21.156393690000151 ], [ 72.751499280000104, 21.171637351000115 ] ] ], [ [ [ 73.053781560000118, 21.570191550000171 ], [ 73.069907760000092, 21.551298840000175 ], [ 73.072267200000098, 21.514262580000086 ], [ 73.095770520000102, 21.51205263000011 ], [ 73.096104960000147, 21.503832930000087 ], [ 73.107496800000092, 21.50283204000014 ], [ 73.11464100000012, 21.492218520000115 ], [ 73.138236480000117, 21.50266815000008 ], [ 73.166504760000123, 21.500053920000138 ], [ 73.182174120000127, 21.511569690000119 ], [ 73.243105200000116, 21.497433120000096 ], [ 73.263582720000144, 21.51273834000018 ], [ 73.301095440000125, 21.511804500000096 ], [ 73.322203680000115, 21.497511600000106 ], [ 73.342281240000091, 21.517243290000152 ], [ 73.379222640000151, 21.519499320000122 ], [ 73.40097888000011, 21.512232450000155 ], [ 73.419588, 21.525173280000097 ], [ 73.457436960000095, 21.527809470000079 ], [ 73.468031400000058, 21.511787040000161 ], [ 73.483692840000131, 21.514198140000172 ], [ 73.478777040000082, 21.498441210000106 ], [ 73.53121464000013, 21.480529950000136 ], [ 73.562550480000183, 21.477270780000122 ], [ 73.59575544000009, 21.485974140000106 ], [ 73.611060840000093, 21.473115480000125 ], [ 73.64924172000012, 21.479725890000132 ], [ 73.674872280000102, 21.474327330000119 ], [ 73.688909040000127, 21.444141420000172 ], [ 73.692139320000152, 21.400734240000173 ], [ 73.700679960000087, 21.39182109000015 ], [ 73.675475280000086, 21.381319890000093 ], [ 73.612834920000154, 21.372056640000146 ], [ 73.591443720000115, 21.360874770000169 ], [ 73.538781480000139, 21.363525990000152 ], [ 73.529662320000128, 21.359051730000143 ], [ 73.527794640000138, 21.344565870000174 ], [ 73.514577960000111, 21.353764590000111 ], [ 73.509899040000121, 21.373522830000134 ], [ 73.456947720000116, 21.38022495000018 ], [ 73.436913360000162, 21.337742880000164 ], [ 73.447621920000145, 21.323973240000125 ], [ 73.449924480000149, 21.28352967000011 ], [ 73.443488760000122, 21.267017370000161 ], [ 73.398775680000071, 21.281796720000166 ], [ 73.371689640000099, 21.273313410000181 ], [ 73.364447520000141, 21.264513030000163 ], [ 73.374259680000122, 21.243750930000125 ], [ 73.368642600000143, 21.226931640000089 ], [ 73.334231640000112, 21.220168950000183 ], [ 73.285205760000096, 21.196822770000121 ], [ 73.287003960000106, 21.158997840000147 ], [ 73.274591520000101, 21.134389950000141 ], [ 73.253292840000071, 21.11882643000018 ], [ 73.228456440000073, 21.135144510000135 ], [ 73.230141960000182, 21.11805378000011 ], [ 73.248937920000074, 21.11713443000016 ], [ 73.255215600000085, 21.094440120000122 ], [ 73.231140600000117, 21.09169170000018 ], [ 73.202986800000176, 21.075900300000104 ], [ 73.200245400000114, 21.053923020000152 ], [ 73.214297640000083, 21.041820360000106 ], [ 73.20486888000012, 21.027322800000146 ], [ 73.207099440000107, 21.012980940000102 ], [ 73.239568920000082, 20.992480830000158 ], [ 73.209406320000113, 20.957337990000145 ], [ 73.254318480000109, 20.947162860000155 ], [ 73.261861200000084, 20.922587730000107 ], [ 73.288681560000086, 20.930852070000181 ], [ 73.315511640000111, 20.902242690000115 ], [ 73.316432520000092, 20.882450070000178 ], [ 73.305271800000099, 20.88021528000019 ], [ 73.3014374400001, 20.854218330000094 ], [ 73.310905080000083, 20.845698120000165 ], [ 73.295025480000078, 20.814740550000142 ], [ 73.252412280000129, 20.823306390000116 ], [ 73.243238760000153, 20.831610240000085 ], [ 73.24565976000018, 20.851344000000125 ], [ 73.197162720000136, 20.863553400000121 ], [ 73.184383800000091, 20.889968490000175 ], [ 73.168219080000114, 20.903180760000104 ], [ 73.124957520000095, 20.902146120000118 ], [ 73.120395240000079, 20.92353777000011 ], [ 73.089410400000105, 20.939160420000167 ], [ 73.082842560000159, 20.967191280000151 ], [ 73.059264000000141, 20.97793044000009 ], [ 73.0207008000001, 21.020991300000123 ], [ 73.004160240000132, 21.025157670000148 ], [ 73.001982240000132, 21.036584880000174 ], [ 73.015957440000122, 21.057378750000176 ], [ 73.005093360000146, 21.069859860000182 ], [ 72.971941680000128, 21.060696510000152 ], [ 72.960633, 21.067781850000198 ], [ 72.922429440000101, 21.051415891000101 ], [ 72.925473240000059, 21.041977950000089 ], [ 72.913855320000067, 21.039955560000177 ], [ 72.890489160000129, 21.058057441000198 ], [ 72.888244920000062, 21.04649136000014 ], [ 72.873172800000177, 21.052415970000069 ], [ 72.847570680000146, 21.029805721000148 ], [ 72.834048000000124, 21.034040221000126 ], [ 72.843050880000106, 21.045674880000085 ], [ 72.825133321000152, 21.055994730000148 ], [ 72.814088160000111, 21.051909900000119 ], [ 72.794444811319309, 21.071971208348426 ], [ 72.763175520000118, 21.056579821000152 ], [ 72.713790359000129, 21.069483661000142 ], [ 72.694915920000042, 21.061270801000152 ], [ 72.68879555900017, 21.087970200000104 ], [ 72.701276760000098, 21.104380801000165 ], [ 72.705463560000126, 21.127045410000143 ], [ 72.714175919000141, 21.128836051000153 ], [ 72.711428040000072, 21.137247721000161 ], [ 72.746532720000118, 21.143706390000137 ], [ 72.789882120000144, 21.177567001000106 ], [ 72.788305551500116, 21.184696651500133 ], [ 72.751240800000119, 21.174431401000103 ], [ 72.73695924000009, 21.144552840000184 ], [ 72.721274040000182, 21.141761131000123 ], [ 72.680689080000107, 21.157164990000108 ], [ 72.665938440000076, 21.153520890000131 ], [ 72.656579520000122, 21.120722010000168 ], [ 72.663570359000161, 21.10055508000017 ], [ 72.652731840000087, 21.076233840000167 ], [ 72.621999, 21.083792940000066 ], [ 72.614576520000128, 21.103607880000073 ], [ 72.607512960000108, 21.185533981000091 ], [ 72.621446040000166, 21.175812990000107 ], [ 72.615971879000114, 21.1696308910001 ], [ 72.627357780000096, 21.16734021050015 ], [ 72.630493920000148, 21.17383501600014 ], [ 72.60884280000009, 21.188914380000099 ], [ 72.609539040000143, 21.212473050000067 ], [ 72.642223440000137, 21.212153280000166 ], [ 72.655045988710782, 21.231524770283936 ], [ 72.623843641000136, 21.240472320000102 ], [ 72.630191521000086, 21.261538259000144 ], [ 72.617190121000107, 21.256627680000182 ], [ 72.62357220000014, 21.249302850000127 ], [ 72.607314601000127, 21.237373440000116 ], [ 72.602303041000155, 21.262792500000092 ], [ 72.608295961000152, 21.286932210000085 ], [ 72.617063040000161, 21.28892949000014 ], [ 72.604799640000138, 21.313956060000148 ], [ 72.634836601000103, 21.36294045000011 ], [ 72.664002720000141, 21.366873539000107 ], [ 72.673206120000117, 21.354607080000097 ], [ 72.670569481000086, 21.37040775000014 ], [ 72.634344121000126, 21.372378390000122 ], [ 72.637405921000067, 21.382318440000113 ], [ 72.691690321000152, 21.418428060000092 ], [ 72.724689251000058, 21.451173994000115 ], [ 72.760703298000124, 21.458610023000134 ], [ 72.788173921000109, 21.434383080000117 ], [ 72.806034601000164, 21.445313760000094 ], [ 72.81289188100007, 21.407235840000148 ], [ 72.837714600000183, 21.408689970000115 ], [ 72.845475121000135, 21.426473790000109 ], [ 72.867191400000166, 21.444543900000166 ], [ 72.881500321000061, 21.433567500000137 ], [ 72.886301280000097, 21.445907040000154 ], [ 72.887523120000125, 21.428130060000104 ], [ 72.897851880000118, 21.439261620000092 ], [ 72.916247881000146, 21.42307656000013 ], [ 72.931957560000114, 21.47309514000013 ], [ 72.953912880000118, 21.491762490000131 ], [ 72.949038120000097, 21.509384670000074 ], [ 72.987931440000096, 21.521078280000115 ], [ 72.992047680000056, 21.543248160000193 ], [ 72.999207, 21.532402620000067 ], [ 73.014010200000129, 21.529718910000149 ], [ 73.012793760000108, 21.501338580000116 ], [ 73.022094720000069, 21.48989409000017 ], [ 73.049113440000141, 21.489988050000129 ], [ 73.050930360000109, 21.509192970000111 ], [ 73.031046120000141, 21.539715030000071 ], [ 73.042829280000134, 21.555233460000121 ], [ 73.042199640000078, 21.567203550000123 ], [ 73.053781560000118, 21.570191550000171 ] ] ] ] } },
{ "type": "Feature", "properties": { "district_name": "Tapi", "imd_district": "TAPI", "cum_actual_mm": 1323.9, "cum_normal_mm": 1274.5, "cum_dep_pct": 4, "cum_cat": "N", "deficient": false, "within_pc11_mixed": false, "seceded_children": "", "mean_index": 0.44907070586369358, "mean_rainfed": 0.64107827182529509, "n_villages": 453 }, "geometry": { "type": "Polygon", "coordinates": [ [ [ 74.309097290000182, 21.567321777000245 ], [ 74.315818787000239, 21.543170929000212 ], [ 74.335517883000136, 21.540229797000222 ], [ 74.327720642000088, 21.495750427000246 ], [ 74.307762146000186, 21.480119705000163 ], [ 74.268379211000081, 21.474739075000286 ], [ 74.251686096000299, 21.46286964400025 ], [ 74.238731384000062, 21.478412628000228 ], [ 74.227096558000198, 21.479158401000177 ], [ 74.220657349000248, 21.458778381000229 ], [ 74.185539246000076, 21.467021942000088 ], [ 74.156486511000253, 21.453130722000196 ], [ 74.128921509000179, 21.463520050000056 ], [ 74.122459412000069, 21.450700760000245 ], [ 74.10898590100021, 21.448022842000171 ], [ 74.07814788800016, 21.457811356000263 ], [ 74.067161560000272, 21.481931686000223 ], [ 74.048545837000177, 21.419429779000211 ], [ 74.015792847000228, 21.417980194000279 ], [ 73.968696594000164, 21.392061234000153 ], [ 73.952842712000233, 21.402370453000231 ], [ 73.957008362000124, 21.344451904000209 ], [ 73.948486328000229, 21.297550201000263 ], [ 73.891990662000239, 21.262411118000273 ], [ 73.832138062000297, 21.267450333000227 ], [ 73.83634948700012, 21.242340088000105 ], [ 73.820137024000303, 21.221860886000115 ], [ 73.818778992000205, 21.203859329000238 ], [ 73.821342468000239, 21.195320129000152 ], [ 73.835906982000211, 21.195180893000213 ], [ 73.822547913000221, 21.171920776000036 ], [ 73.796310425000172, 21.18173027000006 ], [ 73.783660889000203, 21.16506004300021 ], [ 73.741622925000229, 21.16711044300024 ], [ 73.747970581000175, 21.151531219000276 ], [ 73.736686707000217, 21.138280869000141 ], [ 73.717071533000308, 21.141740799000047 ], [ 73.713195801000097, 21.150461197000197 ], [ 73.681312561000084, 21.152120590000095 ], [ 73.636398315000179, 21.132659912000179 ], [ 73.637451172000169, 21.153139114000169 ], [ 73.619697571000188, 21.157949448000295 ], [ 73.613166809000063, 21.176059723000094 ], [ 73.588302612000234, 21.167900085000156 ], [ 73.58879852300015, 21.154190063000215 ], [ 73.611473083000078, 21.154460907000214 ], [ 73.629013147000023, 21.14167752800023 ], [ 73.623596191000217, 21.137990952000223 ], [ 73.628723145000208, 21.120149612000148 ], [ 73.657730103000063, 21.121049881000147 ], [ 73.659942627000135, 21.108379364000086 ], [ 73.693389893000187, 21.100990295000258 ], [ 73.710586548000094, 21.119022369000277 ], [ 73.714782715000297, 21.107191086000171 ], [ 73.738891602000308, 21.101329803000283 ], [ 73.752609253000116, 21.114089966000279 ], [ 73.739067078000232, 21.094839096000101 ], [ 73.745214910000186, 21.041899668000212 ], [ 73.767340533000038, 21.038104028000191 ], [ 73.775093943000115, 21.02345460700019 ], [ 73.771008556000083, 21.012769480000145 ], [ 73.796196986000155, 21.01952255200024 ], [ 73.80086153100018, 20.999680645000296 ], [ 73.83672150100017, 20.988523680000242 ], [ 73.856680428000232, 20.997926950000249 ], [ 73.906448364000255, 20.983150482000269 ], [ 73.915382385000214, 20.964820862000181 ], [ 73.901786804000039, 20.96170043900014 ], [ 73.896339417000036, 20.933000565000157 ], [ 73.878520680000179, 20.93427891000016 ], [ 73.867101115000253, 20.948310515000173 ], [ 73.829839734000188, 20.953526816000249 ], [ 73.817462160000161, 20.948110560000259 ], [ 73.799933983000187, 20.960338247000266 ], [ 73.796345353000049, 20.982445083000073 ], [ 73.758439264000117, 20.999676895000164 ], [ 73.680954840000254, 20.99354967000005 ], [ 73.662232320000157, 21.000393810000219 ], [ 73.64381976000027, 20.969863200000077 ], [ 73.615157280000176, 20.988747360000275 ], [ 73.616483520000088, 20.975835510000252 ], [ 73.598210280000217, 20.954775150000103 ], [ 73.588482360000171, 20.964270690000092 ], [ 73.592865360000076, 20.995022520000248 ], [ 73.571662440000068, 21.009882780000225 ], [ 73.547180280000191, 21.00897099000025 ], [ 73.544937120000213, 20.971515600000203 ], [ 73.536969600000191, 20.949018300000205 ], [ 73.527153120000094, 20.943742950000171 ], [ 73.532602800000177, 20.934383850000302 ], [ 73.515243960000078, 20.934723960000213 ], [ 73.490545800000064, 20.909628180000141 ], [ 73.489617000000123, 20.891106720000153 ], [ 73.499466240000061, 20.875316220000116 ], [ 73.491908400000227, 20.86259157000012 ], [ 73.505593440000098, 20.84753403000019 ], [ 73.501299000000188, 20.819764440000256 ], [ 73.44562392000006, 20.811099960000149 ], [ 73.368526680000286, 20.832078960000274 ], [ 73.346081760000175, 20.864036700000156 ], [ 73.320224760000201, 20.873150280000175 ], [ 73.315511640000125, 20.902242690000151 ], [ 73.290950280000061, 20.929263930000161 ], [ 73.261861200000226, 20.922587730000203 ], [ 73.254318480000165, 20.947162860000162 ], [ 73.20961224000007, 20.956950450000193 ], [ 73.239568920000124, 20.992480830000261 ], [ 73.20709944000015, 21.012980940000205 ], [ 73.204868880000163, 21.027322800000263 ], [ 73.214297640000098, 21.041820360000202 ], [ 73.200245400000085, 21.05392302000007 ], [ 73.202986800000247, 21.075900300000228 ], [ 73.231140600000174, 21.091691700000297 ], [ 73.255215600000156, 21.094440120000172 ], [ 73.248937920000117, 21.117134430000078 ], [ 73.23014196000031, 21.118053780000139 ], [ 73.228456440000116, 21.135144510000259 ], [ 73.253292840000199, 21.118826430000297 ], [ 73.274591520000115, 21.134389950000184 ], [ 73.28700396000022, 21.158997840000154 ], [ 73.28520576000011, 21.19682277000004 ], [ 73.334231640000041, 21.2201689500003 ], [ 73.368642600000271, 21.226931640000089 ], [ 73.374259680000137, 21.243750930000147 ], [ 73.364447520000112, 21.264513030000273 ], [ 73.37168964000017, 21.273313410000299 ], [ 73.398775680000199, 21.281796720000216 ], [ 73.44348876000015, 21.26701737000019 ], [ 73.449924480000277, 21.283529670000235 ], [ 73.447621920000188, 21.323973240000043 ], [ 73.436913360000233, 21.337742880000178 ], [ 73.456947720000187, 21.380224950000297 ], [ 73.509899040000164, 21.373522830000184 ], [ 73.514577960000224, 21.353764590000139 ], [ 73.527794640000252, 21.344565870000224 ], [ 73.535046480000233, 21.362512320000235 ], [ 73.591443720000257, 21.360874770000294 ], [ 73.612834920000182, 21.372056640000153 ], [ 73.675475280000228, 21.3813198900001 ], [ 73.743669000000182, 21.409046370000226 ], [ 73.802502000000118, 21.409342920000256 ], [ 73.818835560000252, 21.400074990000292 ], [ 73.834057800000153, 21.422526120000157 ], [ 73.87318152000023, 21.45065346000024 ], [ 73.918968120000159, 21.451714200000254 ], [ 73.97229989400023, 21.465877091000152 ], [ 73.987338060000127, 21.480566931000226 ], [ 73.977504151000119, 21.491307524000263 ], [ 73.988885611000171, 21.522264807000283 ], [ 73.983520508000083, 21.542041779000215 ], [ 74.005340576000208, 21.540769577000106 ], [ 74.025558472000228, 21.552619934000177 ], [ 74.047149658000194, 21.549680710000189 ], [ 74.069206238000163, 21.559509277000245 ], [ 74.135200500000224, 21.55688095100021 ], [ 74.145828247000168, 21.550340652000216 ], [ 74.180816650000281, 21.561838150000142 ], [ 74.205238342000143, 21.529211044000249 ], [ 74.239196777000132, 21.550291061000109 ], [ 74.254966736000142, 21.536460876000035 ], [ 74.269241333000195, 21.535369873000093 ], [ 74.291709900000228, 21.55878067000009 ], [ 74.309097290000182, 21.567321777000245 ] ] ] } }
]
}
